{"loss": [0.1613278090953827, 0.056971121579408646, 0.03907284513115883, 0.026715612038969994, 0.02022964134812355, 0.01288437470793724, 0.01048512477427721, 0.007111846935003996, 0.006565478164702654, 0.005995399318635464, 0.004985931795090437, 0.0033845508005470037, 0.004591098986566067, 0.00228123483248055, 0.0029935305938124657, 0.0022463572677224874, 0.0022571345325559378, 0.002113252878189087, 0.002311245771124959, 0.0018435503588989377], "accuracy": [0.951366662979126, 0.9830166697502136, 0.9869833588600159, 0.9916499853134155, 0.9934499859809875, 0.9959499835968018, 0.996649980545044, 0.9977999925613403, 0.997866690158844, 0.9979166388511658, 0.9982666373252869, 0.9989833235740662, 0.998449981212616, 0.9993166923522949, 0.9989666938781738, 0.9991833567619324, 0.9993166923522949, 0.9992499947547913, 0.9992166757583618, 0.9994000196456909], "val_loss": [0.07619152218103409, 0.0470062717795372, 0.05304863303899765, 0.04779917746782303, 0.03988342359662056, 0.04421316459774971, 0.048907939344644547, 0.05096069350838661, 0.06616420298814774, 0.06626390665769577, 0.05465225875377655, 0.06687819957733154, 0.0666024386882782, 0.0779619887471199, 0.0785018801689148, 0.0714094266295433, 0.08012347668409348, 0.07664863020181656, 0.07168068736791611, 0.08915434032678604], "val_accuracy": [0.9753999710083008, 0.9847000241279602, 0.9812999963760376, 0.9847999811172485, 0.9868999719619751, 0.9865000247955322, 0.98580002784729, 0.9872999787330627, 0.9846000075340271, 0.9851999878883362, 0.9864000082015991, 0.9851999878883362, 0.98580002784729, 0.9847000241279602, 0.9854999780654907, 0.9868999719619751, 0.9868000149726868, 0.9879999756813049, 0.9884999990463257, 0.9857000112533569]}