{"loss": [0.5009377002716064, 0.30997422337532043, 0.2904977798461914, 0.28132131695747375, 0.27549585700035095, 0.27171993255615234, 0.2695108652114868, 0.26750537753105164, 0.26597121357917786, 0.264717698097229], "accuracy": [0.8704833388328552, 0.9127333164215088, 0.9186833500862122, 0.9222833514213562, 0.9243000149726868, 0.9253000020980835, 0.9264333248138428, 0.9278166890144348, 0.9280333518981934, 0.9287499785423279], "val_loss": [0.31650152802467346, 0.28825634717941284, 0.2796766757965088, 0.27449271082878113, 0.274941086769104, 0.27089592814445496, 0.2723292112350464, 0.27430808544158936, 0.27482864260673523, 0.27700772881507874], "val_accuracy": [0.9114999771118164, 0.9190999865531921, 0.9230999946594238, 0.9232000112533569, 0.9254999756813049, 0.9265999794006348, 0.9258000254631042, 0.9248999953269958, 0.9271000027656555, 0.9247000217437744]}