{"loss": [0.20200933516025543, 0.09206978231668472, 0.0708063393831253, 0.06027461215853691, 0.04977363348007202, 0.04728284478187561, 0.04000570997595787, 0.035689033567905426, 0.03319381922483444, 0.03210043907165527], "accuracy": [0.9385666847229004, 0.9735666513442993, 0.9804666638374329, 0.9845666885375977, 0.9877833127975464, 0.9885166883468628, 0.9904666543006897, 0.9916666746139526, 0.9921500086784363, 0.9929666519165039], "val_loss": [0.0976303443312645, 0.1012774109840393, 0.0899142399430275, 0.09357601404190063, 0.11200163513422012, 0.11531378328800201, 0.13488002121448517, 0.16182616353034973, 0.16395044326782227, 0.18105867505073547], "val_accuracy": [0.9700000286102295, 0.9711999893188477, 0.9771000146865845, 0.9810000061988831, 0.9790999889373779, 0.9799000024795532, 0.9800999760627747, 0.977400004863739, 0.9775000214576721, 0.9801999926567078]}