{"loss": [0.35794347524642944, 0.30661705136299133, 0.3023352324962616, 0.2974829077720642, 0.2916105389595032, 0.29161500930786133, 0.2894856333732605, 0.2834617495536804, 0.28618770837783813, 0.2859276831150055], "accuracy": [0.8981000185012817, 0.9147499799728394, 0.9172833561897278, 0.9190666675567627, 0.9199833273887634, 0.9206500053405762, 0.9206333160400391, 0.9228000044822693, 0.9226833581924438, 0.922166645526886], "val_loss": [0.30846333503723145, 0.3043307065963745, 0.32337486743927, 0.3085489869117737, 0.3175550401210785, 0.3455541431903839, 0.36351004242897034, 0.3330751359462738, 0.3403911590576172, 0.3390963673591614], "val_accuracy": [0.9133999943733215, 0.9186000227928162, 0.9140999913215637, 0.9211999773979187, 0.9175999760627747, 0.9122999906539917, 0.9078999757766724, 0.9158999919891357, 0.9154000282287598, 0.9175000190734863]}