{"loss": [0.16902193427085876, 0.07420647889375687, 0.0595880001783371, 0.052477940917015076, 0.04708145931363106, 0.04358343407511711, 0.042287588119506836, 0.04025176912546158, 0.035700298845767975, 0.03367931768298149], "accuracy": [0.9482499957084656, 0.9781166911125183, 0.9830666780471802, 0.9856166839599609, 0.9867833256721497, 0.9882000088691711, 0.9883999824523926, 0.9896500110626221, 0.9907000064849854, 0.9915000200271606], "val_loss": [0.06900404393672943, 0.06701356172561646, 0.06794989854097366, 0.06083177030086517, 0.0658039003610611, 0.1070641353726387, 0.11308399587869644, 0.08826686441898346, 0.09923481196165085, 0.1362554132938385], "val_accuracy": [0.9782000184059143, 0.9799000024795532, 0.9796000123023987, 0.98089998960495, 0.9811999797821045, 0.9760000109672546, 0.977400004863739, 0.9812999963760376, 0.9797000288963318, 0.98089998960495]}