{"loss": [1.5987067222595215, 1.547611951828003, 1.519394874572754, 1.5198439359664917, 1.5330708026885986, 1.524706482887268, 1.5252209901809692, 1.5210466384887695, 1.5341910123825073, 1.5127708911895752, 1.5214217901229858, 1.5121779441833496, 1.5153926610946655, 1.5271340608596802, 1.5094980001449585, 1.533846139907837, 1.5204254388809204, 1.5283567905426025, 1.5320191383361816, 1.5297276973724365], "accuracy": [0.8505333065986633, 0.8784499764442444, 0.8822000026702881, 0.8845999836921692, 0.8876833319664001, 0.8883000016212463, 0.8879166841506958, 0.8913999795913696, 0.8900333046913147, 0.8921666741371155, 0.8916500210762024, 0.8918166756629944, 0.8927666544914246, 0.8927333354949951, 0.8933500051498413, 0.8942833542823792, 0.8944166898727417, 0.8942999839782715, 0.8955833315849304, 0.8949499726295471], "val_loss": [1.3941574096679688, 1.6850947141647339, 1.9550107717514038, 1.361526608467102, 1.922347903251648, 1.8846986293792725, 1.5456719398498535, 1.6960500478744507, 1.5128759145736694, 1.9886807203292847, 1.5691980123519897, 1.7889814376831055, 1.775705099105835, 1.529170274734497, 2.2634551525115967, 1.6847623586654663, 1.7130427360534668, 1.9653888940811157, 2.011563777923584, 1.6956902742385864], "val_accuracy": [0.8877999782562256, 0.8812999725341797, 0.8482000231742859, 0.9085999727249146, 0.8608999848365784, 0.8578000068664551, 0.8985999822616577, 0.88919997215271, 0.9072999954223633, 0.8758000135421753, 0.8944000005722046, 0.8845000267028809, 0.8855000138282776, 0.902400016784668, 0.8629000186920166, 0.8924000263214111, 0.8938000202178955, 0.8859000205993652, 0.8863000273704529, 0.8931999802589417]}