{"loss": [1.9414700269699097, 1.9136855602264404, 1.9165844917297363, 1.9371976852416992, 1.9183818101882935, 1.9218127727508545, 1.9402319192886353, 1.9602457284927368, 1.9547613859176636, 1.9752976894378662, 1.9664641618728638, 1.9535439014434814, 1.9680007696151733, 1.977883219718933, 2.0050835609436035, 1.9637532234191895, 2.0053093433380127, 2.00940203666687, 1.9892936944961548, 2.0092878341674805], "accuracy": [0.8530499935150146, 0.8802000284194946, 0.8842999935150146, 0.8863833546638489, 0.8886666893959045, 0.8893333077430725, 0.8896666765213013, 0.8913833498954773, 0.8904333114624023, 0.89205002784729, 0.8927500247955322, 0.8907999992370605, 0.8942499756813049, 0.8942000269889832, 0.8929166793823242, 0.8945500254631042, 0.8933166861534119, 0.8938999772071838, 0.8950333595275879, 0.8947499990463257], "val_loss": [2.34087872505188, 1.8119767904281616, 1.8193070888519287, 1.8409210443496704, 2.155076742172241, 2.4326462745666504, 1.9627715349197388, 2.1746292114257812, 1.859511137008667, 2.0857725143432617, 2.2494559288024902, 2.205089569091797, 2.2353875637054443, 2.264411687850952, 2.242077112197876, 2.6022274494171143, 1.9819687604904175, 2.771178722381592, 2.1565074920654297, 2.674211025238037], "val_accuracy": [0.8510000109672546, 0.8996000289916992, 0.8963000178337097, 0.9003000259399414, 0.871999979019165, 0.8604000210762024, 0.8919000029563904, 0.8870999813079834, 0.9038000106811523, 0.8985999822616577, 0.8827000260353088, 0.8898000121116638, 0.8847000002861023, 0.8956000208854675, 0.8873000144958496, 0.8773999810218811, 0.9071000218391418, 0.8705000281333923, 0.8989999890327454, 0.8809999823570251]}