{"loss": [0.16018682718276978, 0.07485098391771317, 0.05800086259841919, 0.04862707108259201, 0.041676197201013565, 0.03769158199429512, 0.032720185816287994, 0.030412103980779648, 0.028133369982242584, 0.02988351695239544], "accuracy": [0.9520000219345093, 0.977566659450531, 0.9819999933242798, 0.9842833280563354, 0.9868166446685791, 0.98826664686203, 0.9893500208854675, 0.9910833239555359, 0.9920666813850403, 0.991266667842865], "val_loss": [0.09306816756725311, 0.070199154317379, 0.09155578166246414, 0.08437389880418777, 0.08439383655786514, 0.08697632700204849, 0.09763011336326599, 0.10383891314268112, 0.13681107759475708, 0.14816072583198547], "val_accuracy": [0.9718999862670898, 0.9789999723434448, 0.9760000109672546, 0.977400004863739, 0.9768999814987183, 0.9785000085830688, 0.9796000123023987, 0.9793000221252441, 0.9768999814987183, 0.9721999764442444]}