{"loss": [0.14441519975662231, 0.053888700902462006, 0.03492376580834389, 0.02249503694474697, 0.017537148669362068, 0.010963364504277706, 0.00914707500487566, 0.006024658679962158, 0.006751507520675659, 0.004764611832797527], "accuracy": [0.956849992275238, 0.9833333492279053, 0.9888666868209839, 0.9929999709129333, 0.994183361530304, 0.996399998664856, 0.9971333146095276, 0.9980000257492065, 0.9976333379745483, 0.9985666871070862], "val_loss": [0.06467767804861069, 0.04959909990429878, 0.04800679162144661, 0.048237528651952744, 0.0435432568192482, 0.04274933040142059, 0.05565696954727173, 0.0581001453101635, 0.06327777355909348, 0.05080568045377731], "val_accuracy": [0.9783999919891357, 0.9836999773979187, 0.9828000068664551, 0.984499990940094, 0.9865999817848206, 0.986299991607666, 0.9861999750137329, 0.9853000044822693, 0.9850000143051147, 0.9872999787330627]}