{"loss": [0.17350637912750244, 0.05888477340340614, 0.039939574897289276, 0.02960425242781639, 0.021482152864336967, 0.015480482019484043, 0.012032318860292435, 0.009414847008883953, 0.006864497903734446, 0.006278004962950945], "accuracy": [0.9496166706085205, 0.9820500016212463, 0.987500011920929, 0.9910500049591064, 0.9935500025749207, 0.9949833154678345, 0.9963333606719971, 0.996749997138977, 0.99795001745224, 0.998033344745636], "val_loss": [0.0680524930357933, 0.05145302042365074, 0.04569392651319504, 0.043462831526994705, 0.0492372140288353, 0.04157458245754242, 0.046212125569581985, 0.054275993257761, 0.04711010307073593, 0.05146699771285057], "val_accuracy": [0.9771000146865845, 0.982699990272522, 0.9846000075340271, 0.9846000075340271, 0.982699990272522, 0.9854000210762024, 0.9861000180244446, 0.9835000038146973, 0.986299991607666, 0.9854999780654907]}