{"loss": [0.40021559596061707, 0.1643722951412201, 0.15102262794971466, 0.14111334085464478, 0.13465724885463715, 0.12994422018527985, 0.1276995986700058, 0.1273345649242401, 0.1247076764702797, 0.1177709698677063, 0.12015259265899658, 0.11539967358112335, 0.1223774328827858, 0.11055856943130493, 0.1207178458571434, 0.11506076902151108, 0.11540986597537994, 0.1216348260641098, 0.10599159449338913, 0.11195576190948486], "accuracy": [0.8866000175476074, 0.9503666758537292, 0.9544333219528198, 0.9586833119392395, 0.9602500200271606, 0.9614666700363159, 0.9631666541099548, 0.964033305644989, 0.9642000198364258, 0.9667999744415283, 0.9665833115577698, 0.9673333168029785, 0.9662500023841858, 0.9689000248908997, 0.9666500091552734, 0.9690666794776917, 0.9675833582878113, 0.9678000211715698, 0.9710833430290222, 0.9698500037193298], "val_loss": [0.20145298540592194, 0.12899689376354218, 0.13684232532978058, 0.12267357110977173, 0.15203627943992615, 0.13634388148784637, 0.12224384397268295, 0.23237499594688416, 0.14131666719913483, 0.14756307005882263, 0.13903193175792694, 0.1446940004825592, 0.1342436820268631, 0.15866275131702423, 0.14469024538993835, 0.14410704374313354, 0.15052352845668793, 0.16268619894981384, 0.14014066755771637, 0.15129001438617706], "val_accuracy": [0.9409999847412109, 0.9607999920845032, 0.9606000185012817, 0.9624999761581421, 0.9545999765396118, 0.9660000205039978, 0.967199981212616, 0.9422000050544739, 0.9616000056266785, 0.9606999754905701, 0.9629999995231628, 0.9632999897003174, 0.9646000266075134, 0.9610999822616577, 0.9639999866485596, 0.9674000144004822, 0.9611999988555908, 0.9573000073432922, 0.9674000144004822, 0.9668999910354614]}