{"loss": [0.19614659249782562, 0.08619792759418488, 0.07733748108148575, 0.070490263402462, 0.06836771965026855, 0.06409444659948349, 0.056637953966856, 0.05813625454902649, 0.060254041105508804, 0.055368732661008835], "accuracy": [0.937749981880188, 0.9744333624839783, 0.977483332157135, 0.9793000221252441, 0.9810000061988831, 0.9820166826248169, 0.9845666885375977, 0.984000027179718, 0.9835000038146973, 0.9855499863624573], "val_loss": [0.11311021447181702, 0.07940689474344254, 0.08409734815359116, 0.07055290788412094, 0.06928879022598267, 0.06895415484905243, 0.08696787804365158, 0.08450500667095184, 0.07620851695537567, 0.08356385678052902], "val_accuracy": [0.965399980545044, 0.9771000146865845, 0.9754999876022339, 0.9811000227928162, 0.9825999736785889, 0.9830999970436096, 0.9779000282287598, 0.9794999957084656, 0.98089998960495, 0.9817000031471252]}