{"loss": [0.14766745269298553, 0.04791070148348808, 0.02847200632095337, 0.018443187698721886, 0.011626788415014744, 0.008126715198159218, 0.007229053881019354, 0.004778597503900528, 0.006049197167158127, 0.00417753541842103], "accuracy": [0.955133318901062, 0.9854666590690613, 0.9909166693687439, 0.9940666556358337, 0.9962000250816345, 0.9974333047866821, 0.9976500272750854, 0.998533308506012, 0.9979166388511658, 0.9984333515167236], "val_loss": [0.06371814012527466, 0.044490307569503784, 0.050226159393787384, 0.04715076833963394, 0.04774443805217743, 0.044514305889606476, 0.053744684904813766, 0.05819389224052429, 0.05019357427954674, 0.06033064052462578], "val_accuracy": [0.9782000184059143, 0.9857000112533569, 0.9843000173568726, 0.98580002784729, 0.9858999848365784, 0.9873999953269958, 0.9853000044822693, 0.9868000149726868, 0.9883999824523926, 0.9865999817848206]}