{"loss": [0.146390900015831, 0.04803816229104996, 0.033228009939193726, 0.026111895218491554, 0.018760882318019867, 0.01704517751932144, 0.012586310505867004, 0.013072208501398563, 0.011459087952971458, 0.008506054058670998, 0.0073942276649177074, 0.0093618705868721, 0.008012736216187477, 0.005372611340135336, 0.009591998532414436, 0.007097410038113594, 0.004823478404432535, 0.00577543955296278, 0.004741883371025324, 0.00824588444083929], "accuracy": [0.9538333415985107, 0.9851499795913696, 0.9900333285331726, 0.9913666844367981, 0.9942333102226257, 0.9943000078201294, 0.9958500266075134, 0.9959999918937683, 0.996666669845581, 0.9974499940872192, 0.9977999925613403, 0.9975500106811523, 0.997783362865448, 0.99836665391922, 0.9971333146095276, 0.9980166554450989, 0.9988499879837036, 0.9984999895095825, 0.9986833333969116, 0.9976666569709778], "val_loss": [0.05141306295990944, 0.06558731943368912, 0.04440806061029434, 0.037843961268663406, 0.05049264058470726, 0.06511892378330231, 0.04642082005739212, 0.04679045453667641, 0.04250551015138626, 0.054236236959695816, 0.05491480603814125, 0.06132231280207634, 0.0671105682849884, 0.11314382404088974, 0.06057821586728096, 0.05004362016916275, 0.07658225297927856, 0.07807078212499619, 0.10132652521133423, 0.05751335993409157], "val_accuracy": [0.9851999878883362, 0.9807999730110168, 0.9883000254631042, 0.9894000291824341, 0.9883000254631042, 0.9854000210762024, 0.987500011920929, 0.9879000186920166, 0.9897000193595886, 0.9884999990463257, 0.9886000156402588, 0.9882000088691711, 0.9886999726295471, 0.9846000075340271, 0.9878000020980835, 0.9919000267982483, 0.9883999824523926, 0.9909999966621399, 0.9868000149726868, 0.9901999831199646]}