{"loss": [0.21563507616519928, 0.06868433207273483, 0.04835483804345131, 0.03822224959731102, 0.031087461858987808, 0.026014011353254318, 0.021493496373295784, 0.018205944448709488, 0.015424774959683418, 0.012722834013402462, 0.010654781945049763, 0.008975261822342873, 0.007440394256263971, 0.006420709192752838, 0.005175067111849785, 0.004093614872545004, 0.0037389290519058704, 0.0034136970061808825, 0.003031176282092929, 0.002599218860268593], "accuracy": [0.9336166381835938, 0.9795166850090027, 0.9854166507720947, 0.9880833625793457, 0.9904166460037231, 0.9922833442687988, 0.9935333132743835, 0.9945499897003174, 0.9953500032424927, 0.996150016784668, 0.9968666434288025, 0.9973000288009644, 0.9977499842643738, 0.998199999332428, 0.9984999895095825, 0.9988499879837036, 0.9989666938781738, 0.9990166425704956, 0.9991999864578247, 0.9993333220481873], "val_loss": [0.07793658971786499, 0.06268352270126343, 0.05021558701992035, 0.052697278559207916, 0.04970372095704079, 0.045455384999513626, 0.04968230798840523, 0.05519474670290947, 0.06573499739170074, 0.05965988337993622, 0.07037746906280518, 0.06863240897655487, 0.0681726485490799, 0.06846866011619568, 0.08109953999519348, 0.08381772041320801, 0.08424999564886093, 0.08727547526359558, 0.10666021704673767, 0.10630195587873459], "val_accuracy": [0.9742000102996826, 0.9783999919891357, 0.9828000068664551, 0.9828000068664551, 0.9836999773979187, 0.98580002784729, 0.9858999848365784, 0.9850999712944031, 0.9836000204086304, 0.9846000075340271, 0.9825000166893005, 0.984000027179718, 0.9854999780654907, 0.9842000007629395, 0.9855999946594238, 0.9848999977111816, 0.9846000075340271, 0.9847000241279602, 0.983299970626831, 0.9843999743461609]}