{"loss": [0.164124995470047, 0.07332116365432739, 0.056245412677526474, 0.04624965786933899, 0.039682019501924515, 0.03591295704245567, 0.03511813282966614, 0.031119123101234436, 0.028140010312199593, 0.028462368994951248, 0.029156958684325218, 0.026245905086398125, 0.02762112393975258, 0.02676505595445633, 0.022960763424634933, 0.022511856630444527, 0.02702397108078003, 0.027066165581345558, 0.017794854938983917, 0.028832148760557175], "accuracy": [0.9498166441917419, 0.9781000018119812, 0.9829333424568176, 0.9852666854858398, 0.9874333143234253, 0.9886999726295471, 0.989133358001709, 0.9905999898910522, 0.991433322429657, 0.9913666844367981, 0.991433322429657, 0.992900013923645, 0.9926499724388123, 0.9929166436195374, 0.9936166405677795, 0.9941666722297668, 0.9938666820526123, 0.9938166737556458, 0.9957333207130432, 0.9937499761581421], "val_loss": [0.08563074469566345, 0.07493086159229279, 0.0770920142531395, 0.08386692404747009, 0.07603749632835388, 0.08042113482952118, 0.09752995520830154, 0.1133607029914856, 0.10073820501565933, 0.11049321293830872, 0.10640737414360046, 0.12339343130588531, 0.13424047827720642, 0.1511491984128952, 0.18422377109527588, 0.2244458943605423, 0.19598425924777985, 0.17423489689826965, 0.19425922632217407, 0.22729963064193726], "val_accuracy": [0.9739999771118164, 0.9757000207901001, 0.9767000079154968, 0.9771999716758728, 0.9821000099182129, 0.980400025844574, 0.9793999791145325, 0.978600025177002, 0.9810000061988831, 0.9814000129699707, 0.982200026512146, 0.9815999865531921, 0.9789999723434448, 0.9818000197410583, 0.9796000123023987, 0.9721999764442444, 0.9803000092506409, 0.9805999994277954, 0.9817000031471252, 0.9782999753952026]}