{"loss": [0.1537575125694275, 0.05109759420156479, 0.03412187471985817, 0.024122346192598343, 0.02005825750529766, 0.015708837658166885, 0.012553219683468342, 0.012008543126285076, 0.011027025058865547, 0.007849475368857384], "accuracy": [0.9522666931152344, 0.9846500158309937, 0.989383339881897, 0.9927999973297119, 0.9934666752815247, 0.9951666593551636, 0.9959999918937683, 0.9962166547775269, 0.9965500235557556, 0.9976000189781189], "val_loss": [0.07532328367233276, 0.05332944914698601, 0.06018077954649925, 0.040423307567834854, 0.06023208796977997, 0.04274440184235573, 0.04240794852375984, 0.06632214039564133, 0.05599680170416832, 0.06160692125558853], "val_accuracy": [0.9768999814987183, 0.983299970626831, 0.9847000241279602, 0.9879999756813049, 0.9869999885559082, 0.9890000224113464, 0.9889000058174133, 0.9860000014305115, 0.9904000163078308, 0.988099992275238]}