{"loss": [0.1774013191461563, 0.07455940544605255, 0.06118987500667572, 0.05533000826835632, 0.04961533099412918, 0.0452883318066597, 0.04016532376408577, 0.04010508954524994, 0.0374486930668354, 0.034960176795721054, 0.03497524559497833, 0.032601889222860336, 0.03215358778834343, 0.030151352286338806, 0.028710011392831802, 0.02349758706986904, 0.026974083855748177, 0.024212433025240898, 0.027841033414006233, 0.0241318978369236], "accuracy": [0.9457499980926514, 0.9782833456993103, 0.9818166494369507, 0.9836666584014893, 0.98621666431427, 0.9879166483879089, 0.9890499711036682, 0.9897500276565552, 0.9902833104133606, 0.9908499717712402, 0.9918333292007446, 0.9919000267982483, 0.9920333623886108, 0.9926499724388123, 0.993233323097229, 0.9942333102226257, 0.9941166639328003, 0.9947333335876465, 0.9944999814033508, 0.9948333501815796], "val_loss": [0.09617622196674347, 0.06571521610021591, 0.0891452357172966, 0.07363875955343246, 0.07535567879676819, 0.08040691167116165, 0.0983823835849762, 0.09443821758031845, 0.10375676304101944, 0.10298436135053635, 0.11971999704837799, 0.1257908046245575, 0.13896121084690094, 0.17397546768188477, 0.17180141806602478, 0.199382945895195, 0.17855454981327057, 0.21406948566436768, 0.2325507551431656, 0.26960504055023193], "val_accuracy": [0.9711999893188477, 0.9807000160217285, 0.9749000072479248, 0.9801999926567078, 0.983299970626831, 0.9807999730110168, 0.9781000018119812, 0.9785000085830688, 0.9814000129699707, 0.9817000031471252, 0.9812999963760376, 0.9804999828338623, 0.9789000153541565, 0.9765999913215637, 0.9782000184059143, 0.9807000160217285, 0.9829000234603882, 0.9815999865531921, 0.9815000295639038, 0.9789000153541565]}