{"loss": [0.19538453221321106, 0.06658434122800827, 0.048380959779024124, 0.036571551114320755, 0.028355462476611137, 0.022887786850333214, 0.018738647922873497, 0.01588275097310543, 0.01305070985108614, 0.013499376364052296, 0.010396869853138924, 0.00980544276535511, 0.008825860917568207, 0.008518296293914318, 0.007762190420180559, 0.007977794855833054, 0.007104220800101757, 0.008516254834830761, 0.0052308025769889355, 0.006161331199109554], "accuracy": [0.9409666657447815, 0.9797000288963318, 0.9850333333015442, 0.9883166551589966, 0.9904666543006897, 0.9926000237464905, 0.9938499927520752, 0.9947999715805054, 0.9955666661262512, 0.9957166910171509, 0.9963833093643188, 0.9968000054359436, 0.9973333477973938, 0.997083306312561, 0.9973999857902527, 0.9974166750907898, 0.9979000091552734, 0.9972666501998901, 0.9983999729156494, 0.9981666803359985], "val_loss": [0.08540184050798416, 0.07197573781013489, 0.047975026071071625, 0.05207693949341774, 0.04960733652114868, 0.05514298751950264, 0.05417747050523758, 0.04617830738425255, 0.04923204705119133, 0.0797976478934288, 0.05698670819401741, 0.06401939690113068, 0.06264477223157883, 0.0565866194665432, 0.06057971343398094, 0.05626752972602844, 0.06439190357923508, 0.06901784241199493, 0.10480470955371857, 0.07583555579185486], "val_accuracy": [0.9745000004768372, 0.9782999753952026, 0.9861000180244446, 0.983299970626831, 0.9864000082015991, 0.9846000075340271, 0.9872000217437744, 0.9868000149726868, 0.9882000088691711, 0.984499990940094, 0.9883000254631042, 0.9871000051498413, 0.9879000186920166, 0.9882000088691711, 0.9890000224113464, 0.9891999959945679, 0.988099992275238, 0.9882000088691711, 0.9800000190734863, 0.9847000241279602]}