{"loss": [0.13627925515174866, 0.04974977672100067, 0.034601595252752304, 0.025301599875092506, 0.019347241148352623, 0.0173797570168972, 0.01326314639300108, 0.012070037424564362, 0.011616281233727932, 0.010624746792018414], "accuracy": [0.9571833610534668, 0.9850000143051147, 0.9889833331108093, 0.9922500252723694, 0.9938666820526123, 0.9942499995231628, 0.9957666397094727, 0.9958333373069763, 0.9963499903678894, 0.9970333576202393], "val_loss": [0.05199579522013664, 0.0541377067565918, 0.0474027581512928, 0.044755980372428894, 0.046206191182136536, 0.04540685564279556, 0.06191862002015114, 0.04455563798546791, 0.05711033195257187, 0.05572907254099846], "val_accuracy": [0.9837999939918518, 0.9836999773979187, 0.9872999787330627, 0.9876999855041504, 0.9890999794006348, 0.9887999892234802, 0.9866999983787537, 0.9897000193595886, 0.9876999855041504, 0.9901000261306763]}