{"loss": [0.3443203568458557, 0.10987453907728195, 0.07536260038614273, 0.05765538662672043, 0.04699866473674774, 0.039125941693782806, 0.03384801000356674, 0.029167436063289642, 0.02549920044839382, 0.022498728707432747, 0.019442984834313393, 0.01749148778617382, 0.015469487756490707, 0.014319091103971004, 0.012604317627847195, 0.010968763381242752, 0.010672108270227909, 0.009213567711412907, 0.008673515170812607, 0.007595385424792767], "accuracy": [0.8944166898727417, 0.9655500054359436, 0.9764166474342346, 0.9819833040237427, 0.9854333400726318, 0.9879000186920166, 0.9894833564758301, 0.990933358669281, 0.9924166798591614, 0.9928666949272156, 0.9939333200454712, 0.9942333102226257, 0.995033323764801, 0.9953333139419556, 0.9962499737739563, 0.9962499737739563, 0.9967666864395142, 0.997083306312561, 0.9973000288009644, 0.9976166486740112], "val_loss": [0.23986338078975677, 0.10732056945562363, 0.06298114359378815, 0.05555858090519905, 0.04718936234712601, 0.0537872388958931, 0.05949658155441284, 0.05934407189488411, 0.05357510223984718, 0.06161056458950043, 0.06409497559070587, 0.0614558644592762, 0.05517217516899109, 0.06257060915231705, 0.06629503518342972, 0.0670454129576683, 0.07838629186153412, 0.07092766463756561, 0.09171755611896515, 0.09545683860778809], "val_accuracy": [0.9151999950408936, 0.9648000001907349, 0.9799000024795532, 0.9836000204086304, 0.98580002784729, 0.9850000143051147, 0.9846000075340271, 0.9830999970436096, 0.9860000014305115, 0.9848999977111816, 0.9850000143051147, 0.9855999946594238, 0.987500011920929, 0.9847000241279602, 0.9855999946594238, 0.9876999855041504, 0.9855999946594238, 0.98580002784729, 0.9847999811172485, 0.9843999743461609]}