{"loss": [0.19308313727378845, 0.068881094455719, 0.0468694232404232, 0.034924641251564026, 0.027585342526435852, 0.021068181842565536, 0.0157488863915205, 0.013563048094511032, 0.011151103302836418, 0.008475401438772678], "accuracy": [0.9418833255767822, 0.9793166518211365, 0.9861500263214111, 0.9893166422843933, 0.9912999868392944, 0.9934166669845581, 0.994866669178009, 0.9954333305358887, 0.9962499737739563, 0.9971666932106018], "val_loss": [0.09745648503303528, 0.05832762271165848, 0.05483108386397362, 0.04739416018128395, 0.0469747930765152, 0.048861537128686905, 0.04971940442919731, 0.05478304997086525, 0.058802247047424316, 0.05608787760138512], "val_accuracy": [0.9696000218391418, 0.980400025844574, 0.9822999835014343, 0.9843999743461609, 0.9847000241279602, 0.9847000241279602, 0.9854000210762024, 0.9840999841690063, 0.98580002784729, 0.9851999878883362]}