{"loss": [0.252064049243927, 0.0834309384226799, 0.05496584624052048, 0.04160467907786369, 0.03209475055336952, 0.026022566482424736, 0.02101314067840576, 0.015888454392552376, 0.01292218454182148, 0.010639137588441372, 0.008175916969776154, 0.007616832386702299, 0.006349988281726837, 0.004849245771765709, 0.0035404327791184187, 0.004176004324108362, 0.004771063104271889, 0.003922229632735252, 0.002012561773881316, 0.0031423631589859724], "accuracy": [0.9265000224113464, 0.975433349609375, 0.9833499789237976, 0.9876999855041504, 0.9902499914169312, 0.9918166399002075, 0.9933000206947327, 0.9952333569526672, 0.9963666796684265, 0.9968833327293396, 0.9977333545684814, 0.9976999759674072, 0.9981333613395691, 0.9986500144004822, 0.9990500211715698, 0.9987333416938782, 0.9983999729156494, 0.9987666606903076, 0.9994999766349792, 0.9990333318710327], "val_loss": [0.10252026468515396, 0.059607941657304764, 0.05039402097463608, 0.05014650151133537, 0.05615125596523285, 0.053100425750017166, 0.04936399683356285, 0.05187089368700981, 0.05061888322234154, 0.054445866495370865, 0.059573881328105927, 0.05548408627510071, 0.060046032071113586, 0.06167875975370407, 0.06154449284076691, 0.061560437083244324, 0.05957217514514923, 0.06346744298934937, 0.05914907902479172, 0.07147963345050812], "val_accuracy": [0.9692000150680542, 0.9811999797821045, 0.984000027179718, 0.9818999767303467, 0.9821000099182129, 0.9829000234603882, 0.9825000166893005, 0.9848999977111816, 0.9847999811172485, 0.9848999977111816, 0.9835000038146973, 0.9846000075340271, 0.9843000173568726, 0.9854000210762024, 0.9835000038146973, 0.9861000180244446, 0.9858999848365784, 0.9847000241279602, 0.9865000247955322, 0.9839000105857849]}