{"loss": [0.20428989827632904, 0.07306183874607086, 0.04968190938234329, 0.0377027653157711, 0.02885393612086773, 0.022006168961524963, 0.016954250633716583, 0.013152500614523888, 0.010285870172083378, 0.00956289004534483, 0.006670238915830851, 0.005815963260829449, 0.005900598131120205, 0.004930040333420038, 0.00440805871039629, 0.0031365989707410336, 0.004115668125450611, 0.0036308569833636284, 0.003537619486451149, 0.002920301165431738], "accuracy": [0.9401999711990356, 0.9782999753952026, 0.984749972820282, 0.9885166883468628, 0.9908166527748108, 0.9930333495140076, 0.9945999979972839, 0.996150016784668, 0.9969666600227356, 0.9965999722480774, 0.9978500008583069, 0.9982166886329651, 0.9981833100318909, 0.9983166456222534, 0.998449981212616, 0.9988999962806702, 0.9986333250999451, 0.9987666606903076, 0.9988166689872742, 0.9990833401679993], "val_loss": [0.07875742018222809, 0.0710396021604538, 0.04883161932229996, 0.049456123262643814, 0.047392137348651886, 0.051540307700634, 0.04583000764250755, 0.054545000195503235, 0.05111360922455788, 0.04664449021220207, 0.04962758347392082, 0.07154568284749985, 0.05955369397997856, 0.05507923662662506, 0.05688180401921272, 0.0752132460474968, 0.07237546890974045, 0.060914281755685806, 0.0694221630692482, 0.06337779760360718], "val_accuracy": [0.9750999808311462, 0.9761999845504761, 0.9840999841690063, 0.9829000234603882, 0.9836000204086304, 0.9835000038146973, 0.9854999780654907, 0.9853000044822693, 0.9847000241279602, 0.9869999885559082, 0.9861000180244446, 0.9840999841690063, 0.9843999743461609, 0.9873999953269958, 0.9866999983787537, 0.983299970626831, 0.9861000180244446, 0.9857000112533569, 0.9857000112533569, 0.9861000180244446]}