{"loss": [0.37048080563545227, 0.32824060320854187, 0.3260631859302521, 0.32606980204582214, 0.32489651441574097, 0.32616809010505676, 0.3251219689846039, 0.3254988193511963, 0.32532772421836853, 0.32798612117767334, 0.32861775159835815, 0.32589706778526306, 0.32599401473999023, 0.32863304018974304, 0.32844528555870056, 0.3262302875518799, 0.32763588428497314, 0.3290225863456726, 0.33010774850845337, 0.330150842666626], "accuracy": [0.8958500027656555, 0.9148333072662354, 0.9177333116531372, 0.9190666675567627, 0.9194999933242798, 0.9209833145141602, 0.920799970626831, 0.9223833084106445, 0.9218833446502686, 0.9217333197593689, 0.9215666651725769, 0.9226999878883362, 0.9223333597183228, 0.9226333498954773, 0.9219499826431274, 0.9231666922569275, 0.9239000082015991, 0.9229166507720947, 0.9237333536148071, 0.9224166870117188], "val_loss": [0.35700008273124695, 0.3321394920349121, 0.3405289649963379, 0.3696184754371643, 0.3654322624206543, 0.38298308849334717, 0.35461148619651794, 0.37833139300346375, 0.3622172474861145, 0.40559831261634827, 0.38492095470428467, 0.3724299669265747, 0.39408859610557556, 0.38298499584198, 0.40317314863204956, 0.3959113657474518, 0.44089213013648987, 0.3906637728214264, 0.46271127462387085, 0.41712939739227295], "val_accuracy": [0.9063000082969666, 0.9207000136375427, 0.9199000000953674, 0.9125999808311462, 0.91839998960495, 0.907800018787384, 0.9214000105857849, 0.9154999852180481, 0.9222000241279602, 0.9092000126838684, 0.9129999876022339, 0.9232000112533569, 0.9211999773979187, 0.920799970626831, 0.9125000238418579, 0.9160000085830688, 0.9047999978065491, 0.9194999933242798, 0.9021999835968018, 0.9168999791145325]}