{"loss": [0.5537446141242981, 0.32507312297821045, 0.29621678590774536, 0.2825637757778168, 0.2738898992538452, 0.2682386338710785, 0.26398971676826477, 0.2602546215057373, 0.25735142827033997, 0.2552337944507599, 0.25292542576789856, 0.25124335289001465, 0.24979941546916962, 0.24812622368335724, 0.24687889218330383, 0.24567390978336334, 0.24464917182922363, 0.24378834664821625, 0.24276110529899597, 0.2422243058681488], "accuracy": [0.8589000105857849, 0.9105499982833862, 0.9174333214759827, 0.9210666418075562, 0.9241333603858948, 0.9250166416168213, 0.9267666935920715, 0.927483320236206, 0.9283333420753479, 0.9290666580200195, 0.9299666881561279, 0.9300000071525574, 0.9308333396911621, 0.9312333464622498, 0.9315000176429749, 0.9325833320617676, 0.9326333403587341, 0.9331166744232178, 0.9332000017166138, 0.9336166381835938], "val_loss": [0.33410462737083435, 0.2963983118534088, 0.28070273995399475, 0.27531948685646057, 0.26997679471969604, 0.2707138955593109, 0.2658655047416687, 0.26779451966285706, 0.2633972764015198, 0.2671351432800293, 0.2622081935405731, 0.2632712721824646, 0.2638382315635681, 0.26567894220352173, 0.26288899779319763, 0.26252037286758423, 0.2678436040878296, 0.2657705247402191, 0.2625165581703186, 0.2647276222705841], "val_accuracy": [0.9133999943733215, 0.9187999963760376, 0.921999990940094, 0.9225999712944031, 0.9253000020980835, 0.9248999953269958, 0.9265000224113464, 0.9251999855041504, 0.925599992275238, 0.923799991607666, 0.926800012588501, 0.9272000193595886, 0.927299976348877, 0.9279999732971191, 0.9269999861717224, 0.9276000261306763, 0.9261999726295471, 0.9275000095367432, 0.9283999800682068, 0.9266999959945679]}