{"loss": [0.49610868096351624, 0.31055667996406555, 0.29073667526245117, 0.28167760372161865, 0.275677889585495, 0.2720690071582794, 0.26944759488105774, 0.26798418164253235, 0.2663997709751129, 0.26488029956817627], "accuracy": [0.8718500137329102, 0.9132166504859924, 0.9195833206176758, 0.9218999743461609, 0.9236000180244446, 0.9262333512306213, 0.9270166754722595, 0.9273333549499512, 0.9285666942596436, 0.9290500283241272], "val_loss": [0.31875109672546387, 0.28749990463256836, 0.2786582410335541, 0.27635815739631653, 0.2756674885749817, 0.2747742831707001, 0.2764112651348114, 0.2743372917175293, 0.27408745884895325, 0.27506089210510254], "val_accuracy": [0.9103000164031982, 0.9190999865531921, 0.9211999773979187, 0.9236000180244446, 0.9253000020980835, 0.9261999726295471, 0.9261999726295471, 0.925599992275238, 0.9264000058174133, 0.9269999861717224]}