{"loss": [0.22322095930576324, 0.09960529208183289, 0.07275989651679993, 0.05892338976264, 0.047902923077344894, 0.03940846398472786, 0.03385809808969498, 0.029615338891744614, 0.024595359340310097, 0.020544415339827538], "accuracy": [0.9351999759674072, 0.9712666869163513, 0.979283332824707, 0.9834499955177307, 0.9869166612625122, 0.9890000224113464, 0.9906499981880188, 0.9923833608627319, 0.9932500123977661, 0.9945999979972839], "val_loss": [0.11747921258211136, 0.10054637491703033, 0.08880466222763062, 0.08635004609823227, 0.08090183883905411, 0.09175156056880951, 0.09568514674901962, 0.09968651086091995, 0.10565032809972763, 0.09586156904697418], "val_accuracy": [0.9646999835968018, 0.9703999757766724, 0.9740999937057495, 0.975600004196167, 0.9787999987602234, 0.9786999821662903, 0.9779999852180481, 0.9764999747276306, 0.9769999980926514, 0.9804999828338623]}