{"loss": [0.47808343172073364, 0.13651114702224731, 0.12192481756210327, 0.11623132973909378, 0.11113113164901733, 0.11338090151548386, 0.11139091104269028, 0.10358741879463196, 0.10699480772018433, 0.10340779274702072], "accuracy": [0.8798166513442993, 0.9589499831199646, 0.9640499949455261, 0.9664499759674072, 0.9671833515167236, 0.9682499766349792, 0.9691500067710876, 0.970466673374176, 0.9699833393096924, 0.9715166687965393], "val_loss": [0.1701587587594986, 0.144028902053833, 0.10581794381141663, 0.09812367707490921, 0.11679300665855408, 0.11449076980352402, 0.14921580255031586, 0.14143303036689758, 0.10479413717985153, 0.10545922815799713], "val_accuracy": [0.9488000273704529, 0.957099974155426, 0.9700999855995178, 0.9715999960899353, 0.9677000045776367, 0.9674999713897705, 0.9617000222206116, 0.9607999920845032, 0.9728000164031982, 0.972000002861023]}