{"loss": [0.2426714152097702, 0.11371169984340668, 0.10240444540977478, 0.09150586277246475, 0.08893473446369171, 0.0857476070523262, 0.0814291313290596, 0.08068595081567764, 0.07692175358533859, 0.07404498755931854, 0.07711567729711533, 0.07201246172189713, 0.07046814262866974, 0.07076762616634369, 0.07020169496536255, 0.07101359963417053, 0.06700696796178818, 0.06930750608444214, 0.06703566014766693, 0.06927534937858582], "accuracy": [0.9223833084106445, 0.9656000137329102, 0.9708666801452637, 0.9733499884605408, 0.9746500253677368, 0.9762499928474426, 0.9771833419799805, 0.9781666398048401, 0.9789833426475525, 0.9798166751861572, 0.978950023651123, 0.980566680431366, 0.9814500212669373, 0.9810666441917419, 0.9815999865531921, 0.9816833138465881, 0.9823499917984009, 0.9827166795730591, 0.9827166795730591, 0.9824666380882263], "val_loss": [0.12601041793823242, 0.1092819944024086, 0.09780990332365036, 0.10629679262638092, 0.08796334266662598, 0.08849138021469116, 0.09197128564119339, 0.10765741020441055, 0.0894775316119194, 0.0925554409623146, 0.07952787727117538, 0.0903179869055748, 0.09545329958200455, 0.11684388667345047, 0.11275040358304977, 0.10652235150337219, 0.10281984508037567, 0.0911591425538063, 0.11150859296321869, 0.09905043989419937], "val_accuracy": [0.9606000185012817, 0.9697999954223633, 0.9742000102996826, 0.9696999788284302, 0.9765999913215637, 0.9781000018119812, 0.9768999814987183, 0.9751999974250793, 0.9757000207901001, 0.9775999784469604, 0.9811999797821045, 0.9771000146865845, 0.9778000116348267, 0.9742000102996826, 0.9739999771118164, 0.9764999747276306, 0.9771000146865845, 0.9821000099182129, 0.9754999876022339, 0.9778000116348267]}