{"loss": [0.13606946170330048, 0.05898747220635414, 0.04371756687760353, 0.03966408222913742, 0.03245449811220169, 0.029641898348927498, 0.030709968879818916, 0.024862227961421013, 0.028224628418684006, 0.024728508666157722], "accuracy": [0.9601333141326904, 0.9819666743278503, 0.986299991607666, 0.9890166521072388, 0.9909666776657104, 0.9921500086784363, 0.9926000237464905, 0.9943000078201294, 0.9940166473388672, 0.9949333071708679], "val_loss": [0.06935801357030869, 0.08189425617456436, 0.08068986982107162, 0.0958952084183693, 0.07694565504789352, 0.09711252152919769, 0.11058714240789413, 0.13300754129886627, 0.14217175543308258, 0.17414337396621704], "val_accuracy": [0.9787999987602234, 0.9757000207901001, 0.9793000221252441, 0.9757000207901001, 0.9835000038146973, 0.9803000092506409, 0.9793000221252441, 0.9801999926567078, 0.9832000136375427, 0.9814000129699707]}