{"loss": [0.26143959164619446, 0.07324957102537155, 0.05090086907148361, 0.03632504492998123, 0.02673684060573578, 0.0229201503098011, 0.017599191516637802, 0.015407118946313858, 0.01267807837575674, 0.011935544200241566], "accuracy": [0.9210166931152344, 0.9778000116348267, 0.9845166802406311, 0.9888833165168762, 0.9917166829109192, 0.9925500154495239, 0.9945499897003174, 0.9949333071708679, 0.9959999918937683, 0.9960833191871643], "val_loss": [0.09347084909677505, 0.0636744499206543, 0.050735149532556534, 0.049875952303409576, 0.07484948635101318, 0.0437646247446537, 0.048432160168886185, 0.06803493946790695, 0.05470351129770279, 0.04813244566321373], "val_accuracy": [0.9726999998092651, 0.9815000295639038, 0.9854000210762024, 0.9857000112533569, 0.9803000092506409, 0.9882000088691711, 0.9861999750137329, 0.9843000173568726, 0.9872000217437744, 0.9883000254631042]}