{"loss": [0.27412304282188416, 0.12249669432640076, 0.08792860805988312, 0.0694599524140358, 0.057538602501153946, 0.048166319727897644, 0.0389404296875, 0.03421375900506973, 0.030095364898443222, 0.027067063376307487, 0.022043995559215546, 0.02214936725795269, 0.01991589367389679, 0.016169793903827667, 0.016003914177417755, 0.018278509378433228, 0.013710340484976768, 0.013962754979729652, 0.012239714153110981, 0.010842177085578442], "accuracy": [0.9206166863441467, 0.9630666375160217, 0.9731000065803528, 0.9783999919891357, 0.9825500249862671, 0.9844499826431274, 0.9876333475112915, 0.9886500239372253, 0.9902333617210388, 0.991183340549469, 0.9926833510398865, 0.9924333095550537, 0.9935500025749207, 0.9947500228881836, 0.9944166541099548, 0.9937000274658203, 0.9951666593551636, 0.9950833320617676, 0.9956666827201843, 0.9962666630744934], "val_loss": [0.1458974927663803, 0.10732536762952805, 0.10836789757013321, 0.0875462144613266, 0.08993171155452728, 0.08150232583284378, 0.08857487887144089, 0.09524470567703247, 0.10511685907840729, 0.10010087490081787, 0.10788486152887344, 0.10119657963514328, 0.10700034350156784, 0.11100853234529495, 0.1219930648803711, 0.10791797935962677, 0.117407888174057, 0.11121988296508789, 0.12405414134263992, 0.13485834002494812], "val_accuracy": [0.9545999765396118, 0.9664999842643738, 0.965399980545044, 0.972100019454956, 0.9731000065803528, 0.975600004196167, 0.9739999771118164, 0.9735000133514404, 0.9700999855995178, 0.9735000133514404, 0.9739999771118164, 0.9735000133514404, 0.9728000164031982, 0.9740999937057495, 0.9717000126838684, 0.9764999747276306, 0.975600004196167, 0.9765999913215637, 0.9758999943733215, 0.9732000231742859]}