{"loss": [0.5537129044532776, 0.3245822489261627, 0.29613015055656433, 0.28249692916870117, 0.2742147445678711, 0.2684413492679596, 0.26396045088768005, 0.26026853919029236, 0.25750136375427246, 0.2553131878376007, 0.25288155674934387, 0.25118449330329895, 0.24902965128421783, 0.24805568158626556, 0.24714142084121704, 0.24603022634983063, 0.24407653510570526, 0.24386420845985413, 0.2422945499420166, 0.24186193943023682], "accuracy": [0.8599333167076111, 0.9100000262260437, 0.9179333448410034, 0.9211666584014893, 0.9230999946594238, 0.9252333045005798, 0.9265833497047424, 0.9273666739463806, 0.9279833436012268, 0.9292500019073486, 0.9305166602134705, 0.9305166602134705, 0.9310666918754578, 0.9315666556358337, 0.9318166375160217, 0.9320999979972839, 0.9322333335876465, 0.9330833554267883, 0.9328500032424927, 0.93381667137146], "val_loss": [0.33239883184432983, 0.2951135039329529, 0.28020504117012024, 0.27600985765457153, 0.27846068143844604, 0.2693409025669098, 0.26839229464530945, 0.26596906781196594, 0.2618643343448639, 0.26351505517959595, 0.2659052908420563, 0.26169827580451965, 0.26220330595970154, 0.2611119747161865, 0.26374146342277527, 0.26292717456817627, 0.2648780643939972, 0.2605116069316864, 0.26580318808555603, 0.2657282054424286], "val_accuracy": [0.9099000096321106, 0.9171000123023987, 0.9214000105857849, 0.9223999977111816, 0.9218999743461609, 0.9248999953269958, 0.9246000051498413, 0.9254999756813049, 0.9269000291824341, 0.9269000291824341, 0.9265999794006348, 0.9273999929428101, 0.9269000291824341, 0.9275000095367432, 0.9272000193595886, 0.926800012588501, 0.9254999756813049, 0.9286999702453613, 0.9269000291824341, 0.9273999929428101]}