{"loss": [0.34442123770713806, 0.11358948796987534, 0.0808192789554596, 0.061619825661182404, 0.051667388528585434, 0.044324249029159546, 0.03819270431995392, 0.03283829614520073, 0.029325082898139954, 0.026680663228034973], "accuracy": [0.8930166959762573, 0.9646499752998352, 0.9751166701316833, 0.9802833199501038, 0.9842333197593689, 0.986466646194458, 0.987766683101654, 0.9896000027656555, 0.9908666610717773, 0.9917333126068115], "val_loss": [0.1524135023355484, 0.07566481083631516, 0.0782495066523552, 0.06545038521289825, 0.05554502084851265, 0.0562402717769146, 0.05371507629752159, 0.051928553730249405, 0.0643845647573471, 0.058115191757678986], "val_accuracy": [0.9508000016212463, 0.9768000245094299, 0.9761999845504761, 0.9810000061988831, 0.9837999939918518, 0.982200026512146, 0.9847999811172485, 0.9866999983787537, 0.9840999841690063, 0.9850000143051147]}