{"loss": [0.47053879499435425, 0.15224169194698334, 0.1482616364955902, 0.16415457427501678, 0.15831461548805237, 0.17382004857063293, 0.22710049152374268, 0.19001048803329468, 0.18397709727287292, 0.19398236274719238], "accuracy": [0.9090166687965393, 0.9625666737556458, 0.9644833207130432, 0.9638500213623047, 0.9641500115394592, 0.964033305644989, 0.9629999995231628, 0.9617999792098999, 0.960099995136261, 0.9604166746139526], "val_loss": [0.1856023669242859, 0.13018876314163208, 0.19669950008392334, 0.12872445583343506, 0.14128458499908447, 0.1920531690120697, 0.18634507060050964, 0.1482629030942917, 0.1459294557571411, 0.17742769420146942], "val_accuracy": [0.9456999897956848, 0.9750000238418579, 0.9581999778747559, 0.9686999917030334, 0.9690999984741211, 0.957099974155426, 0.9613000154495239, 0.9717000126838684, 0.970300018787384, 0.9682000279426575]}