{"loss": [0.18314364552497864, 0.053861103951931, 0.03797675296664238, 0.028870966285467148, 0.02281232550740242, 0.020278343930840492, 0.017129693180322647, 0.014492170885205269, 0.013930165208876133, 0.01160337682813406], "accuracy": [0.9413833618164062, 0.9835833311080933, 0.9888833165168762, 0.9914166927337646, 0.9935666918754578, 0.9940833449363708, 0.995199978351593, 0.9958333373069763, 0.9961166381835938, 0.9966333508491516], "val_loss": [0.09125541895627975, 0.05311627313494682, 0.04029364138841629, 0.06623245030641556, 0.04752646014094353, 0.04339412599802017, 0.08878709375858307, 0.04778355732560158, 0.05320454016327858, 0.06688962876796722], "val_accuracy": [0.9725000262260437, 0.9854000210762024, 0.9879999756813049, 0.983299970626831, 0.9883999824523926, 0.9891999959945679, 0.984000027179718, 0.989300012588501, 0.9907000064849854, 0.989300012588501]}