{"loss": [0.4520191550254822, 0.1644304096698761, 0.1633998155593872, 0.16861166059970856, 0.16816900670528412, 0.18553024530410767, 0.2029433250427246, 0.18689587712287903, 0.2012604922056198, 0.2162632793188095, 0.21377019584178925, 0.24422545731067657, 0.19975118339061737, 0.2041620910167694, 0.21818025410175323, 0.22492891550064087, 0.23320318758487701, 0.2365170419216156, 0.3250821530818939, 0.2543168365955353], "accuracy": [0.907800018787384, 0.9600499868392944, 0.9600499868392944, 0.9610833525657654, 0.9605833292007446, 0.9567999839782715, 0.9568833112716675, 0.9607999920845032, 0.9587500095367432, 0.9561333060264587, 0.9575999975204468, 0.9595999717712402, 0.9590166807174683, 0.9596166610717773, 0.9568166732788086, 0.958549976348877, 0.9563833475112915, 0.9570833444595337, 0.9564833045005798, 0.9540833234786987], "val_loss": [0.17033495008945465, 0.316048800945282, 0.12094024568796158, 0.14945226907730103, 0.20447975397109985, 0.1400020271539688, 0.1352628618478775, 0.5181407332420349, 0.1497451215982437, 0.17243503034114838, 0.18782532215118408, 0.14462615549564362, 0.17824101448059082, 0.2829083204269409, 0.12361713498830795, 0.2720218896865845, 0.23505927622318268, 0.8189413547515869, 0.26311585307121277, 0.4094032049179077], "val_accuracy": [0.9585999846458435, 0.930400013923645, 0.9726999998092651, 0.9631999731063843, 0.9616000056266785, 0.9678000211715698, 0.9681000113487244, 0.932200014591217, 0.9607999920845032, 0.9657999873161316, 0.963699996471405, 0.9643999934196472, 0.9624000191688538, 0.919700026512146, 0.9739999771118164, 0.9365000128746033, 0.9459999799728394, 0.9254999756813049, 0.9448999762535095, 0.9527999758720398]}