{"loss": [0.3554656505584717, 0.3096765875816345, 0.30026647448539734, 0.29343381524086, 0.2918931841850281, 0.29056599736213684, 0.2891528308391571, 0.2876833379268646, 0.28506675362586975, 0.28431954979896545, 0.2823490798473358, 0.28068599104881287, 0.2819734811782837, 0.28216904401779175, 0.28051233291625977, 0.27826040983200073, 0.28000393509864807, 0.2804054021835327, 0.2772074341773987, 0.27986326813697815], "accuracy": [0.8985833525657654, 0.9148833155632019, 0.9188833236694336, 0.9192000031471252, 0.9203333258628845, 0.9212833046913147, 0.9209666848182678, 0.9218666553497314, 0.9218000173568726, 0.9223999977111816, 0.9222666621208191, 0.9239000082015991, 0.9229666590690613, 0.9226333498954773, 0.9234166741371155, 0.9241333603858948, 0.9233499765396118, 0.9237499833106995, 0.9241999983787537, 0.9238166809082031], "val_loss": [0.3459623456001282, 0.3098934590816498, 0.314448744058609, 0.3031979203224182, 0.30862483382225037, 0.33876845240592957, 0.3199608623981476, 0.346884161233902, 0.3344099521636963, 0.34303125739097595, 0.33241093158721924, 0.33365631103515625, 0.33502304553985596, 0.344258189201355, 0.35735464096069336, 0.365332692861557, 0.3414674699306488, 0.3995402455329895, 0.3574748635292053, 0.35986077785491943], "val_accuracy": [0.9032999873161316, 0.9136000275611877, 0.9150999784469604, 0.9204000234603882, 0.919700026512146, 0.9139000177383423, 0.9221000075340271, 0.9111999869346619, 0.916100025177002, 0.914900004863739, 0.916700005531311, 0.9203000068664551, 0.9158999919891357, 0.9143000245094299, 0.9139000177383423, 0.909500002861023, 0.920799970626831, 0.9063000082969666, 0.9142000079154968, 0.9158999919891357]}