{"loss": [0.1439204216003418, 0.061031803488731384, 0.044358331710100174, 0.03581707179546356, 0.02968193031847477, 0.030995281413197517, 0.03179972618818283, 0.025283394381403923, 0.024607336148619652, 0.024637872353196144, 0.027338212355971336, 0.02221011556684971, 0.03157254680991173, 0.025577090680599213, 0.02059672772884369, 0.019676441326737404, 0.0217904020100832, 0.02791643515229225, 0.021753989160060883, 0.025714559480547905], "accuracy": [0.9566333293914795, 0.9812999963760376, 0.9864500164985657, 0.9888333082199097, 0.9908833503723145, 0.9914500117301941, 0.9911333322525024, 0.9932833313941956, 0.9933666586875916, 0.9937666654586792, 0.9937833547592163, 0.994866669178009, 0.9933666586875916, 0.9945499897003174, 0.9958666563034058, 0.9962166547775269, 0.9956666827201843, 0.9953666925430298, 0.9962833523750305, 0.9959999918937683], "val_loss": [0.060103900730609894, 0.05609859153628349, 0.06420860439538956, 0.07206670194864273, 0.09558717906475067, 0.10185742378234863, 0.10764781385660172, 0.10500981658697128, 0.13324004411697388, 0.12431806325912476, 0.12648199498653412, 0.17195220291614532, 0.1759827584028244, 0.20338107645511627, 0.24535150825977325, 0.18917988240718842, 0.2395627647638321, 0.2593999207019806, 0.27785244584083557, 0.23429687321186066], "val_accuracy": [0.9803000092506409, 0.9821000099182129, 0.9825999736785889, 0.978600025177002, 0.9782000184059143, 0.9811999797821045, 0.9811000227928162, 0.9790999889373779, 0.9786999821662903, 0.9797999858856201, 0.9814000129699707, 0.9812999963760376, 0.9804999828338623, 0.98089998960495, 0.9807999730110168, 0.9824000000953674, 0.9829999804496765, 0.9814000129699707, 0.9797000288963318, 0.9833999872207642]}