{"loss": [0.17705652117729187, 0.06459110975265503, 0.05102609097957611, 0.04212013632059097, 0.03566017001867294, 0.030376896262168884, 0.027468552812933922, 0.024628208950161934, 0.020732402801513672, 0.01685411110520363, 0.015769269317388535, 0.01573897898197174, 0.015575806610286236, 0.013098624534904957, 0.01423987653106451, 0.011773135513067245, 0.010160833597183228, 0.011319695971906185, 0.011884653940796852, 0.009700040332973003], "accuracy": [0.9525666832923889, 0.9809166789054871, 0.9859499931335449, 0.9884999990463257, 0.9902499914169312, 0.9918500185012817, 0.9929999709129333, 0.9937833547592163, 0.9951666593551636, 0.9959999918937683, 0.9962999820709229, 0.9969666600227356, 0.9972166419029236, 0.9976333379745483, 0.9976000189781189, 0.9983000159263611, 0.9982166886329651, 0.9980166554450989, 0.9981333613395691, 0.9986166954040527], "val_loss": [0.07902669906616211, 0.10943447053432465, 0.10244283080101013, 0.07514992356300354, 0.07442296296358109, 0.17655940353870392, 0.11130306124687195, 0.1206798106431961, 0.16206058859825134, 0.13076530396938324, 0.15948331356048584, 0.16908928751945496, 0.21753020584583282, 0.20184755325317383, 0.2737489640712738, 0.24312004446983337, 0.28099116683006287, 0.271403431892395, 0.2645532190799713, 0.44559013843536377], "val_accuracy": [0.9760000109672546, 0.9697999954223633, 0.9747999906539917, 0.9817000031471252, 0.9817000031471252, 0.9721999764442444, 0.9800999760627747, 0.9814000129699707, 0.9836999773979187, 0.9851999878883362, 0.9840999841690063, 0.9853000044822693, 0.9832000136375427, 0.9815999865531921, 0.9811000227928162, 0.9828000068664551, 0.984499990940094, 0.9839000105857849, 0.9818999767303467, 0.98089998960495]}