{"loss": [0.5414981245994568, 0.32422497868537903, 0.2956998646259308, 0.2825467884540558, 0.27419933676719666, 0.268655002117157, 0.2640840411186218, 0.2603532671928406, 0.2576649785041809, 0.2550923228263855], "accuracy": [0.8602333068847656, 0.9103166460990906, 0.9177833199501038, 0.9211166501045227, 0.9230166673660278, 0.9246333241462708, 0.9265833497047424, 0.9275000095367432, 0.9280833601951599, 0.9285333156585693], "val_loss": [0.3319312036037445, 0.2953401505947113, 0.28287437558174133, 0.2724051773548126, 0.2711648941040039, 0.2688210606575012, 0.26656728982925415, 0.26491403579711914, 0.26255783438682556, 0.2639317214488983], "val_accuracy": [0.9115999937057495, 0.9169999957084656, 0.9229999780654907, 0.9244999885559082, 0.9240999817848206, 0.9247999787330627, 0.9240999817848206, 0.9258000254631042, 0.9262999892234802, 0.9266999959945679]}