{"loss": [0.4628799259662628, 0.24038733541965485, 0.20800241827964783, 0.18838387727737427, 0.1738785058259964, 0.16215519607067108, 0.15182983875274658, 0.14386986196041107, 0.13759471476078033, 0.13173504173755646], "accuracy": [0.8620166778564453, 0.9305333495140076, 0.9390666484832764, 0.9454666376113892, 0.9481666684150696, 0.951449990272522, 0.9537166953086853, 0.9572833180427551, 0.9582666754722595, 0.9603166580200195], "val_loss": [0.2557927370071411, 0.21318915486335754, 0.211014524102211, 0.1902565211057663, 0.19937340915203094, 0.17370279133319855, 0.1642751395702362, 0.1623796820640564, 0.16461493074893951, 0.15698029100894928], "val_accuracy": [0.9253000020980835, 0.9361000061035156, 0.9379000067710876, 0.9434999823570251, 0.9409000277519226, 0.9473000168800354, 0.9521999955177307, 0.9537000060081482, 0.9539999961853027, 0.9553999900817871]}