{"loss": [0.3811126947402954, 0.11754029989242554, 0.10772401839494705, 0.0976974368095398, 0.09717486053705215, 0.09278848767280579, 0.09280414134263992, 0.08486735075712204, 0.0951131209731102, 0.08396074175834656], "accuracy": [0.8879666924476624, 0.9655500054359436, 0.9682499766349792, 0.9714999794960022, 0.9718999862670898, 0.9733499884605408, 0.974399983882904, 0.9761666655540466, 0.9739999771118164, 0.9772666692733765], "val_loss": [0.15732544660568237, 0.10403305292129517, 0.08804049342870712, 0.1002596989274025, 0.11557966470718384, 0.11227982491254807, 0.11449738591909409, 0.1191406399011612, 0.14316633343696594, 0.12001204490661621], "val_accuracy": [0.9528999924659729, 0.9685999751091003, 0.9772999882698059, 0.9726999998092651, 0.9692999720573425, 0.9700999855995178, 0.9706000089645386, 0.967199981212616, 0.9671000242233276, 0.9724000096321106]}