{"loss": [1.6729964017868042, 1.8908264636993408, 1.9188473224639893, 1.9472965002059937, 1.9375582933425903, 1.9626110792160034, 1.9156370162963867, 1.921979308128357, 1.9921525716781616, 1.978990077972412], "accuracy": [0.8600666522979736, 0.8797000050544739, 0.8844833374023438, 0.8877666592597961, 0.8915666937828064, 0.8892666697502136, 0.8926666378974915, 0.892799973487854, 0.8921833038330078, 0.89410001039505], "val_loss": [1.647401213645935, 2.125185489654541, 2.115727424621582, 2.0731425285339355, 2.316650629043579, 2.1910324096679688, 2.1486356258392334, 1.9542105197906494, 2.2204196453094482, 2.6470065116882324], "val_accuracy": [0.8820000290870667, 0.8535000085830688, 0.8894000053405762, 0.8974999785423279, 0.8766999840736389, 0.8953999876976013, 0.8938999772071838, 0.9053000211715698, 0.900600016117096, 0.8672000169754028]}