{"loss": [1.1442347764968872, 1.2331336736679077, 1.2954133749008179, 1.3172460794448853, 1.3033533096313477, 1.3122321367263794, 1.3205355405807495, 1.3147133588790894, 1.3272298574447632, 1.3477517366409302], "accuracy": [0.8625666499137878, 0.8845000267028809, 0.8871666789054871, 0.8886500000953674, 0.8899166584014893, 0.8928666710853577, 0.8930166959762573, 0.892799973487854, 0.8936166763305664, 0.8938000202178955], "val_loss": [1.2497055530548096, 1.403281569480896, 1.347942590713501, 1.3776304721832275, 1.499090552330017, 1.3541053533554077, 1.7223925590515137, 1.4214361906051636, 1.4578171968460083, 1.567480206489563], "val_accuracy": [0.8738999962806702, 0.8863000273704529, 0.8813999891281128, 0.8963000178337097, 0.885699987411499, 0.8962000012397766, 0.8797000050544739, 0.9039999842643738, 0.904699981212616, 0.8914999961853027]}