{"loss": [0.19319632649421692, 0.05357234552502632, 0.03735869377851486, 0.028953535482287407, 0.02300814352929592, 0.020094232633709908, 0.0170515738427639, 0.016885364428162575, 0.015870383009314537, 0.013888363726437092, 0.013835485093295574, 0.012721965089440346, 0.012988763861358166, 0.012789259664714336, 0.011931495741009712, 0.011430122889578342, 0.011709622107446194, 0.010933342389762402, 0.008585453033447266, 0.011178289540112019], "accuracy": [0.9392833113670349, 0.9835333228111267, 0.9889333248138428, 0.9910833239555359, 0.9932666420936584, 0.9944000244140625, 0.9950666427612305, 0.9949166774749756, 0.9959166646003723, 0.996566653251648, 0.9962166547775269, 0.9965500235557556, 0.9968666434288025, 0.9969833493232727, 0.9968000054359436, 0.9971666932106018, 0.9975500106811523, 0.9977333545684814, 0.9979833364486694, 0.9976333379745483], "val_loss": [0.05772946774959564, 0.04518868401646614, 0.04868346452713013, 0.042516350746154785, 0.046794191002845764, 0.04519563168287277, 0.05706106126308441, 0.06677289307117462, 0.042269546538591385, 0.07311554253101349, 0.08244737982749939, 0.10222901403903961, 0.09136749804019928, 0.11241021752357483, 0.10055376589298248, 0.09705041348934174, 0.07386622577905655, 0.13089267909526825, 0.12176519632339478, 0.2070705145597458], "val_accuracy": [0.9825000166893005, 0.9869999885559082, 0.9876999855041504, 0.9908999800682068, 0.9905999898910522, 0.9900000095367432, 0.9878000020980835, 0.9876999855041504, 0.9891999959945679, 0.9876999855041504, 0.9876000285148621, 0.9890000224113464, 0.9889000058174133, 0.9840999841690063, 0.9864000082015991, 0.9871000051498413, 0.9896000027656555, 0.9883999824523926, 0.9868999719619751, 0.9851999878883362]}