{"loss": [0.15960553288459778, 0.07024353742599487, 0.05835938826203346, 0.04914943873882294, 0.043005190789699554, 0.03972828388214111, 0.03869439661502838, 0.03534974902868271, 0.03380415588617325, 0.029611507430672646, 0.033120717853307724, 0.030415590852499008, 0.026145564392209053, 0.025058908388018608, 0.026600630953907967, 0.027669858187437057, 0.02579057775437832, 0.02626793272793293, 0.025173267349600792, 0.02850497141480446], "accuracy": [0.952049970626831, 0.978766679763794, 0.9819166660308838, 0.984000027179718, 0.986299991607666, 0.9872166514396667, 0.9876166582107544, 0.9894166588783264, 0.989466667175293, 0.9903833270072937, 0.989883303642273, 0.9906833171844482, 0.9924666881561279, 0.9930166602134705, 0.9923833608627319, 0.9920499920845032, 0.992733359336853, 0.9929333329200745, 0.9929666519165039, 0.9925833344459534], "val_loss": [0.08144953846931458, 0.07336119562387466, 0.07088510692119598, 0.08234528452157974, 0.08098269999027252, 0.09108404070138931, 0.08689101785421371, 0.09846467524766922, 0.08389908820390701, 0.11373081058263779, 0.1062508150935173, 0.11309430003166199, 0.1478177011013031, 0.14053501188755035, 0.1237514317035675, 0.14196790754795074, 0.1322789490222931, 0.12419744580984116, 0.14571742713451385, 0.16698722541332245], "val_accuracy": [0.974399983882904, 0.9764000177383423, 0.9790999889373779, 0.9771999716758728, 0.9763000011444092, 0.9769999980926514, 0.9786999821662903, 0.9779999852180481, 0.9789999723434448, 0.9764000177383423, 0.9786999821662903, 0.977400004863739, 0.9714000225067139, 0.9772999882698059, 0.9796000123023987, 0.9764000177383423, 0.9782000184059143, 0.9800999760627747, 0.9797999858856201, 0.9776999950408936]}