{"loss": [0.3447534739971161, 0.11956097185611725, 0.11439357697963715, 0.11386092752218246, 0.11716247349977493, 0.12017551064491272, 0.11895480751991272, 0.1214669793844223, 0.1191452145576477, 0.12808692455291748], "accuracy": [0.9018666744232178, 0.9685166478157043, 0.9711666703224182, 0.9723666906356812, 0.9717000126838684, 0.9715833067893982, 0.9711999893188477, 0.9714499711990356, 0.972000002861023, 0.9711833596229553], "val_loss": [0.5325847864151001, 0.10728219151496887, 0.08134889602661133, 0.12058388441801071, 0.0951870009303093, 0.1525377631187439, 0.2017451524734497, 0.10185513645410538, 0.11292437463998795, 0.1058889776468277], "val_accuracy": [0.8615999817848206, 0.9714000225067139, 0.977400004863739, 0.9718999862670898, 0.972599983215332, 0.9664000272750854, 0.9643999934196472, 0.972100019454956, 0.97079998254776, 0.9745000004768372]}