{"loss": [0.25794899463653564, 0.11572517454624176, 0.07916861027479172, 0.059856485575437546, 0.0464409776031971, 0.0367174856364727, 0.02914951555430889, 0.023386184126138687, 0.019581224769353867, 0.01571059226989746], "accuracy": [0.9266166687011719, 0.9659333229064941, 0.9762166738510132, 0.9819333553314209, 0.9853833317756653, 0.9885833263397217, 0.9905166625976562, 0.992733359336853, 0.9941333532333374, 0.9950166940689087], "val_loss": [0.13212363421916962, 0.09928049147129059, 0.0849997028708458, 0.07304289191961288, 0.07785657793283463, 0.09032323956489563, 0.07460317015647888, 0.08608449995517731, 0.09259586781263351, 0.0774315670132637], "val_accuracy": [0.9610999822616577, 0.9703999757766724, 0.972599983215332, 0.9767000079154968, 0.9769999980926514, 0.9717000126838684, 0.9783999919891357, 0.9740999937057495, 0.9735000133514404, 0.9797999858856201]}