{"loss": [0.37171393632888794, 0.3280092477798462, 0.3258781135082245, 0.3240756392478943, 0.326374888420105, 0.325734406709671, 0.32596930861473083, 0.32585087418556213, 0.32489174604415894, 0.3265797793865204], "accuracy": [0.8955333232879639, 0.9147166609764099, 0.9163500070571899, 0.9183666706085205, 0.9197499752044678, 0.9192500114440918, 0.9201833605766296, 0.9207666516304016, 0.9220499992370605, 0.9208833575248718], "val_loss": [0.3127933740615845, 0.35954007506370544, 0.32398703694343567, 0.3745637834072113, 0.3581949472427368, 0.3782730996608734, 0.38854843378067017, 0.3656408190727234, 0.400631308555603, 0.3866913616657257], "val_accuracy": [0.9168000221252441, 0.9121000170707703, 0.9214000105857849, 0.9136000275611877, 0.9164999723434448, 0.9093999862670898, 0.9085000157356262, 0.9207000136375427, 0.906000018119812, 0.9153000116348267]}