{"loss": [0.36416372656822205, 0.10035063326358795, 0.08718954026699066, 0.08335128426551819, 0.08105877786874771, 0.0732804387807846, 0.0739605650305748, 0.06617435067892075, 0.06732809543609619, 0.06487203389406204, 0.06480275094509125, 0.06757192313671112, 0.06521593779325485, 0.058670524507761, 0.06376964598894119, 0.06516920030117035, 0.05933074280619621, 0.07169178873300552, 0.06652110069990158, 0.061923447996377945], "accuracy": [0.9035333395004272, 0.9706000089645386, 0.9739166498184204, 0.9760500192642212, 0.9768166542053223, 0.9794333577156067, 0.9796000123023987, 0.9821166396141052, 0.981333315372467, 0.9825000166893005, 0.9835000038146973, 0.982616662979126, 0.9831666946411133, 0.9854166507720947, 0.9849833250045776, 0.9854999780654907, 0.9860000014305115, 0.9843833446502686, 0.9853333234786987, 0.9865000247955322], "val_loss": [0.10451124608516693, 0.09170738607645035, 0.11384614557027817, 0.10368609428405762, 0.07847669720649719, 0.09690365195274353, 0.11171982437372208, 0.10242249816656113, 0.09454704821109772, 0.1267138123512268, 0.10384776443243027, 0.14969682693481445, 0.11788039654493332, 0.11647976189851761, 0.18518123030662537, 0.10839478671550751, 0.14884676039218903, 0.14065015316009521, 0.2533162236213684, 0.13707099854946136], "val_accuracy": [0.9697999954223633, 0.9718000292778015, 0.9728999733924866, 0.9729999899864197, 0.979200005531311, 0.9745000004768372, 0.9735000133514404, 0.9768000245094299, 0.9778000116348267, 0.9674999713897705, 0.9751999974250793, 0.965499997138977, 0.9771999716758728, 0.9779000282287598, 0.9686999917030334, 0.9801999926567078, 0.9750999808311462, 0.9765999913215637, 0.9602000117301941, 0.9778000116348267]}