{"loss": [0.371702641248703, 0.32756930589675903, 0.3262307345867157, 0.3237082064151764, 0.3249812424182892, 0.32613009214401245, 0.32561957836151123, 0.3261987268924713, 0.32599350810050964, 0.32598674297332764, 0.32742899656295776, 0.3269692659378052, 0.32617509365081787, 0.3280096650123596, 0.327532559633255, 0.32938605546951294, 0.32809826731681824, 0.33015674352645874, 0.32877373695373535, 0.331184446811676], "accuracy": [0.895883321762085, 0.9144333600997925, 0.9168000221252441, 0.9196000099182129, 0.9199166893959045, 0.9207833409309387, 0.9203333258628845, 0.9204999804496765, 0.9218833446502686, 0.9212999939918518, 0.9223166704177856, 0.9216333627700806, 0.9223999977111816, 0.9225666522979736, 0.923466682434082, 0.9226666688919067, 0.923633337020874, 0.9224500060081482, 0.9240000247955322, 0.922249972820282], "val_loss": [0.32939961552619934, 0.33971452713012695, 0.3646600544452667, 0.3517237901687622, 0.3730989396572113, 0.3823525607585907, 0.3560517430305481, 0.36687442660331726, 0.3619944453239441, 0.38984569907188416, 0.3851379454135895, 0.38226285576820374, 0.3876308500766754, 0.3817785978317261, 0.3941234350204468, 0.4453616738319397, 0.3810001611709595, 0.38472437858581543, 0.41451215744018555, 0.4569304585456848], "val_accuracy": [0.9135000109672546, 0.9153000116348267, 0.9136999845504761, 0.9194999933242798, 0.9139999747276306, 0.9122999906539917, 0.9200999736785889, 0.9230999946594238, 0.9228000044822693, 0.9140999913215637, 0.9182999730110168, 0.9187999963760376, 0.9180999994277954, 0.9190999865531921, 0.9164000153541565, 0.9053999781608582, 0.9186999797821045, 0.921999990940094, 0.916100025177002, 0.9031000137329102]}