{"loss": [0.46578723192214966, 0.3033044636249542, 0.28243955969810486, 0.27317434549331665, 0.2659169137477875, 0.2619595229625702, 0.25821295380592346, 0.25536495447158813, 0.25291118025779724, 0.25082728266716003, 0.24874483048915863, 0.24796949326992035, 0.24640168249607086, 0.2446061372756958, 0.24376118183135986, 0.24293573200702667, 0.24176441133022308, 0.24117527902126312, 0.24058732390403748, 0.23990915715694427], "accuracy": [0.878849983215332, 0.9160333275794983, 0.9210666418075562, 0.9239166378974915, 0.9261666536331177, 0.9277166724205017, 0.9286999702453613, 0.9291333556175232, 0.9300500154495239, 0.930733323097229, 0.9317833185195923, 0.9314500093460083, 0.9322333335876465, 0.9320166707038879, 0.933733344078064, 0.9331499934196472, 0.9334499835968018, 0.9332333207130432, 0.934416651725769, 0.9345666766166687], "val_loss": [0.30951356887817383, 0.28286269307136536, 0.27725353837013245, 0.2739408612251282, 0.2686868906021118, 0.26318448781967163, 0.26557615399360657, 0.26352086663246155, 0.2663949429988861, 0.26401376724243164, 0.2633060812950134, 0.26524102687835693, 0.26445212960243225, 0.2682294249534607, 0.26407235860824585, 0.26710936427116394, 0.2666139006614685, 0.2690642774105072, 0.2656724452972412, 0.2700861096382141], "val_accuracy": [0.9138000011444092, 0.920799970626831, 0.9222999811172485, 0.9240000247955322, 0.9243999719619751, 0.9276999831199646, 0.9273999929428101, 0.9272000193595886, 0.9261999726295471, 0.928600013256073, 0.9276999831199646, 0.9273999929428101, 0.9279000163078308, 0.9266999959945679, 0.9276000261306763, 0.9269999861717224, 0.9287999868392944, 0.9265999794006348, 0.9276999831199646, 0.9269000291824341]}