{"loss": [0.5534988641738892, 0.3248641788959503, 0.29638200998306274, 0.2822805941104889, 0.2737376093864441, 0.26853010058403015, 0.2637996971607208, 0.26049211621284485, 0.2574852406978607, 0.25504010915756226, 0.2528851628303528, 0.2507775127887726, 0.24965208768844604, 0.24819441139698029, 0.24675635993480682, 0.2454298883676529, 0.24441270530223846, 0.24372465908527374, 0.24264809489250183, 0.2418304681777954], "accuracy": [0.8582333326339722, 0.9100000262260437, 0.9172000288963318, 0.9213500022888184, 0.9237333536148071, 0.9245166778564453, 0.9266499876976013, 0.9275000095367432, 0.9284833073616028, 0.929183304309845, 0.9297999739646912, 0.9307500123977661, 0.9313666820526123, 0.9314833283424377, 0.9314666390419006, 0.932616651058197, 0.9329833388328552, 0.9330999851226807, 0.9330499768257141, 0.9332333207130432], "val_loss": [0.3361746370792389, 0.2964937090873718, 0.282497376203537, 0.273919016122818, 0.27215635776519775, 0.2675071060657501, 0.265781044960022, 0.2659122347831726, 0.2651180922985077, 0.2606889605522156, 0.2598719894886017, 0.26544466614723206, 0.26221340894699097, 0.26516541838645935, 0.26865890622138977, 0.2624514698982239, 0.264293909072876, 0.2658129632472992, 0.2654378414154053, 0.26764023303985596], "val_accuracy": [0.9089999794960022, 0.9176999926567078, 0.9218999743461609, 0.9235000014305115, 0.9235000014305115, 0.9251999855041504, 0.9259999990463257, 0.9254000186920166, 0.9243000149726868, 0.9269999861717224, 0.926800012588501, 0.926800012588501, 0.9275000095367432, 0.927299976348877, 0.9261000156402588, 0.9261000156402588, 0.9276999831199646, 0.9279000163078308, 0.9272000193595886, 0.9261000156402588]}