{"loss": [0.3565002381801605, 0.3079671859741211, 0.2997422218322754, 0.29418590664863586, 0.2968163788318634, 0.2887425720691681, 0.2864498794078827, 0.2874201238155365, 0.2852097153663635, 0.28573963046073914], "accuracy": [0.8983666896820068, 0.9139000177383423, 0.9180499911308289, 0.9200833439826965, 0.9180333614349365, 0.9214666485786438, 0.9207000136375427, 0.9212666749954224, 0.920199990272522, 0.9223166704177856], "val_loss": [0.30996501445770264, 0.32434380054473877, 0.30246400833129883, 0.3171166777610779, 0.32253238558769226, 0.30483412742614746, 0.32455581426620483, 0.36574164032936096, 0.33609095215797424, 0.35922032594680786], "val_accuracy": [0.9156000018119812, 0.9121000170707703, 0.9204999804496765, 0.9180999994277954, 0.9172000288963318, 0.9254999756813049, 0.9207000136375427, 0.9059000015258789, 0.9144999980926514, 0.9074000120162964]}