{"loss": [0.19870136678218842, 0.06859232485294342, 0.049316633492708206, 0.037536315619945526, 0.03086020052433014, 0.02299649640917778, 0.01926664635539055, 0.014784364029765129, 0.011784037575125694, 0.010076941922307014, 0.008270757272839546, 0.007098755799233913, 0.007508339360356331, 0.005583610851317644, 0.005480071064084768, 0.003436298808082938, 0.005031266249716282, 0.003868567058816552, 0.002673199400305748, 0.005289142485707998], "accuracy": [0.9416999816894531, 0.9797000288963318, 0.9847833514213562, 0.9883833527565002, 0.9902333617210388, 0.9926499724388123, 0.9935833215713501, 0.9950666427612305, 0.9961833357810974, 0.9969833493232727, 0.9971833229064941, 0.9977666735649109, 0.9976000189781189, 0.9980833530426025, 0.998116672039032, 0.9989500045776367, 0.99836665391922, 0.9987166523933411, 0.9991499781608582, 0.9980833530426025], "val_loss": [0.08720231056213379, 0.05572323501110077, 0.05166436731815338, 0.0522661916911602, 0.05032382160425186, 0.0491422563791275, 0.060254327952861786, 0.05548049136996269, 0.06713545322418213, 0.060558125376701355, 0.06022259593009949, 0.05899825319647789, 0.06736832112073898, 0.07191023230552673, 0.08063269406557083, 0.07851988822221756, 0.07900035381317139, 0.08054950088262558, 0.08821653574705124, 0.07425329089164734], "val_accuracy": [0.9728000164031982, 0.98089998960495, 0.9836000204086304, 0.9847000241279602, 0.9848999977111816, 0.9847999811172485, 0.9829000234603882, 0.9850999712944031, 0.9821000099182129, 0.9843000173568726, 0.9846000075340271, 0.9847000241279602, 0.9847000241279602, 0.9832000136375427, 0.9828000068664551, 0.984000027179718, 0.9835000038146973, 0.9843000173568726, 0.9824000000953674, 0.9855999946594238]}