{"loss": [0.37377047538757324, 0.3282138407230377, 0.325600802898407, 0.325269490480423, 0.32364338636398315, 0.3261202573776245, 0.32582002878189087, 0.32523196935653687, 0.32550159096717834, 0.3256654441356659], "accuracy": [0.8952833414077759, 0.914733350276947, 0.9170500040054321, 0.9181833267211914, 0.9199000000953674, 0.9191833138465881, 0.9202166795730591, 0.9219333529472351, 0.9209833145141602, 0.921999990940094], "val_loss": [0.3388882279396057, 0.32094842195510864, 0.33347612619400024, 0.35897523164749146, 0.37481871247291565, 0.376624196767807, 0.34705814719200134, 0.371526837348938, 0.39064347743988037, 0.3818170130252838], "val_accuracy": [0.9146999716758728, 0.9215999841690063, 0.9214000105857849, 0.9139000177383423, 0.9150000214576721, 0.9154000282287598, 0.9243000149726868, 0.9144999980926514, 0.9154999852180481, 0.9160000085830688]}