{"loss": [0.2642938196659088, 0.10683279484510422, 0.09004630893468857, 0.07819689810276031, 0.07134484499692917, 0.06701360642910004, 0.061165157705545425, 0.05922133848071098, 0.053452666848897934, 0.05087362974882126, 0.051231175661087036, 0.04632417857646942, 0.04556502774357796, 0.04430675506591797, 0.04246402904391289, 0.04339441657066345, 0.04020713269710541, 0.03829704970121384, 0.040287137031555176, 0.034209150820970535], "accuracy": [0.9193833470344543, 0.9678999781608582, 0.9723333120346069, 0.9762666821479797, 0.9781833291053772, 0.9790499806404114, 0.9807166457176208, 0.9815999865531921, 0.9830499887466431, 0.9841166734695435, 0.9839500188827515, 0.9852499961853027, 0.9855499863624573, 0.9858499765396118, 0.9865333437919617, 0.9861833453178406, 0.9869999885559082, 0.987333357334137, 0.987333357334137, 0.9888333082199097], "val_loss": [0.09985695779323578, 0.10461025685071945, 0.0920775756239891, 0.08855518698692322, 0.09586349129676819, 0.0846278965473175, 0.07994769513607025, 0.10468026250600815, 0.08515345305204391, 0.10858765989542007, 0.1195407584309578, 0.10285592079162598, 0.10292923450469971, 0.108120396733284, 0.1022859588265419, 0.11657392233610153, 0.11508285999298096, 0.119255430996418, 0.12558285892009735, 0.1428961455821991], "val_accuracy": [0.9685999751091003, 0.9690999984741211, 0.972599983215332, 0.9739999771118164, 0.9735999703407288, 0.9751999974250793, 0.9753999710083008, 0.973800003528595, 0.9761999845504761, 0.9735000133514404, 0.9696999788284302, 0.9735999703407288, 0.9761999845504761, 0.9739000201225281, 0.9732000231742859, 0.9732000231742859, 0.9733999967575073, 0.9746999740600586, 0.9739000201225281, 0.9745000004768372]}