{"loss": [1.9373118877410889, 1.9299976825714111, 1.9354448318481445, 1.889683723449707, 1.952831745147705, 1.919898509979248, 1.9322009086608887, 1.9608904123306274, 1.9679969549179077, 1.9483225345611572], "accuracy": [0.8541666865348816, 0.8796166777610779, 0.883566677570343, 0.8870999813079834, 0.889549970626831, 0.8902833461761475, 0.8902000188827515, 0.8915166854858398, 0.8905666470527649, 0.8916166424751282], "val_loss": [1.6454265117645264, 1.6461111307144165, 2.0347344875335693, 2.5745887756347656, 2.177490711212158, 1.9905277490615845, 2.652308940887451, 1.879902958869934, 2.0436618328094482, 2.1146438121795654], "val_accuracy": [0.8939999938011169, 0.8992000222206116, 0.8802000284194946, 0.8529999852180481, 0.8751000165939331, 0.8867999911308289, 0.8535000085830688, 0.8930000066757202, 0.8906000256538391, 0.8889999985694885]}