{"loss": [1.6396715641021729, 1.515056848526001, 1.536732792854309, 1.5325087308883667, 1.5291533470153809, 1.5381333827972412, 1.5080087184906006, 1.5131973028182983, 1.5224121809005737, 1.520458698272705], "accuracy": [0.8495833277702332, 0.8779666423797607, 0.8823166489601135, 0.8851833343505859, 0.8882833123207092, 0.8882499933242798, 0.8902333378791809, 0.8906000256538391, 0.8898000121116638, 0.8917833566665649], "val_loss": [1.2931954860687256, 2.0871760845184326, 1.4720572233200073, 1.8652129173278809, 1.661041259765625, 2.2147345542907715, 1.455422043800354, 1.699759602546692, 1.6082388162612915, 1.48386812210083], "val_accuracy": [0.8949000239372253, 0.8485000133514404, 0.8977000117301941, 0.8600000143051147, 0.8819000124931335, 0.855400025844574, 0.8953999876976013, 0.8903999924659729, 0.8945000171661377, 0.9060999751091003]}