{"loss": [0.2784271836280823, 0.10460790246725082, 0.09366337954998016, 0.07871156930923462, 0.08024895191192627, 0.06870517879724503, 0.0698278546333313, 0.0638694018125534, 0.06699187308549881, 0.06344017386436462, 0.06613534688949585, 0.057093676179647446, 0.05839389190077782, 0.06225713714957237, 0.06099148094654083, 0.059725742787122726, 0.061085183173418045, 0.05404633283615112, 0.05525653436779976, 0.05386216193437576], "accuracy": [0.9116666913032532, 0.9697499871253967, 0.9739500284194946, 0.9781666398048401, 0.9779833555221558, 0.9815999865531921, 0.980650007724762, 0.9824333190917969, 0.9819666743278503, 0.9828333258628845, 0.9823499917984009, 0.9844499826431274, 0.9849666953086853, 0.9843833446502686, 0.9852333068847656, 0.9851166605949402, 0.9847166538238525, 0.9864500164985657, 0.9859499931335449, 0.9870166778564453], "val_loss": [0.1352674961090088, 0.09547735005617142, 0.09421467036008835, 0.09597685188055038, 0.08471765369176865, 0.13150708377361298, 0.0756404921412468, 0.10306810587644577, 0.10184555500745773, 0.09158574044704437, 0.08600488305091858, 0.10251288115978241, 0.1283520609140396, 0.1145290657877922, 0.12119705975055695, 0.11400114744901657, 0.1321258842945099, 0.11057770997285843, 0.13587859272956848, 0.12889434397220612], "val_accuracy": [0.9606999754905701, 0.97079998254776, 0.9736999869346619, 0.9746999740600586, 0.977400004863739, 0.9710000157356262, 0.9814000129699707, 0.9767000079154968, 0.9787999987602234, 0.9782999753952026, 0.980400025844574, 0.9782999753952026, 0.9757999777793884, 0.9775000214576721, 0.9749000072479248, 0.979200005531311, 0.9742000102996826, 0.9771000146865845, 0.9710999727249146, 0.9768999814987183]}