{"loss": [0.3575843572616577, 0.18952837586402893, 0.15010826289653778, 0.1294882595539093, 0.11737389117479324, 0.10595490783452988, 0.09984010457992554, 0.09353270381689072, 0.08857332915067673, 0.08373746275901794], "accuracy": [0.8968166708946228, 0.9441499710083008, 0.9559833407402039, 0.9625499844551086, 0.9660000205039978, 0.9693166613578796, 0.9711999893188477, 0.9740666747093201, 0.9745000004768372, 0.9763500094413757], "val_loss": [0.20627248287200928, 0.1539769470691681, 0.1393490433692932, 0.1345975399017334, 0.1313210427761078, 0.12730157375335693, 0.129521906375885, 0.12915433943271637, 0.1353975534439087, 0.13758882880210876], "val_accuracy": [0.9399999976158142, 0.9531999826431274, 0.9585000276565552, 0.9627000093460083, 0.9639000296592712, 0.964900016784668, 0.9657999873161316, 0.965399980545044, 0.9646000266075134, 0.9645000100135803]}