{"loss": [0.13177883625030518, 0.04155244305729866, 0.025326276198029518, 0.014837096445262432, 0.010399723425507545, 0.006593003403395414, 0.004501432180404663, 0.0029899058863520622, 0.002037050435319543, 0.0014109002659097314], "accuracy": [0.9599166512489319, 0.9873499870300293, 0.9921333193778992, 0.9956666827201843, 0.996916651725769, 0.9980666637420654, 0.9988333582878113, 0.9991666674613953, 0.9994500279426575, 0.9995833039283752], "val_loss": [0.059402551501989365, 0.04073305428028107, 0.057659801095724106, 0.048752669245004654, 0.06838354468345642, 0.06378543376922607, 0.06263257563114166, 0.06437570601701736, 0.09735455363988876, 0.09030617028474808], "val_accuracy": [0.9811999797821045, 0.9878000020980835, 0.9847000241279602, 0.9876999855041504, 0.9837999939918518, 0.9864000082015991, 0.987500011920929, 0.9872999787330627, 0.9865999817848206, 0.9876999855041504]}