{"loss": [0.28342676162719727, 0.1315077394247055, 0.13015271723270416, 0.13643093407154083, 0.14448973536491394, 0.15959978103637695, 0.16945798695087433, 0.18112707138061523, 0.18919552862644196, 0.19393397867679596, 0.19790512323379517, 0.20951969921588898, 0.22677040100097656, 0.2131434828042984, 0.235112264752388, 0.21757550537586212, 0.23208394646644592, 0.27454879879951477, 0.24414189159870148, 0.23342160880565643], "accuracy": [0.9113333225250244, 0.9647833108901978, 0.9673666954040527, 0.9660666584968567, 0.9652666449546814, 0.9646666646003723, 0.9620833396911621, 0.9615499973297119, 0.9595833420753479, 0.9588666558265686, 0.9574333429336548, 0.9564833045005798, 0.9562166929244995, 0.9583666920661926, 0.9594166874885559, 0.9572666883468628, 0.9563500285148621, 0.9557999968528748, 0.9542666673660278, 0.9567000269889832], "val_loss": [0.1431041657924652, 0.11554266512393951, 0.120018869638443, 0.14927108585834503, 0.14394712448120117, 0.14120268821716309, 0.26585471630096436, 0.24948541820049286, 0.16852910816669464, 0.19836650788784027, 0.9295307397842407, 0.19912245869636536, 0.2254110425710678, 0.2428687959909439, 0.2624620795249939, 0.21772004663944244, 0.21691030263900757, 0.15786559879779816, 0.2663136422634125, 0.18639534711837769], "val_accuracy": [0.9588000178337097, 0.96670001745224, 0.9693999886512756, 0.9707000255584717, 0.972100019454956, 0.9685999751091003, 0.9211000204086304, 0.9656999707221985, 0.9498000144958496, 0.9692000150680542, 0.9182000160217285, 0.9591000080108643, 0.9596999883651733, 0.9643999934196472, 0.9531999826431274, 0.9624000191688538, 0.9417999982833862, 0.9671000242233276, 0.9541000127792358, 0.9613999724388123]}