{"loss": [0.37106001377105713, 0.3283390998840332, 0.3245159089565277, 0.325082391500473, 0.3275721073150635, 0.32426080107688904, 0.32552477717399597, 0.3287253677845001, 0.3266972005367279, 0.3268340229988098], "accuracy": [0.8954333066940308, 0.9146666526794434, 0.9168166518211365, 0.9196833372116089, 0.9188166856765747, 0.9201666712760925, 0.9203500151634216, 0.920116662979126, 0.9221333265304565, 0.9216166734695435], "val_loss": [0.312729150056839, 0.3709166646003723, 0.33045873045921326, 0.4175886809825897, 0.3773881196975708, 0.4088292121887207, 0.3666057586669922, 0.40076062083244324, 0.37285709381103516, 0.4209132790565491], "val_accuracy": [0.9185000061988831, 0.8985999822616577, 0.921500027179718, 0.8963000178337097, 0.914900004863739, 0.9067000150680542, 0.9205999970436096, 0.9090999960899353, 0.9147999882698059, 0.9034000039100647]}