{"loss": [0.3619980216026306, 0.3090634346008301, 0.30371400713920593, 0.29331105947494507, 0.2902179956436157, 0.2900431752204895, 0.28912413120269775, 0.2883400321006775, 0.28495490550994873, 0.2849714756011963, 0.28434208035469055, 0.28242477774620056, 0.2847752869129181, 0.2803276777267456, 0.279940664768219, 0.28189054131507874, 0.277729332447052, 0.27961286902427673, 0.2779994606971741, 0.2776049077510834], "accuracy": [0.8962500095367432, 0.9149500131607056, 0.916866660118103, 0.9200500249862671, 0.9206333160400391, 0.921916663646698, 0.9212833046913147, 0.9213666915893555, 0.9231166839599609, 0.9217000007629395, 0.9224666953086853, 0.921999990940094, 0.9212666749954224, 0.9246000051498413, 0.9230166673660278, 0.9231833219528198, 0.9244333505630493, 0.9233166575431824, 0.9241833090782166, 0.9244999885559082], "val_loss": [0.3424702286720276, 0.30628702044487, 0.3045291304588318, 0.30864202976226807, 0.331863135099411, 0.3234926164150238, 0.32931509613990784, 0.32680192589759827, 0.3238424062728882, 0.3214983642101288, 0.34608301520347595, 0.35762232542037964, 0.3429270386695862, 0.3465676009654999, 0.359645813703537, 0.3555223047733307, 0.35511669516563416, 0.34281980991363525, 0.3512055575847626, 0.362812340259552], "val_accuracy": [0.9000999927520752, 0.9150000214576721, 0.9179999828338623, 0.9182000160217285, 0.9140999913215637, 0.9168999791145325, 0.9190999865531921, 0.9165999889373779, 0.9168000221252441, 0.9194999933242798, 0.9103999733924866, 0.9103999733924866, 0.914900004863739, 0.9169999957084656, 0.9121000170707703, 0.9126999974250793, 0.9142000079154968, 0.9176999926567078, 0.9169999957084656, 0.9103000164031982]}