{"loss": [0.13836339116096497, 0.059730760753154755, 0.0432032085955143, 0.03766278550028801, 0.028050391003489494, 0.034081000834703445, 0.024245090782642365, 0.02604379877448082, 0.026541460305452347, 0.017880788072943687], "accuracy": [0.9574833512306213, 0.9820833206176758, 0.9866666793823242, 0.9885666370391846, 0.9919666647911072, 0.9903333187103271, 0.9930833578109741, 0.9926666617393494, 0.9935333132743835, 0.9955833554267883], "val_loss": [0.08306676894426346, 0.09345251321792603, 0.08038009703159332, 0.08317649364471436, 0.09157184511423111, 0.10199588537216187, 0.08835908770561218, 0.14088672399520874, 0.15114381909370422, 0.16604161262512207], "val_accuracy": [0.9750000238418579, 0.9729999899864197, 0.9807999730110168, 0.9817000031471252, 0.980400025844574, 0.9801999926567078, 0.9842000007629395, 0.9783999919891357, 0.9778000116348267, 0.9797000288963318]}