{"loss": [0.3050769567489624, 0.15085381269454956, 0.11099101603031158, 0.08843252062797546, 0.07452995330095291, 0.062492743134498596, 0.05303442105650902, 0.04613518342375755, 0.03941138833761215, 0.0354742668569088, 0.03009599819779396, 0.026369867846369743, 0.024198923259973526, 0.020177021622657776, 0.018696600571274757, 0.016495054587721825, 0.01572687365114689, 0.012429624795913696, 0.01161518320441246, 0.011597790755331516], "accuracy": [0.9160166382789612, 0.9568833112716675, 0.9677333235740662, 0.9737333059310913, 0.9775166511535645, 0.9815666675567627, 0.9838500022888184, 0.9861166477203369, 0.9881333112716675, 0.9886166453361511, 0.9907666444778442, 0.9918833374977112, 0.9920333623886108, 0.9935833215713501, 0.9943166375160217, 0.9950666427612305, 0.9952166676521301, 0.9965166449546814, 0.9963333606719971, 0.996483325958252], "val_loss": [0.1758500188589096, 0.12204983085393906, 0.10171306878328323, 0.09531780332326889, 0.09409187734127045, 0.09029359370470047, 0.09876903891563416, 0.08856817334890366, 0.0912882387638092, 0.09746653586626053, 0.10280337184667587, 0.08507256954908371, 0.09142710268497467, 0.09672682732343674, 0.09581220895051956, 0.09433292597532272, 0.10031308233737946, 0.11112723499536514, 0.10879908502101898, 0.09971357882022858], "val_accuracy": [0.9449999928474426, 0.9628999829292297, 0.9679999947547913, 0.9702000021934509, 0.9696000218391418, 0.9714999794960022, 0.9696999788284302, 0.975600004196167, 0.9749000072479248, 0.9718999862670898, 0.9706000089645386, 0.9771000146865845, 0.9757000207901001, 0.9740999937057495, 0.9747999906539917, 0.9764999747276306, 0.975600004196167, 0.9721999764442444, 0.9739999771118164, 0.9775999784469604]}