{"loss": [0.5617800354957581, 0.32631805539131165, 0.2965981066226959, 0.28294622898101807, 0.27483952045440674, 0.26840445399284363, 0.2642342150211334, 0.26033616065979004, 0.2576218247413635, 0.2553294897079468, 0.2529458999633789, 0.2511613667011261, 0.24923458695411682, 0.2482086569070816, 0.2468700408935547, 0.24575090408325195, 0.24470336735248566, 0.24389001727104187, 0.2429148405790329, 0.24209469556808472], "accuracy": [0.8564666509628296, 0.909766674041748, 0.9169833064079285, 0.9207500219345093, 0.9238166809082031, 0.9248833060264587, 0.9272000193595886, 0.9274166822433472, 0.9286666512489319, 0.928849995136261, 0.9301499724388123, 0.9306166768074036, 0.9311833381652832, 0.9313333630561829, 0.9320833086967468, 0.9320666790008545, 0.932699978351593, 0.9325166940689087, 0.9334999918937683, 0.9337666630744934], "val_loss": [0.3391118049621582, 0.29572173953056335, 0.28100067377090454, 0.2750071883201599, 0.271689772605896, 0.26640209555625916, 0.2673368453979492, 0.26652494072914124, 0.2616802752017975, 0.2626386284828186, 0.2646549344062805, 0.26447296142578125, 0.2621116638183594, 0.2633388638496399, 0.2656668424606323, 0.26340219378471375, 0.26359474658966064, 0.2669581174850464, 0.26673460006713867, 0.26428717374801636], "val_accuracy": [0.9096999764442444, 0.9171000123023987, 0.9225000143051147, 0.9230999946594238, 0.9239000082015991, 0.9272000193595886, 0.9265000224113464, 0.9258999824523926, 0.9269999861717224, 0.9276000261306763, 0.9265000224113464, 0.9265000224113464, 0.9279999732971191, 0.9273999929428101, 0.9259999990463257, 0.9262999892234802, 0.9273999929428101, 0.9244999885559082, 0.9279000163078308, 0.9283000230789185]}