{"loss": [2.193941831588745, 1.4843332767486572, 0.7550509572029114, 0.540152907371521, 0.4513777792453766, 0.4032835066318512, 0.37236955761909485, 0.3494689166545868, 0.33187469840049744, 0.3168180584907532], "accuracy": [0.30570000410079956, 0.6487333178520203, 0.7905333042144775, 0.8446499705314636, 0.8678500056266785, 0.8813999891281128, 0.8912666440010071, 0.8978833556175232, 0.9032166600227356, 0.9072833061218262], "val_loss": [1.9839273691177368, 0.95878005027771, 0.5929518938064575, 0.470165491104126, 0.411698579788208, 0.37345898151397705, 0.347307026386261, 0.33004191517829895, 0.31327879428863525, 0.3002244830131531], "val_accuracy": [0.5242000222206116, 0.7508999705314636, 0.8306000232696533, 0.8651999831199646, 0.8798999786376953, 0.8910999894142151, 0.8970999717712402, 0.9031000137329102, 0.9089000225067139, 0.9124000072479248]}