{"loss": [2.0418484210968018, 0.17336197197437286, 0.16946041584014893, 0.1733439415693283, 0.17987403273582458, 0.17030011117458344, 0.17443127930164337, 0.17205733060836792, 0.18265259265899658, 0.2021397203207016], "accuracy": [0.8968333601951599, 0.9546666741371155, 0.956766664981842, 0.9579166769981384, 0.9561166763305664, 0.9574166536331177, 0.9586666822433472, 0.9575499892234802, 0.9569500088691711, 0.9550333619117737], "val_loss": [0.1513267308473587, 0.2014131247997284, 0.1363273411989212, 0.24489779770374298, 0.608060359954834, 0.15323929488658905, 0.13443265855312347, 0.18455743789672852, 0.3739715814590454, 0.14320869743824005], "val_accuracy": [0.9599000215530396, 0.9440000057220459, 0.9628999829292297, 0.9545000195503235, 0.9341999888420105, 0.9646000266075134, 0.9610999822616577, 0.9666000008583069, 0.9416999816894531, 0.960099995136261]}