{"loss": [0.370078980922699, 0.32932355999946594, 0.32718807458877563, 0.3244823217391968, 0.3250892162322998, 0.3261857032775879, 0.32568567991256714, 0.3265243470668793, 0.3246327340602875, 0.3282669186592102], "accuracy": [0.8974833488464355, 0.9134666919708252, 0.9179333448410034, 0.9189000129699707, 0.9189500212669373, 0.920283317565918, 0.9207833409309387, 0.9211166501045227, 0.9224166870117188, 0.9212499856948853], "val_loss": [0.3630159795284271, 0.373852014541626, 0.3348897099494934, 0.3531401455402374, 0.3387141823768616, 0.3501206338405609, 0.41723135113716125, 0.3791806995868683, 0.41283491253852844, 0.40621301531791687], "val_accuracy": [0.9010000228881836, 0.9046000242233276, 0.917900025844574, 0.913100004196167, 0.9226999878883362, 0.9228000044822693, 0.9031999707221985, 0.9172999858856201, 0.909600019454956, 0.9125000238418579]}