{"loss": [0.5023277401924133, 0.31132858991622925, 0.29049134254455566, 0.28144288063049316, 0.276227205991745, 0.2723183035850525, 0.26975375413894653, 0.26782259345054626, 0.2664788067340851, 0.2651602625846863], "accuracy": [0.8689166903495789, 0.9128166437149048, 0.9187666773796082, 0.9224666953086853, 0.9243000149726868, 0.9254999756813049, 0.9273999929428101, 0.9276000261306763, 0.9287333488464355, 0.9287333488464355], "val_loss": [0.3145551383495331, 0.2852214276790619, 0.27963894605636597, 0.2734667658805847, 0.2756287455558777, 0.2710910439491272, 0.2725817561149597, 0.273411363363266, 0.2730977237224579, 0.2757755517959595], "val_accuracy": [0.9128999710083008, 0.9222000241279602, 0.9240000247955322, 0.9247000217437744, 0.9247999787330627, 0.9265000224113464, 0.9261000156402588, 0.9258999824523926, 0.9261999726295471, 0.9264000058174133]}