{"loss": [0.2907339930534363, 0.14597249031066895, 0.1103435531258583, 0.09175827354192734, 0.08028421550989151, 0.07089877873659134, 0.06445006281137466, 0.05903081223368645, 0.054253678768873215, 0.050328630954027176], "accuracy": [0.9186833500862122, 0.9576666951179504, 0.968666672706604, 0.973633348941803, 0.9768333435058594, 0.979283332824707, 0.9814000129699707, 0.9828000068664551, 0.9850166440010071, 0.9860000014305115], "val_loss": [0.17806291580200195, 0.13526561856269836, 0.11819358915090561, 0.12646514177322388, 0.10361428558826447, 0.09580492228269577, 0.09821105003356934, 0.09289512783288956, 0.10023751854896545, 0.09872351586818695], "val_accuracy": [0.945900022983551, 0.9617000222206116, 0.9660000205039978, 0.9659000039100647, 0.9706000089645386, 0.973800003528595, 0.9729999899864197, 0.9736999869346619, 0.9733999967575073, 0.9745000004768372]}