{"loss": [0.12553076446056366, 0.04350388050079346, 0.025425372645258904, 0.01641376130282879, 0.01121223159134388, 0.007448702119290829, 0.006941671948879957, 0.004952657036483288, 0.005822395905852318, 0.0037905557546764612, 0.004126934800297022, 0.0033666722010821104, 0.0030031215865164995, 0.002135666087269783, 0.0035939058288931847, 0.0018160705221816897, 0.0029151507187634706, 0.001745754387229681, 0.0028633889742195606, 0.002225572010502219], "accuracy": [0.9618499875068665, 0.9864833354949951, 0.9917500019073486, 0.9946666955947876, 0.9964333176612854, 0.9975666403770447, 0.9977666735649109, 0.9982666373252869, 0.9979333281517029, 0.9987333416938782, 0.9984833598136902, 0.9988666772842407, 0.9992166757583618, 0.9994166493415833, 0.9990000128746033, 0.9994000196456909, 0.9990000128746033, 0.9993833303451538, 0.9991166591644287, 0.9991999864578247], "val_loss": [0.05512969195842743, 0.04984366521239281, 0.04895374923944473, 0.04270264878869057, 0.04607832804322243, 0.045839063823223114, 0.06081853061914444, 0.05388642102479935, 0.07515692710876465, 0.08079632371664047, 0.07520411163568497, 0.07261316478252411, 0.07349023222923279, 0.06779380887746811, 0.0660444125533104, 0.07293430715799332, 0.07340985536575317, 0.10110342502593994, 0.08945503830909729, 0.07422482967376709], "val_accuracy": [0.9810000061988831, 0.9839000105857849, 0.984499990940094, 0.9860000014305115, 0.9861000180244446, 0.9879000186920166, 0.9853000044822693, 0.9868999719619751, 0.9839000105857849, 0.984499990940094, 0.9861999750137329, 0.9864000082015991, 0.9868999719619751, 0.9873999953269958, 0.9879999756813049, 0.9876999855041504, 0.987500011920929, 0.9851999878883362, 0.986299991607666, 0.9894000291824341]}