{"loss": [0.20927299559116364, 0.09374206513166428, 0.08405918627977371, 0.07977058738470078, 0.07885659486055374, 0.0738610252737999, 0.06956351548433304, 0.07024331390857697, 0.06566355377435684, 0.06495759636163712, 0.0639406368136406, 0.06379258632659912, 0.06216563656926155, 0.05701177939772606, 0.05502360686659813, 0.0671120285987854, 0.0667765662074089, 0.05466597154736519, 0.06319685280323029, 0.05821739882230759], "accuracy": [0.9334166646003723, 0.972516655921936, 0.9752500057220459, 0.9776666760444641, 0.9776999950408936, 0.9793999791145325, 0.9810500144958496, 0.9818000197410583, 0.9825666546821594, 0.9828333258628845, 0.9841333627700806, 0.9837333559989929, 0.9852333068847656, 0.9857333302497864, 0.98621666431427, 0.9842333197593689, 0.9850666522979736, 0.9867500066757202, 0.9857666492462158, 0.9866333603858948], "val_loss": [0.1010662168264389, 0.08836378157138824, 0.09136232733726501, 0.08649145066738129, 0.10713410377502441, 0.07850488275289536, 0.08583817631006241, 0.10326597839593887, 0.09294693917036057, 0.10686081647872925, 0.0978461503982544, 0.0910012423992157, 0.09918835759162903, 0.10355450212955475, 0.11552385240793228, 0.14884647727012634, 0.12154792249202728, 0.12655819952487946, 0.12669119238853455, 0.1126730740070343], "val_accuracy": [0.9696999788284302, 0.9742000102996826, 0.9742000102996826, 0.9751999974250793, 0.974399983882904, 0.9768999814987183, 0.980400025844574, 0.9783999919891357, 0.9779999852180481, 0.9783999919891357, 0.9781000018119812, 0.98089998960495, 0.9771999716758728, 0.9765999913215637, 0.9771999716758728, 0.9740999937057495, 0.9767000079154968, 0.9760000109672546, 0.9750000238418579, 0.9801999926567078]}