{"loss": [0.37363478541374207, 0.3293802738189697, 0.3250703513622284, 0.32384058833122253, 0.32461774349212646, 0.3259707987308502, 0.32578983902931213, 0.3256169855594635, 0.3274728059768677, 0.32777100801467896, 0.3278709650039673, 0.3270520865917206, 0.32796621322631836, 0.3277492821216583, 0.32560503482818604, 0.32846152782440186, 0.3294752836227417, 0.3302426040172577, 0.33001649379730225, 0.32994094491004944], "accuracy": [0.8953333497047424, 0.9138666391372681, 0.9174666404724121, 0.9197999835014343, 0.9201666712760925, 0.9203333258628845, 0.9206666946411133, 0.9207333326339722, 0.9222166538238525, 0.9215666651725769, 0.9213166832923889, 0.9221500158309937, 0.9223833084106445, 0.9221333265304565, 0.9222333431243896, 0.9223166704177856, 0.9230999946594238, 0.9222666621208191, 0.9227166771888733, 0.9238666892051697], "val_loss": [0.33864983916282654, 0.33537083864212036, 0.34888502955436707, 0.36489424109458923, 0.34029698371887207, 0.3602646589279175, 0.36411774158477783, 0.40006840229034424, 0.3958429992198944, 0.3801414370536804, 0.41486695408821106, 0.3956593871116638, 0.37303048372268677, 0.41799649596214294, 0.3832626938819885, 0.4105880856513977, 0.41612163186073303, 0.4197496473789215, 0.38974645733833313, 0.4066733419895172], "val_accuracy": [0.9107000231742859, 0.9151999950408936, 0.9120000004768372, 0.9146000146865845, 0.9186000227928162, 0.9164999723434448, 0.9215999841690063, 0.9050999879837036, 0.9124000072479248, 0.9200999736785889, 0.9135000109672546, 0.9154999852180481, 0.9193999767303467, 0.9071999788284302, 0.9211000204086304, 0.9139000177383423, 0.9156000018119812, 0.9107000231742859, 0.9217000007629395, 0.9175000190734863]}