{"loss": [0.1354319304227829, 0.04820704832673073, 0.030688943341374397, 0.019682234153151512, 0.01410960964858532, 0.011159369722008705, 0.007771933916956186, 0.005787563044577837, 0.005544368643313646, 0.004676885437220335], "accuracy": [0.9593833088874817, 0.9852333068847656, 0.9904000163078308, 0.9937999844551086, 0.9953500032424927, 0.9959333539009094, 0.9973999857902527, 0.9980166554450989, 0.9979166388511658, 0.99836665391922], "val_loss": [0.05736924335360527, 0.0519326776266098, 0.04577254503965378, 0.04736432060599327, 0.055452149361371994, 0.051803845912218094, 0.055607154965400696, 0.05252499878406525, 0.05849410966038704, 0.054625969380140305], "val_accuracy": [0.980400025844574, 0.9829000234603882, 0.984499990940094, 0.9839000105857849, 0.9850999712944031, 0.9857000112533569, 0.9847999811172485, 0.9883000254631042, 0.9861999750137329, 0.987500011920929]}