{"loss": [0.5541914701461792, 0.3245376646518707, 0.2958291471004486, 0.2823229730129242, 0.2745473086833954, 0.2682197391986847, 0.2636567950248718, 0.26028361916542053, 0.25755825638771057, 0.25472354888916016], "accuracy": [0.8583833575248718, 0.9111666679382324, 0.9179999828338623, 0.9206833243370056, 0.9233333468437195, 0.9251000285148621, 0.9266666769981384, 0.9279166460037231, 0.9283166527748108, 0.9294000267982483], "val_loss": [0.33739277720451355, 0.2936696410179138, 0.2801445424556732, 0.27640700340270996, 0.2683047950267792, 0.26667797565460205, 0.26718202233314514, 0.26484522223472595, 0.26711076498031616, 0.2624827027320862], "val_accuracy": [0.9099000096321106, 0.9185000061988831, 0.9214000105857849, 0.9236000180244446, 0.9253000020980835, 0.9259999990463257, 0.926800012588501, 0.926800012588501, 0.9246000051498413, 0.9272000193595886]}