{"loss": [0.46548134088516235, 0.3033628463745117, 0.28341153264045715, 0.27283942699432373, 0.2660621106624603, 0.2620548903942108, 0.2581654191017151, 0.2553708255290985, 0.2530266344547272, 0.2510330080986023], "accuracy": [0.879883348941803, 0.9150999784469604, 0.92044997215271, 0.9240333437919617, 0.9254833459854126, 0.9269333481788635, 0.9282666444778442, 0.9294166564941406, 0.9301666617393494, 0.9302166700363159], "val_loss": [0.30715063214302063, 0.28363361954689026, 0.27909302711486816, 0.2694939076900482, 0.26667115092277527, 0.2673395872116089, 0.2651592195034027, 0.2666042447090149, 0.26705482602119446, 0.2691127061843872], "val_accuracy": [0.916100025177002, 0.9215999841690063, 0.9225000143051147, 0.9247999787330627, 0.9248999953269958, 0.9236999750137329, 0.9258999824523926, 0.9257000088691711, 0.9259999990463257, 0.9246000051498413]}