{"loss": [0.11675609648227692, 0.03865085914731026, 0.021250490099191666, 0.013479786925017834, 0.009839884005486965, 0.008654754608869553, 0.005187625996768475, 0.004864587914198637, 0.00535814231261611, 0.004993197042495012, 0.004311935976147652, 0.002769045066088438, 0.0037206949200481176, 0.003484667045995593, 0.002450308296829462, 0.0008216689457185566, 0.003210845636203885, 0.002954450435936451, 0.00196377607062459, 0.0034314743243157864], "accuracy": [0.9644833207130432, 0.988099992275238, 0.9930999875068665, 0.9954000115394592, 0.9966333508491516, 0.9970666766166687, 0.9983000159263611, 0.998283326625824, 0.9982500076293945, 0.9984666705131531, 0.9986166954040527, 0.9990166425704956, 0.9988499879837036, 0.9988333582878113, 0.9991999864578247, 0.9997333288192749, 0.9989333152770996, 0.9991000294685364, 0.9992166757583618, 0.9989333152770996], "val_loss": [0.05524550750851631, 0.04010111093521118, 0.040704112499952316, 0.04638507589697838, 0.04198654368519783, 0.041933346539735794, 0.05319298803806305, 0.05455596745014191, 0.05799100920557976, 0.06752614676952362, 0.053248003125190735, 0.07363259792327881, 0.05696181580424309, 0.06586749106645584, 0.06437943130731583, 0.0684855654835701, 0.07855181396007538, 0.06889109313488007, 0.08533384650945663, 0.07382574677467346], "val_accuracy": [0.9818999767303467, 0.986299991607666, 0.9850000143051147, 0.9858999848365784, 0.9869999885559082, 0.9879999756813049, 0.9854999780654907, 0.9860000014305115, 0.9854000210762024, 0.9850000143051147, 0.9878000020980835, 0.9847999811172485, 0.988099992275238, 0.9866999983787537, 0.988099992275238, 0.9876999855041504, 0.9858999848365784, 0.9865999817848206, 0.9872000217437744, 0.9872000217437744]}