{"loss": [0.19293828308582306, 0.05899876728653908, 0.04187794029712677, 0.032424211502075195, 0.02570682018995285, 0.01865202561020851, 0.016567738726735115, 0.013739380054175854, 0.011709830723702908, 0.011008230037987232, 0.009394829161465168, 0.008716907352209091, 0.007117762695997953, 0.0073129902593791485, 0.003595604794099927, 0.0077121444046497345, 0.007495598867535591, 0.003948368597775698, 0.005378514062613249, 0.004909988027065992], "accuracy": [0.9396166801452637, 0.9823333621025085, 0.987333357334137, 0.9900833368301392, 0.9915833473205566, 0.9940333366394043, 0.9947333335876465, 0.9955833554267883, 0.9962833523750305, 0.9966833591461182, 0.9969666600227356, 0.9969333410263062, 0.997783362865448, 0.9974666833877563, 0.9989500045776367, 0.9973666667938232, 0.997866690158844, 0.9986500144004822, 0.9981833100318909, 0.9983999729156494], "val_loss": [0.06630956381559372, 0.059490106999874115, 0.04754163697361946, 0.04649345949292183, 0.0517389178276062, 0.04558004438877106, 0.039886560291051865, 0.05137276649475098, 0.053414709866046906, 0.04684924706816673, 0.08245126903057098, 0.05035668611526489, 0.051029350608587265, 0.06148582696914673, 0.07205291837453842, 0.059318628162145615, 0.05689232051372528, 0.10973379015922546, 0.05803193524479866, 0.068842813372612], "val_accuracy": [0.9797000288963318, 0.9830999970436096, 0.9868999719619751, 0.9864000082015991, 0.9868000149726868, 0.9878000020980835, 0.9894999861717224, 0.9876999855041504, 0.9876999855041504, 0.9894999861717224, 0.9825000166893005, 0.9902999997138977, 0.9894000291824341, 0.9876999855041504, 0.9869999885559082, 0.9878000020980835, 0.9883999824523926, 0.9839000105857849, 0.9897000193595886, 0.9879999756813049]}