{"loss": [0.15380769968032837, 0.05688749998807907, 0.038385894149541855, 0.029935454949736595, 0.021319711580872536, 0.01637311279773712, 0.014241710305213928, 0.011870060116052628, 0.011943983845412731, 0.009897436946630478, 0.007430652156472206, 0.010338726453483105, 0.006473568733781576, 0.008852824568748474, 0.007555780932307243, 0.008043257519602776, 0.005346597172319889, 0.005887244362384081, 0.0062404475174844265, 0.006215129978954792], "accuracy": [0.9521333575248718, 0.9826833605766296, 0.9883666634559631, 0.9908499717712402, 0.9932000041007996, 0.994783341884613, 0.995283305644989, 0.9961166381835938, 0.9964333176612854, 0.9968000054359436, 0.9977166652679443, 0.9966833591461182, 0.997866690158844, 0.9972333312034607, 0.9977999925613403, 0.9976999759674072, 0.9983833432197571, 0.9984833598136902, 0.9982166886329651, 0.9983166456222534], "val_loss": [0.08084571361541748, 0.05381222069263458, 0.04698357358574867, 0.04258392006158829, 0.050452593713998795, 0.051948100328445435, 0.0582374706864357, 0.06325514614582062, 0.05361039564013481, 0.05946095660328865, 0.058433905243873596, 0.06775365024805069, 0.057248760014772415, 0.05717089772224426, 0.06188853830099106, 0.06143204867839813, 0.0798395648598671, 0.07940194010734558, 0.0701458752155304, 0.05713839828968048], "val_accuracy": [0.9751999974250793, 0.9839000105857849, 0.986299991607666, 0.9886000156402588, 0.9861000180244446, 0.9871000051498413, 0.9860000014305115, 0.9842000007629395, 0.9879999756813049, 0.9868999719619751, 0.9886000156402588, 0.9872000217437744, 0.9882000088691711, 0.9890999794006348, 0.9891999959945679, 0.989300012588501, 0.987500011920929, 0.988099992275238, 0.9882000088691711, 0.9898999929428101]}