{"loss": [0.44721177220344543, 0.25363728404045105, 0.22524550557136536, 0.2115435004234314, 0.20104411244392395, 0.1933177411556244, 0.1859932690858841, 0.17946122586727142, 0.17550523579120636, 0.17153427004814148], "accuracy": [0.8755166530609131, 0.928433358669281, 0.9351999759674072, 0.9399499893188477, 0.9430166482925415, 0.9456666707992554, 0.9477666616439819, 0.9490500092506409, 0.9509833455085754, 0.9525833129882812], "val_loss": [0.2676524519920349, 0.23380959033966064, 0.2216494381427765, 0.20725485682487488, 0.21693283319473267, 0.20061200857162476, 0.19762022793293, 0.20472590625286102, 0.19464606046676636, 0.19693692028522491], "val_accuracy": [0.9218000173568726, 0.9308000206947327, 0.9363999962806702, 0.9399999976158142, 0.9395999908447266, 0.9430999755859375, 0.9440000057220459, 0.9422000050544739, 0.9451000094413757, 0.9462000131607056]}