{"loss": [0.5047352910041809, 0.31097477674484253, 0.2908070385456085, 0.28182461857795715, 0.2760627269744873, 0.2725115120410919, 0.2700496017932892, 0.26754987239837646, 0.2659924626350403, 0.26482489705085754], "accuracy": [0.8703333139419556, 0.9133333563804626, 0.9186000227928162, 0.9218666553497314, 0.9243166446685791, 0.9251999855041504, 0.9267500042915344, 0.9281833171844482, 0.928766667842865, 0.9292666912078857], "val_loss": [0.3137330114841461, 0.28734034299850464, 0.2819073796272278, 0.2762068212032318, 0.27335917949676514, 0.27351269125938416, 0.2751617133617401, 0.27742987871170044, 0.2731224298477173, 0.2750645875930786], "val_accuracy": [0.9124000072479248, 0.9203000068664551, 0.9221000075340271, 0.9244999885559082, 0.9247999787330627, 0.9254000186920166, 0.9258999824523926, 0.9269000291824341, 0.9265000224113464, 0.9261000156402588]}