{"loss": [0.15701518952846527, 0.05645459517836571, 0.04034348577260971, 0.02882985584437847, 0.022933822125196457, 0.019009003415703773, 0.016320308670401573, 0.014045179821550846, 0.013102324679493904, 0.010255526751279831], "accuracy": [0.9508000016212463, 0.9829000234603882, 0.9876499772071838, 0.9905666708946228, 0.9927499890327454, 0.9938333630561829, 0.9949333071708679, 0.9956166744232178, 0.9961166381835938, 0.9968500137329102], "val_loss": [0.06633245199918747, 0.049544621258974075, 0.04816916957497597, 0.03891339898109436, 0.037389542907476425, 0.05663541704416275, 0.053759489208459854, 0.054682422429323196, 0.045480579137802124, 0.05583803728222847], "val_accuracy": [0.9789000153541565, 0.9840999841690063, 0.9848999977111816, 0.989799976348877, 0.9898999929428101, 0.9872999787330627, 0.9861000180244446, 0.9878000020980835, 0.9879000186920166, 0.9889000058174133]}