{"loss": [0.18433064222335815, 0.05688107758760452, 0.042043570429086685, 0.03051016665995121, 0.0252993144094944, 0.01927655190229416, 0.016954217106103897, 0.01385686919093132, 0.010780886746942997, 0.01163600292056799], "accuracy": [0.942716658115387, 0.9827333092689514, 0.9866333603858948, 0.9901666641235352, 0.9919666647911072, 0.9937999844551086, 0.9942499995231628, 0.9956333041191101, 0.9965000152587891, 0.9962000250816345], "val_loss": [0.06409675627946854, 0.062247902154922485, 0.05045764520764351, 0.05738751217722893, 0.041661955416202545, 0.0499136708676815, 0.04084179550409317, 0.0401323102414608, 0.057209618389606476, 0.05474010482430458], "val_accuracy": [0.9801999926567078, 0.9807999730110168, 0.984000027179718, 0.9837999939918518, 0.9884999990463257, 0.987500011920929, 0.9887999892234802, 0.9889000058174133, 0.9861999750137329, 0.9854999780654907]}