{"loss": [0.4995039701461792, 0.3103712201118469, 0.2903588116168976, 0.28134143352508545, 0.27569544315338135, 0.2721603810787201, 0.2701164484024048, 0.26784223318099976, 0.26623401045799255, 0.26503658294677734, 0.26405614614486694, 0.26336750388145447, 0.2629677951335907, 0.2622641324996948, 0.2617025673389435, 0.2613254487514496, 0.2610757350921631, 0.2609928548336029, 0.2605608105659485, 0.26035138964653015], "accuracy": [0.8722000122070312, 0.9136499762535095, 0.9193500280380249, 0.9218999743461609, 0.9246500134468079, 0.9249833226203918, 0.927049994468689, 0.9277333617210388, 0.9285666942596436, 0.928849995136261, 0.9293500185012817, 0.9307000041007996, 0.930400013923645, 0.930483341217041, 0.9316499829292297, 0.9315000176429749, 0.9311500191688538, 0.9315500259399414, 0.9317833185195923, 0.9324166774749756], "val_loss": [0.31489813327789307, 0.2858603000640869, 0.2808191180229187, 0.27708861231803894, 0.27381664514541626, 0.2741563022136688, 0.2737729847431183, 0.27383896708488464, 0.27473390102386475, 0.27478858828544617, 0.2760923206806183, 0.2752707302570343, 0.28236818313598633, 0.2756151854991913, 0.2792774438858032, 0.28535714745521545, 0.2831530272960663, 0.28273382782936096, 0.28446319699287415, 0.28315839171409607], "val_accuracy": [0.9118000268936157, 0.9200000166893005, 0.9218000173568726, 0.9243999719619751, 0.925000011920929, 0.9247999787330627, 0.9264000058174133, 0.925599992275238, 0.9264000058174133, 0.9276999831199646, 0.9265999794006348, 0.9269000291824341, 0.9269000291824341, 0.927299976348877, 0.9265000224113464, 0.9266999959945679, 0.9283999800682068, 0.9266999959945679, 0.9266999959945679, 0.9272000193595886]}