{"loss": [0.43863070011138916, 0.30249860882759094, 0.2895091772079468, 0.2834126353263855, 0.2819703221321106, 0.2807113528251648, 0.27959880232810974, 0.2786844074726105, 0.2789733409881592, 0.2791779637336731, 0.27905380725860596, 0.2788654863834381, 0.28008899092674255, 0.27979305386543274, 0.2806198298931122, 0.2815185785293579, 0.28169143199920654, 0.28194332122802734, 0.2828333377838135, 0.2826918363571167], "accuracy": [0.8825333118438721, 0.9165833592414856, 0.9207500219345093, 0.9229333400726318, 0.9247166514396667, 0.9264666438102722, 0.9270166754722595, 0.9282333254814148, 0.9283666610717773, 0.928933322429657, 0.9294999837875366, 0.9296833276748657, 0.9296333193778992, 0.930649995803833, 0.9307000041007996, 0.9307833313941956, 0.9304333329200745, 0.9312999844551086, 0.9314000010490417, 0.9316499829292297], "val_loss": [0.30270087718963623, 0.2855483591556549, 0.28191524744033813, 0.28417879343032837, 0.28543731570243835, 0.28995686769485474, 0.2885650098323822, 0.2898944318294525, 0.29169532656669617, 0.29322803020477295, 0.2959992289543152, 0.3000398576259613, 0.29961615800857544, 0.30212077498435974, 0.3062649071216583, 0.3067076802253723, 0.30862563848495483, 0.31182384490966797, 0.3129795789718628, 0.3158716559410095], "val_accuracy": [0.9160000085830688, 0.9218000173568726, 0.9235000014305115, 0.9248999953269958, 0.9247999787330627, 0.9229999780654907, 0.9254000186920166, 0.9251999855041504, 0.9271000027656555, 0.9254999756813049, 0.9277999997138977, 0.9271000027656555, 0.9282000064849854, 0.9269000291824341, 0.9262999892234802, 0.9265000224113464, 0.9283999800682068, 0.9257000088691711, 0.9254000186920166, 0.9259999990463257]}