{"loss": [0.1426626741886139, 0.06100623309612274, 0.04370489344000816, 0.04097793623805046, 0.0378587581217289, 0.030930673703551292, 0.03197548910975456, 0.031494468450546265, 0.03181152045726776, 0.03314245119690895, 0.028430186212062836, 0.024054409936070442, 0.03028920851647854, 0.029054611921310425, 0.03493371978402138, 0.024574847891926765, 0.02956852875649929, 0.03322381526231766, 0.028281068429350853, 0.027858944609761238], "accuracy": [0.9566666483879089, 0.9818500280380249, 0.986383318901062, 0.98785001039505, 0.9895333051681519, 0.9914166927337646, 0.9914833307266235, 0.9926833510398865, 0.992733359336853, 0.993399977684021, 0.9944499731063843, 0.9958333373069763, 0.9950000047683716, 0.9954833388328552, 0.9952666759490967, 0.9961000084877014, 0.99631667137146, 0.996066689491272, 0.9966333508491516, 0.996833324432373], "val_loss": [0.05499909818172455, 0.06867320835590363, 0.08050160855054855, 0.07448117434978485, 0.10304741561412811, 0.07935724407434464, 0.12028994411230087, 0.20477160811424255, 0.14218227565288544, 0.1580864042043686, 0.15861929953098297, 0.22140681743621826, 0.2230021208524704, 0.24491381645202637, 0.29935288429260254, 0.34976962208747864, 0.2872008979320526, 0.3358416259288788, 0.35711154341697693, 0.32845085859298706], "val_accuracy": [0.9807999730110168, 0.9797000288963318, 0.9796000123023987, 0.980400025844574, 0.9793999791145325, 0.9811000227928162, 0.9818999767303467, 0.9778000116348267, 0.9818999767303467, 0.9812999963760376, 0.9818999767303467, 0.979200005531311, 0.9814000129699707, 0.9822999835014343, 0.9807000160217285, 0.9761000275611877, 0.9818000197410583, 0.9819999933242798, 0.9815000295639038, 0.9819999933242798]}