{"loss": [0.2041783332824707, 0.0579642578959465, 0.03937309980392456, 0.028933759778738022, 0.02309805154800415, 0.018297968432307243, 0.015316282398998737, 0.013375850394368172, 0.010116083547472954, 0.009167601354420185, 0.009199138730764389, 0.007734155748039484, 0.006941189989447594, 0.007404026109725237, 0.007151321042329073, 0.00654989667236805, 0.005349456332623959, 0.00559914018958807, 0.005683449096977711, 0.005811364855617285], "accuracy": [0.936033308506012, 0.9831500053405762, 0.9886166453361511, 0.9913333058357239, 0.9932666420936584, 0.9944999814033508, 0.9952499866485596, 0.9957166910171509, 0.9971333146095276, 0.9972500205039978, 0.9973999857902527, 0.9976833462715149, 0.9979666471481323, 0.998283326625824, 0.9981333613395691, 0.99836665391922, 0.9984833598136902, 0.9985499978065491, 0.9988166689872742, 0.9987000226974487], "val_loss": [0.09984806180000305, 0.06385025382041931, 0.04746595025062561, 0.04742158204317093, 0.04343730956315994, 0.053085099905729294, 0.046181950718164444, 0.05948572978377342, 0.06449920684099197, 0.06655406951904297, 0.05672551319003105, 0.05570068210363388, 0.10581931471824646, 0.09178657829761505, 0.10655231773853302, 0.07996553927659988, 0.09235958009958267, 0.10798148065805435, 0.13136273622512817, 0.09424261748790741], "val_accuracy": [0.9675999879837036, 0.9818000197410583, 0.9858999848365784, 0.9865999817848206, 0.9897000193595886, 0.9851999878883362, 0.9890000224113464, 0.9876999855041504, 0.9883999824523926, 0.989799976348877, 0.9883999824523926, 0.9901000261306763, 0.9858999848365784, 0.9897000193595886, 0.9898999929428101, 0.9900000095367432, 0.9900000095367432, 0.9894000291824341, 0.989799976348877, 0.9901999831199646]}