{"loss": [0.1464870572090149, 0.047002796083688736, 0.02923012524843216, 0.019161025062203407, 0.01277257315814495, 0.00828137993812561, 0.004765786230564117, 0.0038271495141088963, 0.002380065154284239, 0.0017899119993671775, 0.0010205857688561082, 0.0008489583851769567, 0.0005039502866566181, 0.00020558720279950649, 0.00047159584937617183, 0.0002597924612928182, 0.00016348264762200415, 0.00014612299855798483, 0.00015996480942703784, 2.5494926376268268e-05], "accuracy": [0.9543499946594238, 0.9857833385467529, 0.991016685962677, 0.9941999912261963, 0.9959999918937683, 0.9975000023841858, 0.9982666373252869, 0.9988499879837036, 0.9993833303451538, 0.9995833039283752, 0.999666690826416, 0.999666690826416, 0.9998000264167786, 0.9999333620071411, 0.9998666644096375, 0.9998999834060669, 0.9999333620071411, 0.999916672706604, 0.9999499917030334, 0.9999833106994629], "val_loss": [0.07294820994138718, 0.04444156959652901, 0.04339606687426567, 0.03581225499510765, 0.040260910987854004, 0.04642277956008911, 0.05302449315786362, 0.05526776239275932, 0.0655759647488594, 0.06942545622587204, 0.07171817868947983, 0.08063607662916183, 0.11152505874633789, 0.08606235682964325, 0.11224556714296341, 0.11064831912517548, 0.11261641979217529, 0.10797067731618881, 0.1098395362496376, 0.12600798904895782], "val_accuracy": [0.9771000146865845, 0.9847999811172485, 0.9858999848365784, 0.9891999959945679, 0.988099992275238, 0.9871000051498413, 0.9876000285148621, 0.9879999756813049, 0.9883999824523926, 0.9883999824523926, 0.9879000186920166, 0.9883999824523926, 0.9854999780654907, 0.9883000254631042, 0.9879000186920166, 0.9876999855041504, 0.9878000020980835, 0.9879999756813049, 0.9878000020980835, 0.9876999855041504]}