{"loss": [0.2787257432937622, 0.12298078835010529, 0.09153509140014648, 0.07805106043815613, 0.061751093715429306, 0.05633455887436867, 0.04819735139608383, 0.042123813182115555, 0.03776487708091736, 0.03510073572397232], "accuracy": [0.9151833057403564, 0.9614666700363159, 0.9713000059127808, 0.9755666851997375, 0.9811166524887085, 0.9823499917984009, 0.9847000241279602, 0.9870166778564453, 0.9879999756813049, 0.9890833497047424], "val_loss": [0.13855598866939545, 0.12394171208143234, 0.09579809755086899, 0.08777540177106857, 0.09550637751817703, 0.09715955704450607, 0.08409790694713593, 0.09058921784162521, 0.09432490915060043, 0.08944445103406906], "val_accuracy": [0.958299994468689, 0.963100016117096, 0.9707000255584717, 0.9726999998092651, 0.9708999991416931, 0.9696999788284302, 0.9753000140190125, 0.9750000238418579, 0.9728999733924866, 0.9751999974250793]}