{"loss": [0.5555235743522644, 0.32554787397384644, 0.2963857054710388, 0.28306257724761963, 0.2747179865837097, 0.2683594524860382, 0.26405197381973267, 0.2606516182422638, 0.25727522373199463, 0.255555123090744], "accuracy": [0.8584166765213013, 0.9105666875839233, 0.9178000092506409, 0.9207166433334351, 0.9235666394233704, 0.9252166748046875, 0.9259333610534668, 0.9271666407585144, 0.9290666580200195, 0.928516685962677], "val_loss": [0.333518922328949, 0.297760933637619, 0.28002601861953735, 0.27721160650253296, 0.27340421080589294, 0.2686457931995392, 0.26614484190940857, 0.2663763761520386, 0.2647969424724579, 0.26199862360954285], "val_accuracy": [0.9089000225067139, 0.9153000116348267, 0.9211999773979187, 0.9211999773979187, 0.92330002784729, 0.9248999953269958, 0.927299976348877, 0.925599992275238, 0.9265000224113464, 0.9277999997138977]}