{"loss": [0.253842294216156, 0.11917662620544434, 0.08871567249298096, 0.0716179758310318, 0.06045712158083916, 0.053321074694395065, 0.04664603993296623, 0.04155825823545456, 0.03640582412481308, 0.03213592618703842, 0.028922786936163902, 0.025890687480568886, 0.023279160261154175, 0.0205487422645092, 0.01899629831314087, 0.017502937465906143, 0.0163037721067667, 0.01426623109728098, 0.012768423184752464, 0.011836770921945572], "accuracy": [0.9277666807174683, 0.9651833176612854, 0.974216639995575, 0.978766679763794, 0.9831666946411133, 0.9853166937828064, 0.9868166446685791, 0.9889166951179504, 0.9898666739463806, 0.9914000034332275, 0.9924333095550537, 0.9932166934013367, 0.9938499927520752, 0.9946500062942505, 0.995283305644989, 0.9955833554267883, 0.9960166811943054, 0.9962166547775269, 0.9969833493232727, 0.9973499774932861], "val_loss": [0.13535255193710327, 0.10747247189283371, 0.09685191512107849, 0.09781629592180252, 0.09112701565027237, 0.08908680081367493, 0.09848658740520477, 0.09748940169811249, 0.0979263037443161, 0.11076383292675018, 0.10862307250499725, 0.11034731566905975, 0.1088603138923645, 0.11205177009105682, 0.11511773616075516, 0.12226223200559616, 0.12431901693344116, 0.12078312039375305, 0.13606081902980804, 0.1262424737215042], "val_accuracy": [0.9613000154495239, 0.9697999954223633, 0.9732000231742859, 0.9731000065803528, 0.9760000109672546, 0.9771000146865845, 0.9761999845504761, 0.9779999852180481, 0.9775999784469604, 0.9761999845504761, 0.9768000245094299, 0.9760000109672546, 0.9781000018119812, 0.9771999716758728, 0.9775000214576721, 0.9775000214576721, 0.977400004863739, 0.9771999716758728, 0.9761000275611877, 0.9764000177383423]}