{"loss": [0.21348056197166443, 0.08040474355220795, 0.06380128115415573, 0.05673034116625786, 0.04943478852510452, 0.04475954920053482, 0.04296397790312767, 0.03842560574412346, 0.03778833895921707, 0.036360178142786026, 0.03180059418082237, 0.03242603316903114, 0.029947835952043533, 0.027762489393353462, 0.027816548943519592, 0.02850540354847908, 0.027325408533215523, 0.027795827016234398, 0.02460889331996441, 0.022700395435094833], "accuracy": [0.9358000159263611, 0.9764666557312012, 0.9807999730110168, 0.9838833212852478, 0.9857166409492493, 0.9869166612625122, 0.988349974155426, 0.989300012588501, 0.989549994468689, 0.9909833073616028, 0.9914500117301941, 0.9919333457946777, 0.9927499890327454, 0.9935333132743835, 0.9933666586875916, 0.9934166669845581, 0.9941166639328003, 0.9943166375160217, 0.9951333403587341, 0.9950833320617676], "val_loss": [0.10149401426315308, 0.06996920704841614, 0.08426102250814438, 0.08243454247713089, 0.09347540885210037, 0.09040243178606033, 0.0831436738371849, 0.12093538790941238, 0.12932850420475006, 0.13051040470600128, 0.1298968642950058, 0.12998121976852417, 0.1787484735250473, 0.1575542390346527, 0.19714996218681335, 0.23393185436725616, 0.21236979961395264, 0.234664648771286, 0.23516862094402313, 0.3425206243991852], "val_accuracy": [0.9693999886512756, 0.9797000288963318, 0.9761000275611877, 0.979200005531311, 0.9803000092506409, 0.9790999889373779, 0.9817000031471252, 0.9814000129699707, 0.978600025177002, 0.9789000153541565, 0.9796000123023987, 0.9797000288963318, 0.9783999919891357, 0.9800999760627747, 0.9779999852180481, 0.9779999852180481, 0.9801999926567078, 0.9797000288963318, 0.9783999919891357, 0.9767000079154968]}