{"loss": [0.1760745346546173, 0.0604248046875, 0.04164976254105568, 0.02993098273873329, 0.022081149742007256, 0.016053881496191025, 0.012326478026807308, 0.008933532051742077, 0.0062434435822069645, 0.006270964629948139], "accuracy": [0.9495999813079834, 0.9817166924476624, 0.9872499704360962, 0.9904833436012268, 0.993066668510437, 0.9950166940689087, 0.9960166811943054, 0.9971166849136353, 0.9982666373252869, 0.997866690158844], "val_loss": [0.0732387974858284, 0.05008700117468834, 0.05296606943011284, 0.046369731426239014, 0.053489506244659424, 0.0416998527944088, 0.04574590176343918, 0.05735452100634575, 0.052704401314258575, 0.058471888303756714], "val_accuracy": [0.9754999876022339, 0.9828000068664551, 0.9828000068664551, 0.9839000105857849, 0.984499990940094, 0.9869999885559082, 0.9860000014305115, 0.9839000105857849, 0.98580002784729, 0.9854999780654907]}