{"loss": [0.24790506064891815, 0.08055510371923447, 0.05616144463419914, 0.04460277408361435, 0.03486715629696846, 0.027178682386875153, 0.022330092266201973, 0.018684890121221542, 0.014541318640112877, 0.012696330435574055], "accuracy": [0.9290333390235901, 0.9764333367347717, 0.9834166765213013, 0.9867333173751831, 0.9890499711036682, 0.9919666647911072, 0.9929333329200745, 0.9941999912261963, 0.9954500198364258, 0.996399998664856], "val_loss": [0.09804710745811462, 0.06585824489593506, 0.054470159113407135, 0.059764616191387177, 0.04703252762556076, 0.046155162155628204, 0.06833011656999588, 0.053578924387693405, 0.049839287996292114, 0.048813801258802414], "val_accuracy": [0.9711999893188477, 0.9783999919891357, 0.9815000295639038, 0.9803000092506409, 0.9847999811172485, 0.9843999743461609, 0.9804999828338623, 0.983299970626831, 0.9846000075340271, 0.98580002784729]}