{"loss": [0.9987908601760864, 0.5558261871337891, 0.47483980655670166, 0.4354564845561981, 0.41111212968826294], "accuracy": [0.7713500261306763, 0.8646666407585144, 0.8775500059127808, 0.8854666948318481, 0.8896999955177307], "val_loss": [0.6088671088218689, 0.48085781931877136, 0.4294716715812683, 0.40078574419021606, 0.38177308440208435], "val_accuracy": [0.8610000014305115, 0.8802000284194946, 0.8888000249862671, 0.8952000141143799, 0.8995000123977661]}