{"loss": [0.7711945176124573, 0.4561256766319275, 0.4034040868282318, 0.3770532011985779, 0.3603214621543884], "accuracy": [0.8174833059310913, 0.8803499937057495, 0.890333354473114, 0.8963833451271057, 0.9000333547592163], "val_loss": [0.47917646169662476, 0.39995720982551575, 0.36725547909736633, 0.3484537601470947, 0.3354155421257019], "val_accuracy": [0.8827000260353088, 0.894599974155426, 0.9027000069618225, 0.9059000015258789, 0.9093999862670898]}