{"loss": [0.36884331703186035, 0.13557568192481995, 0.13860292732715607, 0.14949148893356323, 0.15274976193904877, 0.16129831969738007, 0.1573166698217392, 0.1738026887178421, 0.16270488500595093, 0.17045316100120544, 0.20892347395420074, 0.18306314945220947, 0.17283256351947784, 0.1857142448425293, 0.17951373755931854, 0.19244177639484406, 0.1844487190246582, 0.1766287386417389, 0.18745626509189606, 0.1982739418745041], "accuracy": [0.909683346748352, 0.9659833312034607, 0.9673166871070862, 0.9661333560943604, 0.9660666584968567, 0.9646833539009094, 0.9645166397094727, 0.9624500274658203, 0.9638000130653381, 0.9610666632652283, 0.9624000191688538, 0.9613833427429199, 0.9615833163261414, 0.9622666835784912, 0.9584500193595886, 0.9574999809265137, 0.957883358001709, 0.9607833623886108, 0.9602333307266235, 0.9601166844367981], "val_loss": [0.14141970872879028, 0.22360146045684814, 0.15531596541404724, 0.1740875542163849, 0.22775791585445404, 0.1201653927564621, 0.19279280304908752, 0.12344630062580109, 0.22233982384204865, 0.1615985929965973, 2.2380213737487793, 0.26289981603622437, 0.15790221095085144, 0.2168169617652893, 0.27052733302116394, 0.1265179067850113, 0.6522892117500305, 0.18409185111522675, 0.11649810522794724, 0.12259256839752197], "val_accuracy": [0.9602000117301941, 0.9496999979019165, 0.9581000208854675, 0.9595999717712402, 0.9556000232696533, 0.9628000259399414, 0.9702000021934509, 0.9660000205039978, 0.965499997138977, 0.9663000106811523, 0.5385000109672546, 0.9725000262260437, 0.9682999849319458, 0.9610999822616577, 0.9352999925613403, 0.9710000157356262, 0.8555999994277954, 0.9696000218391418, 0.9702000021934509, 0.9695000052452087]}