{"loss": [0.14661544561386108, 0.05185656622052193, 0.03194737061858177, 0.022152163088321686, 0.015036405064165592, 0.010361711494624615, 0.008943028748035431, 0.00583398062735796, 0.004162284079939127, 0.005146623123437166], "accuracy": [0.9565500020980835, 0.9836999773979187, 0.9901166558265686, 0.992983341217041, 0.9952999949455261, 0.9965999722480774, 0.9968166947364807, 0.9981666803359985, 0.9987333416938782, 0.99836665391922], "val_loss": [0.07660020142793655, 0.045732781291007996, 0.045944493263959885, 0.04407341033220291, 0.04237974435091019, 0.04400857537984848, 0.05084020644426346, 0.06370887160301208, 0.07827074825763702, 0.05855001136660576], "val_accuracy": [0.9732000231742859, 0.9858999848365784, 0.9842000007629395, 0.9847000241279602, 0.9876000285148621, 0.9868999719619751, 0.9866999983787537, 0.9837999939918518, 0.9803000092506409, 0.9865000247955322]}