{"loss": [0.18656891584396362, 0.062130264937877655, 0.040036190301179886, 0.028668658807873726, 0.01942724548280239, 0.01499058399349451, 0.011901396326720715, 0.007909897714853287, 0.006763632874935865, 0.0061755054630339146], "accuracy": [0.9456166625022888, 0.9813833236694336, 0.9879000186920166, 0.9912499785423279, 0.9939166903495789, 0.9951500296592712, 0.9959999918937683, 0.9973333477973938, 0.9978500008583069, 0.9979166388511658], "val_loss": [0.07735582441091537, 0.052919935435056686, 0.04594741389155388, 0.052682746201753616, 0.042075760662555695, 0.045848213136196136, 0.03944014757871628, 0.04742113873362541, 0.05083208531141281, 0.045386262238025665], "val_accuracy": [0.9753999710083008, 0.9819999933242798, 0.9848999977111816, 0.9822999835014343, 0.9858999848365784, 0.9847000241279602, 0.9883000254631042, 0.9854999780654907, 0.9857000112533569, 0.987500011920929]}