{"loss": [0.14445000886917114, 0.05147383362054825, 0.03523010388016701, 0.026636352762579918, 0.021009264513850212, 0.016294607892632484, 0.013228275813162327, 0.012419185601174831, 0.011963616125285625, 0.008906317874789238, 0.009474273771047592, 0.009374689310789108, 0.006960815284401178, 0.0066593182273209095, 0.008078820072114468, 0.006813610903918743, 0.006799575872719288, 0.006775607354938984, 0.006201978772878647, 0.00593755254521966], "accuracy": [0.9550666809082031, 0.9847833514213562, 0.9895666837692261, 0.9915666580200195, 0.9933333396911621, 0.9949333071708679, 0.9957000017166138, 0.9959333539009094, 0.9962999820709229, 0.9973166584968567, 0.9971500039100647, 0.9971833229064941, 0.9976999759674072, 0.9980499744415283, 0.9973833560943604, 0.997866690158844, 0.9981333613395691, 0.9979333281517029, 0.9981833100318909, 0.9983000159263611], "val_loss": [0.05826439708471298, 0.054507605731487274, 0.044617198407649994, 0.05017707496881485, 0.048886049538850784, 0.046164631843566895, 0.05687331408262253, 0.06051413714885712, 0.043443333357572556, 0.0492669939994812, 0.0542348250746727, 0.06515033543109894, 0.07149763405323029, 0.07284218817949295, 0.07016002386808395, 0.07084649056196213, 0.0670321062207222, 0.06224962696433067, 0.08553782105445862, 0.06869977712631226], "val_accuracy": [0.9818000197410583, 0.9855999946594238, 0.9884999990463257, 0.9853000044822693, 0.9872999787330627, 0.9882000088691711, 0.9878000020980835, 0.9866999983787537, 0.989799976348877, 0.9902999997138977, 0.9904999732971191, 0.9876999855041504, 0.988099992275238, 0.9890000224113464, 0.9884999990463257, 0.9890999794006348, 0.9894000291824341, 0.9902999997138977, 0.9861000180244446, 0.9890000224113464]}