{"loss": [0.35642656683921814, 0.30765825510025024, 0.302094966173172, 0.29388755559921265, 0.2914496958255768, 0.29274988174438477, 0.28908249735832214, 0.288931667804718, 0.2856118679046631, 0.28604626655578613, 0.28180992603302, 0.28306689858436584, 0.2787054479122162, 0.281527578830719, 0.2804465889930725, 0.2805935740470886, 0.27967196702957153, 0.2788566052913666, 0.28091540932655334, 0.27932223677635193], "accuracy": [0.8985999822616577, 0.9155333042144775, 0.9180833101272583, 0.9193000197410583, 0.92044997215271, 0.9203500151634216, 0.9205999970436096, 0.9207666516304016, 0.92208331823349, 0.9231833219528198, 0.9232333302497864, 0.9231833219528198, 0.9234499931335449, 0.9238666892051697, 0.9233499765396118, 0.9232166409492493, 0.9226999878883362, 0.9238666892051697, 0.9235833287239075, 0.9231500029563904], "val_loss": [0.3145217299461365, 0.31342998147010803, 0.300627738237381, 0.33995893597602844, 0.3339774012565613, 0.3324998915195465, 0.3678199350833893, 0.32856670022010803, 0.31590479612350464, 0.3483366370201111, 0.3343510329723358, 0.3236701786518097, 0.34254881739616394, 0.3976703882217407, 0.3350324332714081, 0.34791988134384155, 0.359459787607193, 0.3603738248348236, 0.36079880595207214, 0.34645912051200867], "val_accuracy": [0.9120000004768372, 0.9172000288963318, 0.9197999835014343, 0.9061999917030334, 0.9150000214576721, 0.916700005531311, 0.907800018787384, 0.9162999987602234, 0.9207000136375427, 0.9103000164031982, 0.9172999858856201, 0.9203000068664551, 0.9144999980926514, 0.9017000198364258, 0.9178000092506409, 0.9180999994277954, 0.9171000123023987, 0.9128000140190125, 0.9150999784469604, 0.9157000184059143]}