{"loss": [0.20011475682258606, 0.08254902809858322, 0.058390162885189056, 0.04417549818754196, 0.03389255329966545, 0.027373414486646652, 0.02377401478588581, 0.021298158913850784, 0.01906462572515011, 0.017328131943941116, 0.014151576906442642, 0.01282446552067995, 0.015202706679701805, 0.012381317093968391, 0.012831587344408035, 0.013879205100238323, 0.010705139487981796, 0.01143647450953722, 0.011873429641127586, 0.008510466665029526], "accuracy": [0.9405500292778015, 0.9745166897773743, 0.9811833500862122, 0.9853333234786987, 0.9892666935920715, 0.9910666942596436, 0.9920333623886108, 0.9928333163261414, 0.9937833547592163, 0.9944833517074585, 0.9953500032424927, 0.9958666563034058, 0.9954500198364258, 0.9958166480064392, 0.9961166381835938, 0.9962999820709229, 0.9967666864395142, 0.9965333342552185, 0.996749997138977, 0.9974166750907898], "val_loss": [0.10616866499185562, 0.09106431156396866, 0.08582079410552979, 0.08106782287359238, 0.0873023197054863, 0.07589727640151978, 0.08507851511240005, 0.08239883184432983, 0.07883681356906891, 0.092497318983078, 0.08808741718530655, 0.1154434084892273, 0.10392441600561142, 0.11560284346342087, 0.12650194764137268, 0.11595752090215683, 0.1121106818318367, 0.12068525701761246, 0.1383790522813797, 0.12467654049396515], "val_accuracy": [0.9660000205039978, 0.9710999727249146, 0.9732999801635742, 0.9764000177383423, 0.9787999987602234, 0.9789000153541565, 0.9800999760627747, 0.9797999858856201, 0.9811999797821045, 0.979200005531311, 0.9818999767303467, 0.978600025177002, 0.9796000123023987, 0.9799000024795532, 0.9776999950408936, 0.9783999919891357, 0.9815000295639038, 0.9800000190734863, 0.9779000282287598, 0.9821000099182129]}