{"loss": [0.5526031851768494, 0.32474714517593384, 0.2963365912437439, 0.2826169729232788, 0.2743279039859772, 0.2681034505367279, 0.2641560733318329, 0.26070907711982727, 0.25726979970932007, 0.2546515166759491, 0.2528074085712433, 0.2508074641227722, 0.24959790706634521, 0.2480182945728302, 0.24688319861888885, 0.24562190473079681, 0.24443256855010986, 0.24335238337516785, 0.24267618358135223, 0.24168245494365692], "accuracy": [0.8582000136375427, 0.9109333157539368, 0.9178333282470703, 0.9209166765213013, 0.92330002784729, 0.9251333475112915, 0.9260833263397217, 0.9267666935920715, 0.9290500283241272, 0.9291999936103821, 0.9301499724388123, 0.9312166571617126, 0.9310833215713501, 0.9320999979972839, 0.9317499995231628, 0.9326833486557007, 0.9324333071708679, 0.9329833388328552, 0.932699978351593, 0.9332166910171509], "val_loss": [0.3359374701976776, 0.29707223176956177, 0.28249236941337585, 0.27542799711227417, 0.27316397428512573, 0.2666017711162567, 0.2637277841567993, 0.2637888789176941, 0.26418203115463257, 0.26596757769584656, 0.26760149002075195, 0.26506033539772034, 0.2635829448699951, 0.2629607319831848, 0.26287350058555603, 0.2623874545097351, 0.26694178581237793, 0.26295939087867737, 0.26502370834350586, 0.26414477825164795], "val_accuracy": [0.9092000126838684, 0.9175999760627747, 0.9222000241279602, 0.9222999811172485, 0.9228000044822693, 0.9258999824523926, 0.927299976348877, 0.9271000027656555, 0.9265999794006348, 0.9262999892234802, 0.925000011920929, 0.9266999959945679, 0.9276000261306763, 0.9276000261306763, 0.9273999929428101, 0.9269000291824341, 0.9265999794006348, 0.9283000230789185, 0.9271000027656555, 0.9266999959945679]}