{"loss": [0.27620312571525574, 0.07267504930496216, 0.048056088387966156, 0.03585022687911987, 0.02738489769399166, 0.02263498306274414, 0.018599530681967735, 0.014001989737153053, 0.012290122918784618, 0.00965195707976818, 0.01139155961573124, 0.008123493753373623, 0.007888082414865494, 0.007004628423601389, 0.007071982603520155, 0.006444357335567474, 0.004898886661976576, 0.004198991693556309, 0.006054421421140432, 0.005713258404284716], "accuracy": [0.9099166393280029, 0.9788500070571899, 0.9858333468437195, 0.989133358001709, 0.991516649723053, 0.9929333329200745, 0.9938666820526123, 0.9951833486557007, 0.9958666563034058, 0.996833324432373, 0.9962833523750305, 0.9972500205039978, 0.9975666403770447, 0.9976999759674072, 0.997783362865448, 0.9977999925613403, 0.9983833432197571, 0.9987666606903076, 0.9982666373252869, 0.9980833530426025], "val_loss": [0.0926511138677597, 0.060622747987508774, 0.05167011544108391, 0.0480491928756237, 0.06198381260037422, 0.0494905449450016, 0.05904676392674446, 0.04618675261735916, 0.04677768796682358, 0.063616544008255, 0.0681992769241333, 0.06494787335395813, 0.05800261348485947, 0.06189810857176781, 0.0681903213262558, 0.06183096393942833, 0.07111310958862305, 0.06208246946334839, 0.07260686159133911, 0.061832476407289505], "val_accuracy": [0.9728999733924866, 0.9825000166893005, 0.9850999712944031, 0.9860000014305115, 0.9817000031471252, 0.9866999983787537, 0.9833999872207642, 0.9890000224113464, 0.9883000254631042, 0.9860000014305115, 0.9853000044822693, 0.9865999817848206, 0.9887999892234802, 0.9869999885559082, 0.9871000051498413, 0.9879999756813049, 0.9858999848365784, 0.9879999756813049, 0.9869999885559082, 0.9886999726295471]}