{"loss": [0.5091012716293335, 0.3112686276435852, 0.2903839647769928, 0.2814549505710602, 0.2759222388267517, 0.27229565382003784, 0.26950061321258545, 0.26763173937797546, 0.26635757088661194, 0.2651073634624481, 0.26401957869529724, 0.26317474246025085, 0.26250773668289185, 0.26208558678627014, 0.26171422004699707, 0.26108428835868835, 0.2612614631652832, 0.2607584595680237, 0.2602825462818146, 0.260242760181427], "accuracy": [0.8668500185012817, 0.9121666550636292, 0.9190999865531921, 0.9216166734695435, 0.9230166673660278, 0.9251499772071838, 0.9269999861717224, 0.9275333285331726, 0.9280666708946228, 0.9290833473205566, 0.9294333457946777, 0.9296166896820068, 0.9306666851043701, 0.9308000206947327, 0.9307166934013367, 0.9312999844551086, 0.9316666722297668, 0.9319833517074585, 0.9317333102226257, 0.932116687297821], "val_loss": [0.3156566023826599, 0.28757962584495544, 0.2790414094924927, 0.2755500376224518, 0.27606841921806335, 0.2747041881084442, 0.2720896303653717, 0.27659571170806885, 0.2743985056877136, 0.2761608064174652, 0.2792610824108124, 0.2802499830722809, 0.2753547430038452, 0.27782008051872253, 0.2805412709712982, 0.28199833631515503, 0.2836388051509857, 0.2861361503601074, 0.2817063629627228, 0.28662145137786865], "val_accuracy": [0.9103999733924866, 0.9199000000953674, 0.9229000210762024, 0.9233999848365784, 0.9247000217437744, 0.9259999990463257, 0.926800012588501, 0.925599992275238, 0.9262999892234802, 0.9258999824523926, 0.9261999726295471, 0.925599992275238, 0.9276999831199646, 0.9273999929428101, 0.9272000193595886, 0.9258000254631042, 0.9247999787330627, 0.9266999959945679, 0.9272000193595886, 0.9243999719619751]}