{"loss": [0.2660561800003052, 0.1280510425567627, 0.09702052921056747, 0.07942245155572891, 0.06776826083660126, 0.061252523213624954, 0.05405982583761215, 0.04995095729827881, 0.04658759385347366, 0.04173576831817627, 0.03882664442062378, 0.03553883358836174, 0.03282346576452255, 0.0316280834376812, 0.028155053034424782, 0.026840558275580406, 0.0236702561378479, 0.022803835570812225, 0.02233533188700676, 0.02094142511487007], "accuracy": [0.9230833053588867, 0.9614499807357788, 0.9712499976158142, 0.9768333435058594, 0.9800166487693787, 0.9822333455085754, 0.9845333099365234, 0.9855833053588867, 0.9873499870300293, 0.9887166619300842, 0.9895166754722595, 0.9904333353042603, 0.9908499717712402, 0.9918833374977112, 0.9925166964530945, 0.992733359336853, 0.993483304977417, 0.9935166835784912, 0.9940833449363708, 0.9940000176429749], "val_loss": [0.14781929552555084, 0.11905631422996521, 0.09347959607839584, 0.10058420896530151, 0.0915897786617279, 0.09746774286031723, 0.106037937104702, 0.10685195028781891, 0.10946404933929443, 0.10632544010877609, 0.11120203882455826, 0.1400485336780548, 0.12776875495910645, 0.1449325978755951, 0.13286557793617249, 0.1490706354379654, 0.14653785526752472, 0.15963558852672577, 0.1546054631471634, 0.1617092341184616], "val_accuracy": [0.9574000239372253, 0.965499997138977, 0.9714000225067139, 0.9693999886512756, 0.9750000238418579, 0.9746000170707703, 0.9715999960899353, 0.9735999703407288, 0.974399983882904, 0.9760000109672546, 0.9754999876022339, 0.9710000157356262, 0.9753999710083008, 0.9732999801635742, 0.9764000177383423, 0.9747999906539917, 0.9768000245094299, 0.9749000072479248, 0.975600004196167, 0.9776999950408936]}