{"loss": [0.16645964980125427, 0.057466983795166016, 0.0385538712143898, 0.02799958549439907, 0.019389867782592773, 0.015992388129234314, 0.009135336615145206, 0.008596600964665413, 0.006443524267524481, 0.005129567347466946], "accuracy": [0.9507666826248169, 0.9823333621025085, 0.9878833293914795, 0.9909666776657104, 0.9937000274658203, 0.9944999814033508, 0.9971166849136353, 0.9971166849136353, 0.9979666471481323, 0.99836665391922], "val_loss": [0.06374836713075638, 0.05301913991570473, 0.04870600998401642, 0.04287966713309288, 0.0513823963701725, 0.042269233614206314, 0.05936500430107117, 0.05515613406896591, 0.04995135962963104, 0.052693694829940796], "val_accuracy": [0.9794999957084656, 0.9835000038146973, 0.9846000075340271, 0.9868000149726868, 0.9847999811172485, 0.9868000149726868, 0.9850999712944031, 0.9853000044822693, 0.9868999719619751, 0.9879000186920166]}