{"loss": [0.35814109444618225, 0.11548539251089096, 0.08250286430120468, 0.06598511338233948, 0.055008675903081894, 0.04623425006866455, 0.040123291313648224, 0.03631116449832916, 0.03281351551413536, 0.02870086207985878], "accuracy": [0.8910833597183228, 0.9643666744232178, 0.9746500253677368, 0.9796000123023987, 0.9829833507537842, 0.98580002784729, 0.9875333309173584, 0.9884833097457886, 0.9897666573524475, 0.9910500049591064], "val_loss": [0.16114449501037598, 0.10078119486570358, 0.10359151661396027, 0.09535406529903412, 0.05897669121623039, 0.059987299144268036, 0.05281972140073776, 0.05135764926671982, 0.06593844294548035, 0.07721816748380661], "val_accuracy": [0.9485999941825867, 0.9695000052452087, 0.9656000137329102, 0.9726999998092651, 0.9822999835014343, 0.9825999736785889, 0.9860000014305115, 0.9864000082015991, 0.9825999736785889, 0.9790999889373779]}