{"loss": [0.16575482487678528, 0.057867247611284256, 0.036476269364356995, 0.026516521349549294, 0.01738942600786686, 0.01407625712454319, 0.009331289678812027, 0.008759263902902603, 0.007167646195739508, 0.005407944321632385], "accuracy": [0.9508500099182129, 0.9818333387374878, 0.9885500073432922, 0.9914500117301941, 0.9943000078201294, 0.995116651058197, 0.9972333312034607, 0.9973666667938232, 0.9975166916847229, 0.9982500076293945], "val_loss": [0.06491188704967499, 0.0518183708190918, 0.0451546385884285, 0.049953509122133255, 0.04492621496319771, 0.04555115848779678, 0.04709722474217415, 0.044384803622961044, 0.047399699687957764, 0.05113460496068001], "val_accuracy": [0.9797999858856201, 0.9824000000953674, 0.9851999878883362, 0.9851999878883362, 0.9854999780654907, 0.9871000051498413, 0.9871000051498413, 0.9876999855041504, 0.9876000285148621, 0.9876999855041504]}