{"loss": [0.22675877809524536, 0.10386744886636734, 0.07792240381240845, 0.0635082870721817, 0.05390052869915962, 0.04855348542332649, 0.042149368673563004, 0.03822660073637962, 0.03400576859712601, 0.030020954087376595, 0.025734512135386467, 0.02324080467224121, 0.022760877385735512, 0.019724665209650993, 0.019222723320126534, 0.017557689920067787, 0.015384658239781857, 0.013547200709581375, 0.01368675846606493, 0.011373916640877724], "accuracy": [0.9322999715805054, 0.9691666960716248, 0.977649986743927, 0.9824166893959045, 0.9854166507720947, 0.9869999885559082, 0.9888666868209839, 0.9894333481788635, 0.9913166761398315, 0.9920833110809326, 0.992983341217041, 0.9939500093460083, 0.9940333366394043, 0.994533360004425, 0.995283305644989, 0.9955000281333923, 0.9959666728973389, 0.9962833523750305, 0.9964166879653931, 0.9970666766166687], "val_loss": [0.11568311601877213, 0.09295760840177536, 0.10352019965648651, 0.09520687907934189, 0.1138685792684555, 0.10901589691638947, 0.13091646134853363, 0.12503831088542938, 0.13145659863948822, 0.12960945069789886, 0.14012010395526886, 0.14639833569526672, 0.14522701501846313, 0.16712918877601624, 0.1578211784362793, 0.21704357862472534, 0.19241581857204437, 0.16793528199195862, 0.19766494631767273, 0.19621892273426056], "val_accuracy": [0.9649999737739563, 0.973800003528595, 0.9725000262260437, 0.9778000116348267, 0.9769999980926514, 0.9758999943733215, 0.9732000231742859, 0.9757999777793884, 0.9772999882698059, 0.9800000190734863, 0.9778000116348267, 0.9775999784469604, 0.9785000085830688, 0.9783999919891357, 0.9801999926567078, 0.9740999937057495, 0.9796000123023987, 0.9812999963760376, 0.9782999753952026, 0.9783999919891357]}