{"loss": [0.311519593000412, 0.10078813135623932, 0.07381631433963776, 0.060487110167741776, 0.05192582309246063, 0.04418133571743965, 0.03851201757788658, 0.03257247060537338, 0.02916594222187996, 0.02505381405353546], "accuracy": [0.9053333401679993, 0.9694499969482422, 0.9766333103179932, 0.9814666509628296, 0.9843999743461609, 0.9863499999046326, 0.988099992275238, 0.9899166822433472, 0.9907500147819519, 0.9919333457946777], "val_loss": [0.10846678167581558, 0.09245007485151291, 0.06446809321641922, 0.06191043183207512, 0.05926644802093506, 0.05833466351032257, 0.05380196496844292, 0.05229692906141281, 0.04643046110868454, 0.04493457078933716], "val_accuracy": [0.9646000266075134, 0.9707000255584717, 0.9811000227928162, 0.9811000227928162, 0.9830999970436096, 0.9824000000953674, 0.9843000173568726, 0.9851999878883362, 0.9861999750137329, 0.9865999817848206]}