{"loss": [0.258061945438385, 0.08713343739509583, 0.06679658591747284, 0.052637238055467606, 0.042938075959682465, 0.03611839935183525, 0.031292084604501724, 0.02504022605717182, 0.021996086463332176, 0.02074895240366459], "accuracy": [0.9206666946411133, 0.9737333059310913, 0.9793166518211365, 0.9836333394050598, 0.9866833090782166, 0.9883000254631042, 0.990149974822998, 0.9916333556175232, 0.9932500123977661, 0.9934666752815247], "val_loss": [0.10721766203641891, 0.07044321298599243, 0.05791735276579857, 0.06045030429959297, 0.04785432294011116, 0.0522339902818203, 0.0535663403570652, 0.060553260147571564, 0.05082397162914276, 0.05425117909908295], "val_accuracy": [0.9663000106811523, 0.9776999950408936, 0.9825999736785889, 0.980400025844574, 0.9847000241279602, 0.9847999811172485, 0.9850999712944031, 0.9833999872207642, 0.9865999817848206, 0.9872000217437744]}