{"loss": [0.35803788900375366, 0.3102031946182251, 0.29979801177978516, 0.29392796754837036, 0.2921772599220276, 0.29232126474380493, 0.29065588116645813, 0.2875877916812897, 0.2867760956287384, 0.28527140617370605], "accuracy": [0.897516667842865, 0.9137166738510132, 0.9181166887283325, 0.9194333553314209, 0.9193166494369507, 0.92003333568573, 0.9201833605766296, 0.9212499856948853, 0.922249972820282, 0.9224333167076111], "val_loss": [0.33460351824760437, 0.30530303716659546, 0.31270140409469604, 0.32948288321495056, 0.31915462017059326, 0.3198733925819397, 0.3323473036289215, 0.3279964029788971, 0.3216725289821625, 0.34740549325942993], "val_accuracy": [0.9057000279426575, 0.9172000288963318, 0.916700005531311, 0.9099000096321106, 0.9154999852180481, 0.91839998960495, 0.9147999882698059, 0.9215999841690063, 0.9211000204086304, 0.9086999893188477]}