{"loss": [0.258798211812973, 0.0839470773935318, 0.056200698018074036, 0.04377300292253494, 0.034495268017053604, 0.028556298464536667, 0.023684104904532433, 0.019301539286971092, 0.01625063642859459, 0.013105245307087898, 0.011636043898761272, 0.009207199327647686, 0.007689003366976976, 0.006667741108685732, 0.005449994001537561, 0.005274646449834108, 0.004471575375646353, 0.0039002138655632734, 0.0029862760566174984, 0.0026682827156037092], "accuracy": [0.9236833453178406, 0.9747833609580994, 0.9832666516304016, 0.9869333505630493, 0.9894499778747559, 0.9913166761398315, 0.993149995803833, 0.994700014591217, 0.9955666661262512, 0.996233344078064, 0.9971500039100647, 0.9974666833877563, 0.9981333613395691, 0.9980666637420654, 0.9986166954040527, 0.9985166788101196, 0.9988499879837036, 0.9990333318710327, 0.9992333054542542, 0.9993166923522949], "val_loss": [0.1027248203754425, 0.07105979323387146, 0.06394122540950775, 0.04455982521176338, 0.046335093677043915, 0.04490529000759125, 0.048616647720336914, 0.04517846554517746, 0.04316641390323639, 0.047545406967401505, 0.05613405257463455, 0.054408252239227295, 0.061766065657138824, 0.055880092084407806, 0.07310052961111069, 0.06481354683637619, 0.0705244168639183, 0.06647337973117828, 0.0779578760266304, 0.07029592990875244], "val_accuracy": [0.9692000150680542, 0.977400004863739, 0.9793999791145325, 0.9857000112533569, 0.9843000173568726, 0.9853000044822693, 0.984000027179718, 0.9872000217437744, 0.9882000088691711, 0.9872000217437744, 0.9853000044822693, 0.9868999719619751, 0.986299991607666, 0.9869999885559082, 0.9836000204086304, 0.9854000210762024, 0.9854999780654907, 0.9872999787330627, 0.9848999977111816, 0.98580002784729]}