{"loss": [0.35873380303382874, 0.3106361925601959, 0.3001345694065094, 0.29770731925964355, 0.29236748814582825, 0.28967341780662537, 0.2885012924671173, 0.2845780551433563, 0.2900714874267578, 0.2843686640262604], "accuracy": [0.8980000019073486, 0.9140666723251343, 0.9182999730110168, 0.9194999933242798, 0.9203000068664551, 0.9212499856948853, 0.9211666584014893, 0.923466682434082, 0.9205833077430725, 0.9230833053588867], "val_loss": [0.3405151963233948, 0.2959287762641907, 0.33940649032592773, 0.3129209280014038, 0.37407901883125305, 0.3369394540786743, 0.3170627951622009, 0.34511107206344604, 0.3268198072910309, 0.3417932987213135], "val_accuracy": [0.9003000259399414, 0.9222999811172485, 0.9034000039100647, 0.91839998960495, 0.8992000222206116, 0.9150000214576721, 0.920799970626831, 0.9122999906539917, 0.9199000000953674, 0.9132000207901001]}