{"loss": [0.18264137208461761, 0.07382471859455109, 0.060070399194955826, 0.053172677755355835, 0.04718543961644173, 0.04283428192138672, 0.0393882691860199, 0.03537916764616966, 0.034949228167533875, 0.030812429264187813], "accuracy": [0.9455000162124634, 0.9788833260536194, 0.9829666614532471, 0.9851333498954773, 0.9873666763305664, 0.9888666868209839, 0.9896500110626221, 0.990933358669281, 0.9915833473205566, 0.9922500252723694], "val_loss": [0.10703539103269577, 0.07729662209749222, 0.06498782336711884, 0.08637049794197083, 0.10231930762529373, 0.0849657729268074, 0.11263337731361389, 0.13564787805080414, 0.11077146977186203, 0.17067942023277283], "val_accuracy": [0.9674999713897705, 0.9775999784469604, 0.9811000227928162, 0.9763000011444092, 0.9771000146865845, 0.9818999767303467, 0.9782000184059143, 0.9726999998092651, 0.9803000092506409, 0.9772999882698059]}