{"loss": [0.5560232400894165, 0.32526102662086487, 0.29635918140411377, 0.28297746181488037, 0.2744840085506439, 0.2684282660484314, 0.26426488161087036, 0.2603473663330078, 0.25740334391593933, 0.25510433316230774], "accuracy": [0.8569333553314209, 0.9108499884605408, 0.9177833199501038, 0.9217833280563354, 0.9227833151817322, 0.925683319568634, 0.9259999990463257, 0.9274666905403137, 0.9286999702453613, 0.9294499754905701], "val_loss": [0.3346743583679199, 0.29429227113723755, 0.2792683243751526, 0.2793104946613312, 0.27299273014068604, 0.2665037512779236, 0.26519837975502014, 0.26830825209617615, 0.2624441683292389, 0.26420319080352783], "val_accuracy": [0.9081000089645386, 0.91839998960495, 0.9208999872207642, 0.920799970626831, 0.923799991607666, 0.9246000051498413, 0.9261999726295471, 0.9265000224113464, 0.9266999959945679, 0.9276000261306763]}