{"loss": [0.3023832142353058, 0.149750754237175, 0.10891963541507721, 0.08506077527999878, 0.06931765377521515, 0.05935637652873993, 0.04971952736377716, 0.043381329625844955, 0.03761841729283333, 0.03283747285604477], "accuracy": [0.914816677570343, 0.9563833475112915, 0.9673333168029785, 0.9746666550636292, 0.9787833094596863, 0.9819333553314209, 0.9853166937828064, 0.9868833422660828, 0.9886333346366882, 0.989883303642273], "val_loss": [0.18116885423660278, 0.13394328951835632, 0.1124950647354126, 0.09996671974658966, 0.09429574012756348, 0.09222233295440674, 0.09201560914516449, 0.09052576124668121, 0.08471079915761948, 0.09105287492275238], "val_accuracy": [0.9455000162124634, 0.9598000049591064, 0.9656000137329102, 0.9704999923706055, 0.9704999923706055, 0.9708999991416931, 0.9718999862670898, 0.9726999998092651, 0.9750999808311462, 0.9736999869346619]}