{"loss": [1.9222261905670166, 1.9218096733093262, 1.9374516010284424, 1.9362196922302246, 1.9271023273468018], "accuracy": [0.8546833395957947, 0.8791833519935608, 0.8826833367347717, 0.8866166472434998, 0.8882499933242798], "val_loss": [1.5760884284973145, 2.2650070190429688, 1.713257074356079, 1.840682029724121, 1.7877148389816284], "val_accuracy": [0.9045000076293945, 0.8716999888420105, 0.9027000069618225, 0.9009000062942505, 0.9093999862670898]}