{"loss": [1.6340255737304688, 1.5221388339996338, 1.529383897781372, 1.522616982460022, 1.5278829336166382], "accuracy": [0.8483666777610779, 0.8766499757766724, 0.8832666873931885, 0.885533332824707, 0.8876833319664001], "val_loss": [1.3096288442611694, 1.618957757949829, 1.5822745561599731, 2.0226380825042725, 2.043501853942871], "val_accuracy": [0.8937000036239624, 0.882099986076355, 0.8920000195503235, 0.8604000210762024, 0.8551999926567078]}