{"loss": [0.23373061418533325, 0.10606129467487335, 0.07933861017227173, 0.06414289772510529, 0.05210850015282631, 0.04444202035665512, 0.039747290313243866, 0.03508912771940231, 0.030544720590114594, 0.02786901220679283, 0.026967301964759827, 0.021961374208331108, 0.022401386871933937, 0.019624730572104454, 0.018756907433271408, 0.019301604479551315, 0.018166515976190567, 0.016356702893972397, 0.015689421445131302, 0.0162812452763319], "accuracy": [0.929016649723053, 0.9677333235740662, 0.9760500192642212, 0.9798833131790161, 0.9837499856948853, 0.986383318901062, 0.9877166748046875, 0.9886166453361511, 0.9903166890144348, 0.991016685962677, 0.9917166829109192, 0.9933833479881287, 0.9936333298683167, 0.9938166737556458, 0.9945166707038879, 0.9943833351135254, 0.9943666458129883, 0.9950000047683716, 0.9954333305358887, 0.9952499866485596], "val_loss": [0.12441997975111008, 0.1044827252626419, 0.09554775059223175, 0.09034667164087296, 0.07916916161775589, 0.0893377810716629, 0.1111321747303009, 0.09757757186889648, 0.08222128450870514, 0.0943610742688179, 0.09372197091579437, 0.11596488207578659, 0.10579301416873932, 0.10679998993873596, 0.12276849150657654, 0.09443668276071548, 0.11895346641540527, 0.10661273449659348, 0.1121288314461708, 0.1338287591934204], "val_accuracy": [0.9624999761581421, 0.9697999954223633, 0.9718000292778015, 0.9732999801635742, 0.9778000116348267, 0.9775000214576721, 0.9722999930381775, 0.9750000238418579, 0.9772999882698059, 0.9776999950408936, 0.9769999980926514, 0.9764999747276306, 0.9778000116348267, 0.9754999876022339, 0.9775000214576721, 0.9797999858856201, 0.9768000245094299, 0.9801999926567078, 0.9793000221252441, 0.9797000288963318]}