{"loss": [0.12330741435289383, 0.04344167932868004, 0.02518392913043499, 0.01497304905205965, 0.012239165604114532, 0.007005626335740089, 0.0062959264032542706, 0.0066223652102053165, 0.005088577978312969, 0.0043455143459141254], "accuracy": [0.9618666768074036, 0.9864333271980286, 0.991683304309845, 0.9953166842460632, 0.9958000183105469, 0.9977333545684814, 0.9979166388511658, 0.9977999925613403, 0.9982333183288574, 0.9986000061035156], "val_loss": [0.04797213152050972, 0.049631766974925995, 0.04965396597981453, 0.05788237974047661, 0.04856667295098305, 0.0603286549448967, 0.057097289711236954, 0.05993838980793953, 0.060178350657224655, 0.06007952243089676], "val_accuracy": [0.9848999977111816, 0.9843000173568726, 0.9861000180244446, 0.9812999963760376, 0.9850999712944031, 0.9846000075340271, 0.98580002784729, 0.9860000014305115, 0.9860000014305115, 0.9866999983787537]}