{"loss": [0.1576949805021286, 0.05340569093823433, 0.03933801129460335, 0.028075460344552994, 0.02246965654194355, 0.017753031104803085, 0.015111629851162434, 0.01386395376175642, 0.011981170624494553, 0.00925815012305975], "accuracy": [0.9506666660308838, 0.9840499758720398, 0.9881666898727417, 0.990933358669281, 0.992983341217041, 0.9942833185195923, 0.9952499866485596, 0.9954000115394592, 0.9961666464805603, 0.9969833493232727], "val_loss": [0.06163489446043968, 0.05106590315699577, 0.06534271687269211, 0.05138389766216278, 0.06130048260092735, 0.042431190609931946, 0.050937797874212265, 0.040282752364873886, 0.05809891223907471, 0.060769639909267426], "val_accuracy": [0.9811999797821045, 0.9850999712944031, 0.9814000129699707, 0.9861999750137329, 0.9828000068664551, 0.9891999959945679, 0.9869999885559082, 0.9894999861717224, 0.9876999855041504, 0.9876999855041504]}