{"loss": [0.48244035243988037, 0.3384481966495514, 0.31523481011390686, 0.3032194674015045, 0.29525449872016907, 0.28945961594581604, 0.28514543175697327, 0.281360000371933, 0.27849137783050537, 0.2760520577430725, 0.2737039029598236, 0.27200812101364136, 0.27027007937431335, 0.2688705027103424, 0.26746445894241333, 0.2660662531852722, 0.2650769054889679, 0.26389577984809875, 0.2629249095916748, 0.2619190216064453], "accuracy": [0.8725166916847229, 0.9049000144004822, 0.911899983882904, 0.915149986743927, 0.9174333214759827, 0.9192500114440918, 0.9196500182151794, 0.9214500188827515, 0.9216333627700806, 0.9229333400726318, 0.923799991607666, 0.924833357334137, 0.9248999953269958, 0.9255499839782715, 0.9258666634559631, 0.9258666634559631, 0.9267333149909973, 0.9265000224113464, 0.9270333051681519, 0.9276333451271057], "val_loss": [0.33769798278808594, 0.30693912506103516, 0.2959021329879761, 0.2885127365589142, 0.283237099647522, 0.2804752290248871, 0.2798273265361786, 0.2779100835323334, 0.27547886967658997, 0.2741703987121582, 0.27330344915390015, 0.2744443714618683, 0.2761743664741516, 0.2718680500984192, 0.26946109533309937, 0.2736092507839203, 0.27267202734947205, 0.2698209881782532, 0.2707267701625824, 0.27309903502464294], "val_accuracy": [0.9089999794960022, 0.9146000146865845, 0.9144999980926514, 0.91839998960495, 0.920799970626831, 0.9203000068664551, 0.9207000136375427, 0.9222999811172485, 0.9223999977111816, 0.9218999743461609, 0.9222999811172485, 0.9232000112533569, 0.9226999878883362, 0.9240000247955322, 0.9223999977111816, 0.9222000241279602, 0.9243999719619751, 0.92330002784729, 0.9248999953269958, 0.9229999780654907]}