{"loss": [0.4149748682975769, 0.31394559144973755, 0.29732823371887207, 0.28774136304855347, 0.28198450803756714, 0.27762308716773987, 0.27448487281799316, 0.27152255177497864, 0.2690974473953247, 0.26689642667770386, 0.26513800024986267, 0.26411575078964233, 0.26240110397338867, 0.2614596486091614, 0.26008152961730957, 0.25917232036590576, 0.25772956013679504, 0.25726306438446045, 0.25656819343566895, 0.2554679811000824], "accuracy": [0.8859166502952576, 0.9113500118255615, 0.9163500070571899, 0.9199666380882263, 0.9207666516304016, 0.9221166372299194, 0.9240000247955322, 0.9242500066757202, 0.9254166483879089, 0.9257333278656006, 0.9262499809265137, 0.9267666935920715, 0.9276666641235352, 0.9271500110626221, 0.9281499981880188, 0.9282000064849854, 0.9284999966621399, 0.9295499920845032, 0.9287999868392944, 0.9290833473205566], "val_loss": [0.3176801800727844, 0.2949071526527405, 0.2861945629119873, 0.27967315912246704, 0.27635443210601807, 0.2758290767669678, 0.27414000034332275, 0.2705811858177185, 0.273886501789093, 0.27306196093559265, 0.2725902497768402, 0.27876389026641846, 0.2696487009525299, 0.2719719707965851, 0.2680590748786926, 0.27299124002456665, 0.26992276310920715, 0.2722599506378174, 0.2705099582672119, 0.26926854252815247], "val_accuracy": [0.9110999703407288, 0.916700005531311, 0.9207000136375427, 0.9204000234603882, 0.921500027179718, 0.9210000038146973, 0.9230999946594238, 0.9243000149726868, 0.9218000173568726, 0.9241999983787537, 0.9210000038146973, 0.9228000044822693, 0.9251000285148621, 0.9205999970436096, 0.925000011920929, 0.9239000082015991, 0.9243999719619751, 0.9230999946594238, 0.9251999855041504, 0.9239000082015991]}