{"loss": [2.3433878421783447, 2.3023364543914795, 2.3018906116485596, 2.3020365238189697, 2.302227020263672, 2.302042245864868, 2.3022172451019287, 2.302156686782837, 2.3020153045654297, 2.3022613525390625, 2.3021316528320312, 2.3022348880767822, 2.3020973205566406, 2.3021161556243896, 2.3021295070648193, 2.3021106719970703, 2.3020288944244385, 2.302035331726074, 2.3021810054779053, 2.302164077758789], "accuracy": [0.11051666736602783, 0.10984999686479568, 0.10858333110809326, 0.11081666499376297, 0.11023333668708801, 0.1107499971985817, 0.10976666957139969, 0.1111166700720787, 0.11166666448116302, 0.11029999703168869, 0.11071666330099106, 0.10819999873638153, 0.10989999771118164, 0.11068333685398102, 0.10951666533946991, 0.11060000211000443, 0.11063333600759506, 0.11023333668708801, 0.1111999973654747, 0.10958333313465118], "val_loss": [2.301682233810425, 2.301607131958008, 2.3015127182006836, 2.301284074783325, 2.3013505935668945, 2.3009190559387207, 2.302049398422241, 2.3019771575927734, 2.3027825355529785, 2.302032470703125, 2.3016624450683594, 2.30207896232605, 2.302196741104126, 2.3027284145355225, 2.3025128841400146, 2.3013532161712646, 2.301959276199341, 2.3026692867279053, 2.3031535148620605, 2.3018696308135986], "val_accuracy": [0.10279999673366547, 0.11349999904632568, 0.11349999904632568, 0.11349999904632568, 0.11349999904632568, 0.11349999904632568, 0.11349999904632568, 0.10279999673366547, 0.10279999673366547, 0.11349999904632568, 0.10100000351667404, 0.11349999904632568, 0.11349999904632568, 0.10100000351667404, 0.11349999904632568, 0.11349999904632568, 0.11349999904632568, 0.11349999904632568, 0.10279999673366547, 0.11349999904632568]}