{"loss": [0.2621889114379883, 0.11308842897415161, 0.09049630165100098, 0.07878740131855011, 0.07230180501937866, 0.0672362819314003, 0.06350703537464142, 0.05783124640583992, 0.056477490812540054, 0.05070047080516815], "accuracy": [0.9221833348274231, 0.9647666811943054, 0.971666693687439, 0.9757166504859924, 0.9773499965667725, 0.9789000153541565, 0.979366660118103, 0.9807999730110168, 0.9819999933242798, 0.9832666516304016], "val_loss": [0.12575663626194, 0.09694874286651611, 0.09945045411586761, 0.09234736114740372, 0.08818802237510681, 0.0834534764289856, 0.09675575792789459, 0.10267361998558044, 0.09460747987031937, 0.11142551153898239], "val_accuracy": [0.9595999717712402, 0.970300018787384, 0.9702000021934509, 0.97079998254776, 0.9743000268936157, 0.9757000207901001, 0.972100019454956, 0.9714999794960022, 0.9746000170707703, 0.9717000126838684]}