{"loss": [0.2280348688364029, 0.09535178542137146, 0.06560562551021576, 0.048435330390930176, 0.0384412556886673, 0.03239301219582558, 0.026990223675966263, 0.022311244159936905, 0.020075194537639618, 0.017890624701976776], "accuracy": [0.9324166774749756, 0.9700999855995178, 0.9787499904632568, 0.9842666387557983, 0.9872333407402039, 0.9888333082199097, 0.9913666844367981, 0.9925333261489868, 0.9927499890327454, 0.9939833283424377], "val_loss": [0.12478148192167282, 0.08436596393585205, 0.08072053641080856, 0.07273071259260178, 0.08305834978818893, 0.0791860818862915, 0.07857508957386017, 0.08163465559482574, 0.08902944624423981, 0.1023290678858757], "val_accuracy": [0.9613999724388123, 0.9714999794960022, 0.9731000065803528, 0.9765999913215637, 0.9757999777793884, 0.9775000214576721, 0.9783999919891357, 0.9794999957084656, 0.9765999913215637, 0.9758999943733215]}