{"loss": [0.17307049036026, 0.07376169413328171, 0.05684332922101021, 0.05046185851097107, 0.042895421385765076, 0.04139560088515282, 0.036708343774080276, 0.03213587403297424, 0.02909858524799347, 0.031043648719787598], "accuracy": [0.9470499753952026, 0.9772833585739136, 0.9819499850273132, 0.9839833378791809, 0.9866499900817871, 0.9868500232696533, 0.9882833361625671, 0.9893666505813599, 0.9908166527748108, 0.9902999997138977], "val_loss": [0.0988876149058342, 0.0783064141869545, 0.06785415858030319, 0.06451456248760223, 0.08234654366970062, 0.07834117114543915, 0.09483984112739563, 0.10423729568719864, 0.10470528900623322, 0.12442513555288315], "val_accuracy": [0.9699000120162964, 0.9772999882698059, 0.9797000288963318, 0.9824000000953674, 0.9767000079154968, 0.979200005531311, 0.9793000221252441, 0.9739000201225281, 0.9783999919891357, 0.9775000214576721]}