{"loss": [0.21678216755390167, 0.10377225279808044, 0.07511206716299057, 0.05831163749098778, 0.04878120869398117, 0.04084156081080437, 0.037536073476076126, 0.029622642323374748, 0.031117847189307213, 0.02659182995557785, 0.024491554126143456, 0.02388344146311283, 0.023223379626870155, 0.01910492219030857, 0.021120309829711914, 0.01660091243684292, 0.01825014129281044, 0.01678827777504921, 0.016359133645892143, 0.01627267710864544], "accuracy": [0.9351500272750854, 0.968833327293396, 0.9779666662216187, 0.9823166728019714, 0.9850333333015442, 0.9877833127975464, 0.989466667175293, 0.9904333353042603, 0.9914666414260864, 0.9920333623886108, 0.9927499890327454, 0.9931833148002625, 0.9929666519165039, 0.9948999881744385, 0.9946833252906799, 0.9954500198364258, 0.9948833584785461, 0.9956666827201843, 0.995983362197876, 0.9958500266075134], "val_loss": [0.11964559555053711, 0.1008903980255127, 0.11234838515520096, 0.09257560223340988, 0.0937122106552124, 0.08899684995412827, 0.08133386820554733, 0.0902332216501236, 0.08402952551841736, 0.0916755273938179, 0.10106030851602554, 0.1275225281715393, 0.09856802970170975, 0.11386852711439133, 0.11303624510765076, 0.13659852743148804, 0.11188769340515137, 0.15706375241279602, 0.14058098196983337, 0.1315574049949646], "val_accuracy": [0.9628000259399414, 0.9714000225067139, 0.9674999713897705, 0.9736999869346619, 0.9764999747276306, 0.9776999950408936, 0.9783999919891357, 0.9790999889373779, 0.9800000190734863, 0.9807999730110168, 0.9797000288963318, 0.9797999858856201, 0.9812999963760376, 0.9757000207901001, 0.9812999963760376, 0.9815000295639038, 0.9805999994277954, 0.9765999913215637, 0.982200026512146, 0.9785000085830688]}