{"loss": [0.5504088997840881, 0.3242480754852295, 0.29591453075408936, 0.2827102839946747, 0.2738484740257263, 0.26850584149360657, 0.2637341618537903, 0.2605219781398773, 0.256928950548172, 0.2554020285606384, 0.2531640827655792, 0.2512587308883667, 0.24952596426010132, 0.24825043976306915, 0.2471999078989029, 0.2458413988351822, 0.24449752271175385, 0.243101567029953, 0.24297598004341125, 0.2420313060283661], "accuracy": [0.8586666584014893, 0.9106500148773193, 0.9172833561897278, 0.9204166531562805, 0.9237833619117737, 0.925000011920929, 0.9265166521072388, 0.9277166724205017, 0.9296500086784363, 0.929183304309845, 0.9298166632652283, 0.9303833246231079, 0.9314833283424377, 0.9312499761581421, 0.9314833283424377, 0.9317833185195923, 0.9330499768257141, 0.9322999715805054, 0.9329833388328552, 0.9329000115394592], "val_loss": [0.3337682783603668, 0.2957994341850281, 0.279114305973053, 0.274669885635376, 0.27131664752960205, 0.26591622829437256, 0.2708069086074829, 0.26495906710624695, 0.26420122385025024, 0.2648184895515442, 0.2621895372867584, 0.2624177634716034, 0.2642924189567566, 0.2629425823688507, 0.26497378945350647, 0.26406925916671753, 0.2617400288581848, 0.2657218873500824, 0.2636277675628662, 0.26367637515068054], "val_accuracy": [0.9108999967575073, 0.916700005531311, 0.9229999780654907, 0.9240999817848206, 0.9248999953269958, 0.9276999831199646, 0.9247000217437744, 0.925599992275238, 0.9251000285148621, 0.9276000261306763, 0.928600013256073, 0.9277999997138977, 0.9266999959945679, 0.9276999831199646, 0.926800012588501, 0.9276000261306763, 0.9276999831199646, 0.9266999959945679, 0.9275000095367432, 0.9276999831199646]}