{"loss": [0.20133556425571442, 0.09406264126300812, 0.0729292705655098, 0.05884549394249916, 0.05068913474678993, 0.04318223148584366, 0.03813943639397621, 0.031882524490356445, 0.03243650868535042, 0.028109030798077583, 0.025117898359894753, 0.022639265283942223, 0.021113164722919464, 0.016250723972916603, 0.01769252121448517, 0.01805422641336918, 0.01618761010468006, 0.015358468517661095, 0.012633901089429855, 0.014735070057213306], "accuracy": [0.9401500225067139, 0.9736833572387695, 0.9803500175476074, 0.9837833046913147, 0.987333357334137, 0.9889500141143799, 0.9903666377067566, 0.9923833608627319, 0.9932166934013367, 0.9939833283424377, 0.9946333169937134, 0.994533360004425, 0.9953500032424927, 0.9963833093643188, 0.996066689491272, 0.9961000084877014, 0.9969833493232727, 0.9971333146095276, 0.9973333477973938, 0.9972333312034607], "val_loss": [0.12407946586608887, 0.11077062785625458, 0.09890586137771606, 0.09803960472345352, 0.09367582947015762, 0.13451766967773438, 0.10644818097352982, 0.1286792904138565, 0.13910681009292603, 0.18542368710041046, 0.20585709810256958, 0.20771785080432892, 0.1946239173412323, 0.21796950697898865, 0.22685524821281433, 0.2109501212835312, 0.21941575407981873, 0.25284343957901, 0.2816598117351532, 0.27253538370132446], "val_accuracy": [0.9650999903678894, 0.968999981880188, 0.9764000177383423, 0.979200005531311, 0.9812999963760376, 0.9771999716758728, 0.9815999865531921, 0.9799000024795532, 0.9782000184059143, 0.979200005531311, 0.9771000146865845, 0.9782000184059143, 0.9787999987602234, 0.9775999784469604, 0.9793999791145325, 0.9803000092506409, 0.98089998960495, 0.9779000282287598, 0.9797999858856201, 0.9801999926567078]}