{"loss": [0.5000901818275452, 0.31029826402664185, 0.2907436490058899, 0.28131312131881714, 0.2759423553943634, 0.2721598148345947, 0.269547700881958, 0.26747673749923706, 0.2662357687950134, 0.2650538682937622, 0.26396337151527405, 0.26329341530799866, 0.2629157304763794, 0.2619890868663788, 0.2612067461013794, 0.2612658143043518, 0.260658860206604, 0.2607272267341614, 0.260042667388916, 0.26045703887939453], "accuracy": [0.8711833357810974, 0.9139500260353088, 0.9192333221435547, 0.9225833415985107, 0.9236166477203369, 0.92535001039505, 0.9264333248138428, 0.9279666543006897, 0.9286166429519653, 0.9293166399002075, 0.9302166700363159, 0.9298166632652283, 0.9301333427429199, 0.9312666654586792, 0.9315666556358337, 0.9315000176429749, 0.9317166805267334, 0.9316999912261963, 0.9322166442871094, 0.9324166774749756], "val_loss": [0.31700342893600464, 0.2886950969696045, 0.2812011241912842, 0.27593711018562317, 0.27355968952178955, 0.2726970314979553, 0.2742846608161926, 0.27694782614707947, 0.2760106325149536, 0.27722451090812683, 0.2767581343650818, 0.2756771445274353, 0.27704375982284546, 0.28024545311927795, 0.27950671315193176, 0.27952054142951965, 0.2807174623012543, 0.2813165783882141, 0.2805890440940857, 0.2864881157875061], "val_accuracy": [0.9096999764442444, 0.9192000031471252, 0.9217000007629395, 0.9240999817848206, 0.925000011920929, 0.9257000088691711, 0.925599992275238, 0.9253000020980835, 0.9264000058174133, 0.9269000291824341, 0.9265000224113464, 0.926800012588501, 0.9276000261306763, 0.9266999959945679, 0.9282000064849854, 0.926800012588501, 0.9280999898910522, 0.9279000163078308, 0.9279999732971191, 0.9264000058174133]}