{"loss": [0.24800324440002441, 0.08285264670848846, 0.0539727620780468, 0.042060136795043945, 0.03385314717888832, 0.027858175337314606, 0.0238252691924572, 0.019970975816249847, 0.016048766672611237, 0.013381030410528183], "accuracy": [0.927049994468689, 0.9752833247184753, 0.9838333129882812, 0.9870333075523376, 0.9902666807174683, 0.9919333457946777, 0.9930499792098999, 0.9938833117485046, 0.9953833222389221, 0.9961333274841309], "val_loss": [0.09872709214687347, 0.06141446530818939, 0.05876641348004341, 0.049168433994054794, 0.048653531819581985, 0.051988426595926285, 0.053453173488378525, 0.05465291813015938, 0.056922271847724915, 0.05667351186275482], "val_accuracy": [0.9708999991416931, 0.9811000227928162, 0.9812999963760376, 0.9836000204086304, 0.9842000007629395, 0.9830999970436096, 0.9846000075340271, 0.9843999743461609, 0.9836000204086304, 0.9836000204086304]}