{"loss": [0.17949751019477844, 0.05658510699868202, 0.04063742980360985, 0.030366724357008934, 0.02454611286520958, 0.018212594091892242, 0.015971601009368896, 0.013870472088456154, 0.011202038265764713, 0.010711112059652805, 0.00877370871603489, 0.007408279925584793, 0.006932087708264589, 0.008741236291825771, 0.006923257373273373, 0.005525496322661638, 0.007367373444139957, 0.0037891690153628588, 0.006448879837989807, 0.004885668400675058], "accuracy": [0.942883312702179, 0.9826333522796631, 0.9874666929244995, 0.9904999732971191, 0.9918500185012817, 0.994350016117096, 0.994949996471405, 0.9957166910171509, 0.9965333342552185, 0.9968666434288025, 0.9972000122070312, 0.9974833130836487, 0.9976666569709778, 0.9974166750907898, 0.99795001745224, 0.9984166622161865, 0.9974666833877563, 0.9987666606903076, 0.9977333545684814, 0.9984666705131531], "val_loss": [0.08041953295469284, 0.053179334849119186, 0.054031193256378174, 0.046946074813604355, 0.04427191987633705, 0.04817602410912514, 0.059011973440647125, 0.045706965029239655, 0.058977074921131134, 0.051624707877635956, 0.0536627322435379, 0.06160030514001846, 0.05500640347599983, 0.04957839846611023, 0.0640469416975975, 0.053728990256786346, 0.061472564935684204, 0.08528098464012146, 0.06870413571596146, 0.09604252129793167], "val_accuracy": [0.9757000207901001, 0.9830999970436096, 0.9832000136375427, 0.9865999817848206, 0.9884999990463257, 0.9868000149726868, 0.984499990940094, 0.9869999885559082, 0.9864000082015991, 0.9883999824523926, 0.988099992275238, 0.9882000088691711, 0.989300012588501, 0.989300012588501, 0.9884999990463257, 0.989799976348877, 0.987500011920929, 0.9858999848365784, 0.9882000088691711, 0.9854000210762024]}