{"loss": [0.1533934623003006, 0.05350305512547493, 0.03955788165330887, 0.02884765900671482, 0.02270246110856533, 0.01877829246222973, 0.015490810386836529, 0.013871935196220875, 0.011438804678618908, 0.01070108637213707, 0.010820909403264523, 0.009267660789191723, 0.009943992830812931, 0.009135005995631218, 0.008233616128563881, 0.00815825816243887, 0.006765931844711304, 0.00808161124587059, 0.00691698445007205, 0.006429802160710096], "accuracy": [0.9530333280563354, 0.9839500188827515, 0.9873166680335999, 0.991433322429657, 0.9925666451454163, 0.9938833117485046, 0.9950000047683716, 0.9958500266075134, 0.9965000152587891, 0.9965333342552185, 0.9968000054359436, 0.9972333312034607, 0.9973000288009644, 0.9972833395004272, 0.9978166818618774, 0.9977666735649109, 0.9982500076293945, 0.9977333545684814, 0.9977999925613403, 0.9982333183288574], "val_loss": [0.04959796369075775, 0.05264320597052574, 0.04171338677406311, 0.04660572484135628, 0.05397326126694679, 0.05297291278839111, 0.048314664512872696, 0.037738677114248276, 0.05601019784808159, 0.0554688423871994, 0.04741630703210831, 0.05962373688817024, 0.054251257330179214, 0.06007852777838707, 0.06415397673845291, 0.05808480829000473, 0.062091320753097534, 0.05716113746166229, 0.07711289077997208, 0.06580127775669098], "val_accuracy": [0.9848999977111816, 0.9833999872207642, 0.9876000285148621, 0.9854999780654907, 0.9847999811172485, 0.9858999848365784, 0.9883000254631042, 0.9914000034332275, 0.9865000247955322, 0.9883000254631042, 0.9901000261306763, 0.9886000156402588, 0.9901000261306763, 0.988099992275238, 0.9891999959945679, 0.9911999702453613, 0.9901999831199646, 0.9902999997138977, 0.9883000254631042, 0.9901000261306763]}