{"loss": [0.16151706874370575, 0.05198288336396217, 0.03810403496026993, 0.029306884855031967, 0.024883976206183434, 0.022824659943580627, 0.020326826721429825, 0.020069804042577744, 0.01945427432656288, 0.01775611750781536, 0.01733744889497757, 0.01699564792215824, 0.017786333337426186, 0.01818108558654785, 0.014921898953616619, 0.014009693637490273, 0.015492631122469902, 0.015019573271274567, 0.01265991386026144, 0.010928204283118248], "accuracy": [0.949916660785675, 0.9846500158309937, 0.9895833134651184, 0.9917666912078857, 0.9932833313941956, 0.9938499927520752, 0.994616687297821, 0.9952166676521301, 0.9955666661262512, 0.9956666827201843, 0.9961333274841309, 0.9964166879653931, 0.9964500069618225, 0.9966166615486145, 0.9966166615486145, 0.9974833130836487, 0.9973000288009644, 0.9972500205039978, 0.9980166554450989, 0.9980499744415283], "val_loss": [0.10995854437351227, 0.041451822966337204, 0.05736914649605751, 0.06970948725938797, 0.08896845579147339, 0.06048043817281723, 0.06024428829550743, 0.09881630539894104, 0.07994959503412247, 0.06837671995162964, 0.07594103366136551, 0.13766220211982727, 0.09757370501756668, 0.07165656238794327, 0.07294958084821701, 0.09192567318677902, 0.10521814972162247, 0.11643441021442413, 0.10145439207553864, 0.10360085219144821], "val_accuracy": [0.967199981212616, 0.9876000285148621, 0.983299970626831, 0.9829000234603882, 0.9853000044822693, 0.9866999983787537, 0.9864000082015991, 0.9846000075340271, 0.9900000095367432, 0.9876000285148621, 0.9886999726295471, 0.9883000254631042, 0.9873999953269958, 0.9886999726295471, 0.9891999959945679, 0.9886999726295471, 0.9850999712944031, 0.9890999794006348, 0.9894000291824341, 0.9897000193595886]}