{"loss": [0.552638590335846, 0.32489094138145447, 0.2960672378540039, 0.2819805443286896, 0.27402350306510925, 0.26862555742263794, 0.26373404264450073, 0.2600797414779663, 0.2577351927757263, 0.2552286684513092, 0.25266027450561523, 0.2512088716030121, 0.24974903464317322, 0.2479928582906723, 0.24693888425827026, 0.2451930046081543, 0.24459680914878845, 0.24364382028579712, 0.2425464242696762, 0.2419232428073883], "accuracy": [0.8583499789237976, 0.9103000164031982, 0.9178500175476074, 0.9207500219345093, 0.9236833453178406, 0.9246833324432373, 0.9269833564758301, 0.9279166460037231, 0.9287166595458984, 0.9293000102043152, 0.9301333427429199, 0.9306833148002625, 0.9306833148002625, 0.9313166737556458, 0.9317166805267334, 0.9322666525840759, 0.9325000047683716, 0.9336000084877014, 0.9328666925430298, 0.9330333471298218], "val_loss": [0.33386898040771484, 0.2953517735004425, 0.28288018703460693, 0.27462971210479736, 0.2730425298213959, 0.2686775028705597, 0.2680370807647705, 0.26371490955352783, 0.2624513506889343, 0.26398640871047974, 0.26667261123657227, 0.26565834879875183, 0.2605848014354706, 0.26043692231178284, 0.264041930437088, 0.2654154896736145, 0.2631663978099823, 0.2619435489177704, 0.26176825165748596, 0.26402774453163147], "val_accuracy": [0.9093000292778015, 0.9165999889373779, 0.9207000136375427, 0.9240999817848206, 0.921999990940094, 0.9248999953269958, 0.9251000285148621, 0.9276999831199646, 0.9261999726295471, 0.9271000027656555, 0.9257000088691711, 0.925000011920929, 0.928600013256073, 0.9283999800682068, 0.9272000193595886, 0.9254000186920166, 0.9269000291824341, 0.9275000095367432, 0.9279999732971191, 0.9277999997138977]}