{"loss": [0.5564882159233093, 0.3250270485877991, 0.29645684361457825, 0.28262653946876526, 0.2738743722438812, 0.26824361085891724, 0.2638460695743561, 0.2603319585323334, 0.25734710693359375, 0.2552903890609741], "accuracy": [0.8566166758537292, 0.9103000164031982, 0.9171500205993652, 0.9213333129882812, 0.9233333468437195, 0.925266683101654, 0.9267333149909973, 0.9278333187103271, 0.9282833337783813, 0.9297166466712952], "val_loss": [0.3348671495914459, 0.29612603783607483, 0.2793273329734802, 0.2747178375720978, 0.2692958116531372, 0.2672455906867981, 0.26463526487350464, 0.26426514983177185, 0.2650448679924011, 0.26237785816192627], "val_accuracy": [0.9075000286102295, 0.9168999791145325, 0.9222999811172485, 0.9222000241279602, 0.9244999885559082, 0.925599992275238, 0.9265999794006348, 0.9254999756813049, 0.9269000291824341, 0.925599992275238]}