{"loss": [0.1993931382894516, 0.08363349735736847, 0.05815098434686661, 0.04184798523783684, 0.03679067641496658, 0.028045641258358955, 0.023399002850055695, 0.02328594960272312, 0.019251428544521332, 0.01675836741924286], "accuracy": [0.939383327960968, 0.9743666648864746, 0.9811000227928162, 0.9867166876792908, 0.9877333045005798, 0.9906333088874817, 0.9923333525657654, 0.9925500154495239, 0.9939833283424377, 0.9944833517074585], "val_loss": [0.11100344359874725, 0.08297721296548843, 0.07800091803073883, 0.08476635068655014, 0.0801016315817833, 0.0766129344701767, 0.09815359860658646, 0.08916904777288437, 0.09583283960819244, 0.0948047935962677], "val_accuracy": [0.964900016784668, 0.9736999869346619, 0.9765999913215637, 0.9757999777793884, 0.9761999845504761, 0.9793999791145325, 0.9771000146865845, 0.9785000085830688, 0.9764999747276306, 0.9772999882698059]}