{"loss": [0.5285170078277588, 0.2710951566696167, 0.22241003811359406, 0.19773876667022705, 0.18317711353302002, 0.17108601331710815, 0.1613442748785019, 0.15522454679012299, 0.1489035040140152, 0.14554446935653687], "accuracy": [0.8377833366394043, 0.9211833477020264, 0.9356499910354614, 0.9420333504676819, 0.9475833177566528, 0.9506499767303467, 0.9540166854858398, 0.955133318901062, 0.9580333232879639, 0.9589499831199646], "val_loss": [0.2991088330745697, 0.24017465114593506, 0.2090948522090912, 0.20595002174377441, 0.187490314245224, 0.17461594939231873, 0.19279734790325165, 0.18219828605651855, 0.17960456013679504, 0.18219010531902313], "val_accuracy": [0.9136000275611877, 0.9311000108718872, 0.9387000203132629, 0.941100001335144, 0.9480000138282776, 0.9495999813079834, 0.9456999897956848, 0.9520999789237976, 0.9508000016212463, 0.9510999917984009]}