{"loss": [0.5000907778739929, 0.31100013852119446, 0.29095974564552307, 0.2811267375946045, 0.27594149112701416, 0.2726310193538666, 0.26968076825141907, 0.2676723599433899, 0.26664698123931885, 0.2652849853038788], "accuracy": [0.8708333373069763, 0.9134666919708252, 0.9189833402633667, 0.9220333099365234, 0.9238166809082031, 0.9256166815757751, 0.9266999959945679, 0.9279999732971191, 0.9280499815940857, 0.9291499853134155], "val_loss": [0.3152984380722046, 0.2948836386203766, 0.2810323238372803, 0.27612975239753723, 0.2782886326313019, 0.2721010148525238, 0.2748836576938629, 0.27610427141189575, 0.2781531810760498, 0.2760290503501892], "val_accuracy": [0.9129999876022339, 0.9196000099182129, 0.9236999750137329, 0.9229999780654907, 0.9240999817848206, 0.9251999855041504, 0.9247999787330627, 0.9248999953269958, 0.9269999861717224, 0.9262999892234802]}