{"loss": [0.5416406989097595, 0.3242338299751282, 0.2959553599357605, 0.28240764141082764, 0.274065226316452, 0.26823490858078003, 0.26359543204307556, 0.26019710302352905, 0.257565438747406, 0.25559112429618835, 0.2530665099620819, 0.2509215772151947, 0.24956446886062622, 0.24820567667484283, 0.2466222196817398, 0.2458009421825409, 0.2443830370903015, 0.24360105395317078, 0.24256953597068787, 0.24189093708992004], "accuracy": [0.8647666573524475, 0.9101166725158691, 0.9177833199501038, 0.9205166697502136, 0.9224166870117188, 0.9252333045005798, 0.9269166588783264, 0.9276333451271057, 0.9284666776657104, 0.9295833110809326, 0.9301000237464905, 0.9304166436195374, 0.9313666820526123, 0.9324166774749756, 0.9315833449363708, 0.9328166842460632, 0.9324833154678345, 0.9331833124160767, 0.9333999752998352, 0.9331166744232178], "val_loss": [0.33374425768852234, 0.2968735694885254, 0.28399017453193665, 0.2749702036380768, 0.26963478326797485, 0.2691924273967743, 0.26716503500938416, 0.2643261253833771, 0.26471373438835144, 0.26394274830818176, 0.2667989134788513, 0.26231759786605835, 0.2637498378753662, 0.26578253507614136, 0.2631078362464905, 0.2633427083492279, 0.26492974162101746, 0.2634785771369934, 0.2644835114479065, 0.26769307255744934], "val_accuracy": [0.9106000065803528, 0.9168999791145325, 0.921500027179718, 0.9235000014305115, 0.9259999990463257, 0.9251000285148621, 0.9258000254631042, 0.9284999966621399, 0.927299976348877, 0.9272000193595886, 0.9248999953269958, 0.9275000095367432, 0.9266999959945679, 0.9265999794006348, 0.926800012588501, 0.9272000193595886, 0.9279000163078308, 0.9276999831199646, 0.926800012588501, 0.9266999959945679]}