{"loss": [0.2775106728076935, 0.12416805326938629, 0.0957031399011612, 0.07716099172830582, 0.06518561393022537, 0.05737002193927765, 0.04935992509126663, 0.04380372166633606, 0.03879177197813988, 0.03440408408641815, 0.030933929607272148, 0.031139390543103218, 0.027719158679246902, 0.025961432605981827, 0.023945078253746033, 0.022046880796551704, 0.021329006180167198, 0.021178986877202988, 0.0195261612534523, 0.01680953986942768], "accuracy": [0.9147833585739136, 0.9613833427429199, 0.970966637134552, 0.9765999913215637, 0.9798166751861572, 0.9819166660308838, 0.9841499924659729, 0.9860166907310486, 0.9876333475112915, 0.9883999824523926, 0.9906333088874817, 0.989716649055481, 0.9914500117301941, 0.9912833571434021, 0.9920166730880737, 0.9926499724388123, 0.9930166602134705, 0.9928666949272156, 0.9933333396911621, 0.994533360004425], "val_loss": [0.14484381675720215, 0.11466190218925476, 0.10234016180038452, 0.09761882573366165, 0.11341512203216553, 0.09981531649827957, 0.10133703798055649, 0.09790945798158646, 0.09857293218374252, 0.11177611351013184, 0.1250496655702591, 0.09787633270025253, 0.10375940799713135, 0.10268066078424454, 0.11115910857915878, 0.11050403118133545, 0.12504930794239044, 0.11580007523298264, 0.11591960489749908, 0.11995840072631836], "val_accuracy": [0.9560999870300293, 0.9642000198364258, 0.9696999788284302, 0.9718999862670898, 0.9690999984741211, 0.97079998254776, 0.9700000286102295, 0.972599983215332, 0.9742000102996826, 0.97079998254776, 0.9686999917030334, 0.9743000268936157, 0.9760000109672546, 0.9746999740600586, 0.9751999974250793, 0.9772999882698059, 0.9736999869346619, 0.9765999913215637, 0.9763000011444092, 0.975600004196167]}