{"loss": [0.22658400237560272, 0.09603486955165863, 0.06881260126829147, 0.05103043094277382, 0.041703496128320694, 0.03315626084804535, 0.029350390657782555, 0.02360888011753559, 0.020494189113378525, 0.017898257821798325, 0.01908588595688343, 0.014913598075509071, 0.012839310802519321, 0.012358758598566055, 0.014088097959756851, 0.010920872911810875, 0.011363258585333824, 0.012295723892748356, 0.009577021934092045, 0.011986763216555119], "accuracy": [0.9330666661262512, 0.9697333574295044, 0.9781666398048401, 0.9840166568756104, 0.9865999817848206, 0.9890333414077759, 0.9905999898910522, 0.9923833608627319, 0.992983341217041, 0.9940833449363708, 0.9937499761581421, 0.994866669178009, 0.9959166646003723, 0.9959333539009094, 0.9954000115394592, 0.9965999722480774, 0.9961666464805603, 0.996066689491272, 0.9969499707221985, 0.9962833523750305], "val_loss": [0.11148782819509506, 0.08407992869615555, 0.07648111134767532, 0.08682862669229507, 0.08131915330886841, 0.07669836282730103, 0.07808180898427963, 0.08612144738435745, 0.08799591660499573, 0.10520629584789276, 0.09923510998487473, 0.1032903790473938, 0.10159595310688019, 0.09932117909193039, 0.11301852017641068, 0.10338982194662094, 0.10967917740345001, 0.13550010323524475, 0.1325514018535614, 0.1296231597661972], "val_accuracy": [0.964900016784668, 0.9742000102996826, 0.9761999845504761, 0.9746000170707703, 0.9771000146865845, 0.9782999753952026, 0.9785000085830688, 0.979200005531311, 0.9778000116348267, 0.9768999814987183, 0.9764000177383423, 0.9779000282287598, 0.9764000177383423, 0.9797000288963318, 0.9775000214576721, 0.98089998960495, 0.9807999730110168, 0.9778000116348267, 0.9789999723434448, 0.9775999784469604]}