{"loss": [0.44496601819992065, 0.25510549545288086, 0.22283142805099487, 0.19903306663036346, 0.1818736046552658, 0.16926321387290955, 0.15918508172035217, 0.1507151573896408, 0.14436352252960205, 0.13871675729751587], "accuracy": [0.8743500113487244, 0.9279166460037231, 0.9367166757583618, 0.942799985408783, 0.9469666481018066, 0.9508166909217834, 0.9531333446502686, 0.9559500217437744, 0.9574166536331177, 0.9588500261306763], "val_loss": [0.269353985786438, 0.23394113779067993, 0.21605481207370758, 0.19315023720264435, 0.18385592103004456, 0.17849043011665344, 0.17568939924240112, 0.17641307413578033, 0.17368032038211823, 0.17252708971500397], "val_accuracy": [0.9233999848365784, 0.9305999875068665, 0.9365000128746033, 0.9412000179290771, 0.9448000192642212, 0.9455999732017517, 0.9498999714851379, 0.9498000144958496, 0.9496999979019165, 0.9491000175476074]}