{"loss": [0.5505121350288391, 0.3238668739795685, 0.2957339584827423, 0.28223899006843567, 0.2734883725643158, 0.26804372668266296, 0.263997346162796, 0.2604387700557709, 0.25774911046028137, 0.2547997534275055], "accuracy": [0.8596333265304565, 0.9107166528701782, 0.9176999926567078, 0.9207500219345093, 0.9239000082015991, 0.9250666499137878, 0.9264500141143799, 0.9274333119392395, 0.9287999868392944, 0.9298499822616577], "val_loss": [0.33273884654045105, 0.2948359251022339, 0.2801741361618042, 0.2740715742111206, 0.27457359433174133, 0.2689703404903412, 0.2659815549850464, 0.2676125466823578, 0.263446182012558, 0.26354551315307617], "val_accuracy": [0.9103999733924866, 0.9182999730110168, 0.9221000075340271, 0.9248999953269958, 0.9236999750137329, 0.9240999817848206, 0.9254000186920166, 0.9258000254631042, 0.9266999959945679, 0.9269999861717224]}