{"loss": [1.1536041498184204, 1.2725543975830078, 1.3273937702178955, 1.3104441165924072, 1.2888554334640503], "accuracy": [0.8640999794006348, 0.8811333179473877, 0.8856833577156067, 0.888616681098938, 0.8904333114624023], "val_loss": [1.2414919137954712, 1.523802399635315, 1.4915257692337036, 1.314602255821228, 1.519375205039978], "val_accuracy": [0.8719000220298767, 0.8687000274658203, 0.8841000199317932, 0.8960000276565552, 0.8884000182151794]}