{"loss": [1.6877498626708984, 1.8937400579452515, 1.9497939348220825, 1.9091904163360596, 1.9320387840270996], "accuracy": [0.8614166378974915, 0.8795833587646484, 0.885866641998291, 0.8896666765213013, 0.8894833326339722], "val_loss": [1.9586049318313599, 1.7166821956634521, 2.480003833770752, 2.3868813514709473, 2.685997247695923], "val_accuracy": [0.8715999722480774, 0.9053000211715698, 0.8695999979972839, 0.8784000277519226, 0.8758999705314636]}