{"loss": [0.4597494602203369, 0.13541556894779205, 0.111853688955307, 0.09175372868776321, 0.08746278285980225, 0.07912130653858185, 0.07893054187297821, 0.07573769986629486, 0.0694330558180809, 0.07076165080070496], "accuracy": [0.8795833587646484, 0.962066650390625, 0.9677333235740662, 0.9728833436965942, 0.9743166565895081, 0.9770166873931885, 0.9784500002861023, 0.9789999723434448, 0.9805833101272583, 0.9812166690826416], "val_loss": [0.1982891708612442, 0.12809260189533234, 0.11630572378635406, 0.10635944455862045, 0.12341102212667465, 0.1390315443277359, 0.1027272492647171, 0.1149253323674202, 0.10359146445989609, 0.10464607924222946], "val_accuracy": [0.9398000240325928, 0.9631999731063843, 0.9672999978065491, 0.9700999855995178, 0.9702000021934509, 0.9652000069618225, 0.973800003528595, 0.9745000004768372, 0.9742000102996826, 0.9761000275611877]}