{"loss": [0.3703872263431549, 0.3286214768886566, 0.3250488340854645, 0.32556942105293274, 0.3269827365875244, 0.32579469680786133, 0.3256814479827881, 0.32506063580513, 0.3261624872684479, 0.32739248871803284], "accuracy": [0.8976500034332275, 0.9152500033378601, 0.9170166850090027, 0.9191166758537292, 0.9190666675567627, 0.9201833605766296, 0.9208333492279053, 0.9206500053405762, 0.9206666946411133, 0.9215499758720398], "val_loss": [0.31884387135505676, 0.34470662474632263, 0.332520455121994, 0.3512127995491028, 0.44037753343582153, 0.334155410528183, 0.3673224449157715, 0.37661832571029663, 0.4145536720752716, 0.40235191583633423], "val_accuracy": [0.9143000245094299, 0.9146999716758728, 0.9180999994277954, 0.9164000153541565, 0.8921999931335449, 0.9240000247955322, 0.9187999963760376, 0.9146999716758728, 0.9053000211715698, 0.9085999727249146]}