{"loss": [0.38901394605636597, 0.36675938963890076, 0.37353894114494324, 0.37834250926971436, 0.3784504532814026, 0.38456809520721436, 0.38332992792129517, 0.3861393630504608, 0.38796016573905945, 0.3880074620246887], "accuracy": [0.8973833322525024, 0.9120333194732666, 0.9138500094413757, 0.9158499836921692, 0.9174833297729492, 0.9179166555404663, 0.9177333116531372, 0.918583333492279, 0.9198499917984009, 0.9190499782562256], "val_loss": [0.39603856205940247, 0.4026281237602234, 0.426709920167923, 0.39957162737846375, 0.4283432066440582, 0.42219647765159607, 0.4286136329174042, 0.44517406821250916, 0.4382520020008087, 0.4367001950740814], "val_accuracy": [0.9014999866485596, 0.9100000262260437, 0.9122999906539917, 0.9180999994277954, 0.9114999771118164, 0.9132000207901001, 0.9160000085830688, 0.9133999943733215, 0.9150999784469604, 0.9193000197410583]}