{"loss": [2.019399881362915, 1.431076169013977, 0.9677610397338867, 0.730305552482605, 0.6115674376487732, 0.5426810383796692, 0.4978259205818176, 0.46617868542671204, 0.44253653287887573, 0.42397138476371765], "accuracy": [0.3154166638851166, 0.6057000160217285, 0.7866666913032532, 0.8312833309173584, 0.8513333201408386, 0.8629500269889832, 0.8706166744232178, 0.8769333362579346, 0.8814333081245422, 0.885016679763794], "val_loss": [1.6978857517242432, 1.1321616172790527, 0.7913323044776917, 0.6332545876502991, 0.5469364523887634, 0.4939965307712555, 0.45752832293510437, 0.4312881827354431, 0.4110414683818817, 0.395973801612854], "val_accuracy": [0.4706000089645386, 0.7498000264167786, 0.8220000267028809, 0.8485999703407288, 0.8639000058174133, 0.8755000233650208, 0.8812999725341797, 0.8852999806404114, 0.8888999819755554, 0.8920999765396118]}