{"loss": [1.955940842628479, 1.130668044090271, 0.7044435739517212, 0.5495665073394775, 0.47419416904449463, 0.42931437492370605, 0.3992193639278412, 0.3772892653942108, 0.3602288067340851, 0.3466172218322754], "accuracy": [0.44725000858306885, 0.7493166923522949, 0.8286666870117188, 0.8580833077430725, 0.8732500076293945, 0.8823333382606506, 0.8896666765213013, 0.8945833444595337, 0.898983359336853, 0.9021166563034058], "val_loss": [1.5141632556915283, 0.817179799079895, 0.5811848640441895, 0.48017367720603943, 0.42548272013664246, 0.39142581820487976, 0.3675386309623718, 0.3488311767578125, 0.33521485328674316, 0.32319387793540955], "val_accuracy": [0.6517000198364258, 0.8180000185966492, 0.8579000234603882, 0.875, 0.8870000243186951, 0.8931000232696533, 0.8974999785423279, 0.9032999873161316, 0.9057000279426575, 0.909600019454956]}