{"loss": [0.313144713640213, 0.1148587167263031, 0.11417720466852188, 0.11276920884847641, 0.11709560453891754, 0.11865473538637161, 0.12857773900032043, 0.13809676468372345, 0.1466941088438034, 0.15970416367053986, 0.17717504501342773, 0.1795017123222351, 0.19532212615013123, 0.2246435284614563, 0.23345254361629486, 0.2760077118873596, 0.3360515236854553, 0.4883931875228882, 0.45575690269470215, 0.5528649091720581], "accuracy": [0.9239500164985657, 0.9719499945640564, 0.9727500081062317, 0.9734166860580444, 0.974399983882904, 0.973633348941803, 0.9728500247001648, 0.9725666642189026, 0.9705166816711426, 0.9694166779518127, 0.9677166938781738, 0.9679833054542542, 0.964983344078064, 0.9662333130836487, 0.9634166955947876, 0.9543666839599609, 0.9443166851997375, 0.9408833384513855, 0.9303500056266785, 0.9105166792869568], "val_loss": [0.12141893059015274, 0.23340347409248352, 0.12962517142295837, 0.21885907649993896, 0.10236334055662155, 0.11188137531280518, 0.18374855816364288, 0.17734578251838684, 0.17023518681526184, 0.14782124757766724, 0.3075641989707947, 0.17962941527366638, 0.17066094279289246, 0.28888562321662903, 0.4014756977558136, 0.19585293531417847, 0.2858433127403259, 0.7954190969467163, 0.36359289288520813, 0.590060293674469], "val_accuracy": [0.9710000157356262, 0.9498000144958496, 0.9696000218391418, 0.9453999996185303, 0.9746000170707703, 0.9722999930381775, 0.9704999923706055, 0.9646999835968018, 0.9707000255584717, 0.9632999897003174, 0.9718000292778015, 0.9724000096321106, 0.958299994468689, 0.9574000239372253, 0.9674999713897705, 0.9571999907493591, 0.9589999914169312, 0.9557999968528748, 0.9424999952316284, 0.9434999823570251]}