{"loss": [0.37233248353004456, 0.3351566791534424, 0.3307056427001953, 0.3315056264400482, 0.3237905502319336, 0.3193584084510803, 0.32214590907096863, 0.31804201006889343, 0.31962379813194275, 0.3163101375102997], "accuracy": [0.8959500193595886, 0.9103833436965942, 0.913266658782959, 0.9131666421890259, 0.9153333306312561, 0.9157500267028809, 0.9165833592414856, 0.9157999753952026, 0.9170833230018616, 0.9176999926567078], "val_loss": [0.32793158292770386, 0.31675779819488525, 0.3543865978717804, 0.3352702260017395, 0.3417108952999115, 0.34596285223960876, 0.34362611174583435, 0.3481590449810028, 0.38466721773147583, 0.38064542412757874], "val_accuracy": [0.90829998254776, 0.9193000197410583, 0.9082000255584717, 0.9157999753952026, 0.9157999753952026, 0.9136999845504761, 0.9196000099182129, 0.9190999865531921, 0.9106000065803528, 0.9093999862670898]}