{"loss": [0.3550589084625244, 0.3084762692451477, 0.30223914980888367, 0.2940952777862549, 0.29437580704689026, 0.29017066955566406, 0.28995761275291443, 0.28708410263061523, 0.2856791913509369, 0.2878246307373047], "accuracy": [0.8989499807357788, 0.914983332157135, 0.9169333577156067, 0.9188666939735413, 0.9190999865531921, 0.9198833107948303, 0.9208166599273682, 0.9214000105857849, 0.9230499863624573, 0.9217000007629395], "val_loss": [0.304281622171402, 0.30234864354133606, 0.30825841426849365, 0.3035719096660614, 0.3333125412464142, 0.32089874148368835, 0.3226975202560425, 0.3320465683937073, 0.3472953736782074, 0.3393350839614868], "val_accuracy": [0.9147999882698059, 0.9190000295639038, 0.9203000068664551, 0.9217000007629395, 0.9157000184059143, 0.9175000190734863, 0.9205999970436096, 0.9146999716758728, 0.9180999994277954, 0.9175999760627747]}