{"loss": [0.29402831196784973, 0.09927505254745483, 0.06996854394674301, 0.056470129638910294, 0.04707629978656769, 0.03953378275036812, 0.03380058705806732, 0.028006842359900475, 0.02435595542192459, 0.021454444155097008], "accuracy": [0.9136333465576172, 0.9703999757766724, 0.9793999791145325, 0.9830833077430725, 0.9854000210762024, 0.98785001039505, 0.9895333051681519, 0.9915333390235901, 0.9923666715621948, 0.992900013923645], "val_loss": [0.12297249585390091, 0.09480288624763489, 0.07098107039928436, 0.06179514154791832, 0.056244343519210815, 0.053283460438251495, 0.055615685880184174, 0.054856035858392715, 0.05510599911212921, 0.05641082301735878], "val_accuracy": [0.9628999829292297, 0.968999981880188, 0.9764000177383423, 0.9810000061988831, 0.9824000000953674, 0.9829000234603882, 0.982200026512146, 0.9833999872207642, 0.9832000136375427, 0.9822999835014343]}