{"loss": [0.252250611782074, 0.08867941796779633, 0.0646083876490593, 0.05162035673856735, 0.04330991581082344, 0.03621761128306389, 0.03062276355922222, 0.02672635205090046, 0.02243434265255928, 0.020228276029229164, 0.01906692236661911, 0.015595209784805775, 0.015565095469355583, 0.013205019757151604, 0.012376450933516026, 0.012286963872611523, 0.010919836349785328, 0.009801148436963558, 0.010035273618996143, 0.00935415644198656], "accuracy": [0.9235166907310486, 0.9726666808128357, 0.9799500107765198, 0.9838833212852478, 0.9863666892051697, 0.9880499839782715, 0.9902333617210388, 0.991016685962677, 0.9923333525657654, 0.9931666851043701, 0.9936000108718872, 0.994783341884613, 0.9950833320617676, 0.9954500198364258, 0.9957666397094727, 0.995983362197876, 0.9965000152587891, 0.9964333176612854, 0.9968166947364807, 0.996999979019165], "val_loss": [0.0891946405172348, 0.09439944475889206, 0.06620968133211136, 0.07798673212528229, 0.06353650242090225, 0.05299587920308113, 0.05806741863489151, 0.06909185647964478, 0.051566071808338165, 0.058656565845012665, 0.06146179884672165, 0.05939839035272598, 0.05937248095870018, 0.06128627806901932, 0.07556848227977753, 0.06309773027896881, 0.07146616280078888, 0.07363739609718323, 0.06237635016441345, 0.0779917761683464], "val_accuracy": [0.9707000255584717, 0.9718000292778015, 0.9789999723434448, 0.975600004196167, 0.9814000129699707, 0.9822999835014343, 0.984000027179718, 0.9805999994277954, 0.9865000247955322, 0.9840999841690063, 0.984499990940094, 0.9861999750137329, 0.98580002784729, 0.98580002784729, 0.9843999743461609, 0.986299991607666, 0.9854000210762024, 0.9851999878883362, 0.9873999953269958, 0.9848999977111816]}