{"loss": [0.17643782496452332, 0.056447114795446396, 0.03854859620332718, 0.028458191081881523, 0.021641120314598083, 0.017005618661642075, 0.011955728754401207, 0.009472457692027092, 0.007072255946695805, 0.005439169704914093], "accuracy": [0.9473666548728943, 0.9830166697502136, 0.9883000254631042, 0.9915500283241272, 0.9938166737556458, 0.994949996471405, 0.996666669845581, 0.9973000288009644, 0.9980666637420654, 0.9986166954040527], "val_loss": [0.07245846837759018, 0.05384920537471771, 0.05267411470413208, 0.04433545097708702, 0.0450550802052021, 0.04569236934185028, 0.05985620245337486, 0.05208355560898781, 0.05507620796561241, 0.05563550442457199], "val_accuracy": [0.978600025177002, 0.982200026512146, 0.9818000197410583, 0.9853000044822693, 0.9855999946594238, 0.9872999787330627, 0.9843999743461609, 0.9872000217437744, 0.987500011920929, 0.987500011920929]}