{"loss": [0.14689986407756805, 0.05145161598920822, 0.03246648609638214, 0.022132549434900284, 0.014270017854869366, 0.0105934152379632, 0.008593924343585968, 0.0072942860424518585, 0.005130194593220949, 0.0037821712903678417], "accuracy": [0.9561499953269958, 0.984416663646698, 0.9895333051681519, 0.9929166436195374, 0.9954500198364258, 0.9964666962623596, 0.9968666434288025, 0.9976666569709778, 0.9983166456222534, 0.9988499879837036], "val_loss": [0.05757670849561691, 0.0460934154689312, 0.05017293617129326, 0.04725910723209381, 0.04104415327310562, 0.05175478383898735, 0.05478811636567116, 0.0492401048541069, 0.06175949051976204, 0.07596754282712936], "val_accuracy": [0.9811000227928162, 0.984000027179718, 0.9843000173568726, 0.9865000247955322, 0.9879999756813049, 0.9851999878883362, 0.9850999712944031, 0.9868000149726868, 0.9851999878883362, 0.9842000007629395]}