{"loss": [0.3585366904735565, 0.30666252970695496, 0.2997325658798218, 0.2934964597225189, 0.2957201302051544], "accuracy": [0.8983666896820068, 0.9154000282287598, 0.9184666872024536, 0.9192500114440918, 0.9192500114440918], "val_loss": [0.3024095594882965, 0.2992231249809265, 0.3021748661994934, 0.3258124887943268, 0.30497583746910095], "val_accuracy": [0.9185000061988831, 0.920199990272522, 0.9182999730110168, 0.9126999974250793, 0.9218000173568726]}