{"loss": [0.369381844997406, 0.3372526168823242, 0.3340035676956177, 0.324941486120224, 0.32635924220085144], "accuracy": [0.8956166505813599, 0.9107499718666077, 0.9121000170707703, 0.9144666790962219, 0.9148666858673096], "val_loss": [0.33447766304016113, 0.3558584451675415, 0.3240640461444855, 0.35802313685417175, 0.3703581690788269], "val_accuracy": [0.9107000231742859, 0.9075999855995178, 0.9171000123023987, 0.9107999801635742, 0.909500002861023]}