{"loss": [0.36811357736587524, 0.33075082302093506, 0.3239380717277527, 0.3268081843852997, 0.32649242877960205, 0.3267846703529358, 0.3259872496128082, 0.3254767954349518, 0.32681795954704285, 0.32670924067497253], "accuracy": [0.8969666957855225, 0.9140333533287048, 0.918066680431366, 0.9184166789054871, 0.9193833470344543, 0.920116662979126, 0.9206333160400391, 0.9222666621208191, 0.9206833243370056, 0.9227499961853027], "val_loss": [0.3310767710208893, 0.3493250012397766, 0.3340441882610321, 0.3665846586227417, 0.3683077096939087, 0.3636310398578644, 0.352329820394516, 0.3745175302028656, 0.3710664212703705, 0.3695403039455414], "val_accuracy": [0.9146000146865845, 0.9107000231742859, 0.9217000007629395, 0.9096999764442444, 0.9178000092506409, 0.9168999791145325, 0.9193000197410583, 0.9182999730110168, 0.9156000018119812, 0.9175000190734863]}