{"loss": [0.3717433512210846, 0.3298131823539734, 0.32614055275917053, 0.3243352174758911, 0.32476624846458435, 0.325917512178421, 0.32520434260368347, 0.3261597752571106, 0.3266040086746216, 0.3263721168041229, 0.3245238661766052, 0.3293147087097168, 0.33021870255470276, 0.3274679183959961, 0.32812774181365967, 0.32913652062416077, 0.3276253640651703, 0.33014383912086487, 0.3299011290073395, 0.32900306582450867], "accuracy": [0.8962500095367432, 0.914566695690155, 0.916450023651123, 0.9180833101272583, 0.9195333123207092, 0.9190833568572998, 0.9202499985694885, 0.9210333228111267, 0.9220666885375977, 0.9213666915893555, 0.9221333265304565, 0.9228666424751282, 0.9230166673660278, 0.9219333529472351, 0.9226333498954773, 0.9222000241279602, 0.9234499931335449, 0.9233499765396118, 0.92371666431427, 0.9234499931335449], "val_loss": [0.3797083795070648, 0.32711929082870483, 0.36641472578048706, 0.3633042871952057, 0.3587402105331421, 0.3534132242202759, 0.37144407629966736, 0.3636072874069214, 0.3571687638759613, 0.3993765413761139, 0.36315709352493286, 0.3875531852245331, 0.4024035334587097, 0.42065054178237915, 0.3896474242210388, 0.3865690529346466, 0.3887487053871155, 0.40029188990592957, 0.4157702624797821, 0.4134162664413452], "val_accuracy": [0.9021999835968018, 0.9146000146865845, 0.9093000292778015, 0.9140999913215637, 0.9174000024795532, 0.9207000136375427, 0.9160000085830688, 0.9197999835014343, 0.9218000173568726, 0.910099983215332, 0.9222999811172485, 0.9205999970436096, 0.9107999801635742, 0.902899980545044, 0.9193000197410583, 0.9210000038146973, 0.9221000075340271, 0.9189000129699707, 0.9103999733924866, 0.9158999919891357]}