{"loss": [0.37250104546546936, 0.33049145340919495, 0.32619860768318176, 0.3257427513599396, 0.3258567750453949, 0.3244756758213043, 0.3259003758430481, 0.3276771903038025, 0.32480737566947937, 0.3273707330226898, 0.32775068283081055, 0.3271826505661011, 0.32690900564193726, 0.32734861969947815, 0.3270743489265442, 0.3287324011325836, 0.32612207531929016, 0.32790717482566833, 0.3312849998474121, 0.32841894030570984], "accuracy": [0.8951500058174133, 0.914566695690155, 0.9165999889373779, 0.9186000227928162, 0.9192666411399841, 0.9197166562080383, 0.9214000105857849, 0.9204999804496765, 0.9206833243370056, 0.9212833046913147, 0.9220333099365234, 0.9223833084106445, 0.921833336353302, 0.9220499992370605, 0.922249972820282, 0.9222000241279602, 0.9237833619117737, 0.923383355140686, 0.9222833514213562, 0.9226833581924438], "val_loss": [0.3147944211959839, 0.3173075318336487, 0.3409610390663147, 0.36023038625717163, 0.3561033010482788, 0.3487429916858673, 0.3459709584712982, 0.37005501985549927, 0.3663172721862793, 0.38695862889289856, 0.3854903280735016, 0.42719295620918274, 0.41993772983551025, 0.41758885979652405, 0.4235049784183502, 0.39272603392601013, 0.39402157068252563, 0.4046078026294708, 0.40242618322372437, 0.40095558762550354], "val_accuracy": [0.9197999835014343, 0.9241999983787537, 0.9193000197410583, 0.9186999797821045, 0.9211000204086304, 0.9225999712944031, 0.9218999743461609, 0.917900025844574, 0.9193999767303467, 0.9186999797821045, 0.916100025177002, 0.9089999794960022, 0.9049999713897705, 0.9057999849319458, 0.911899983882904, 0.9161999821662903, 0.9207000136375427, 0.9190000295639038, 0.9200000166893005, 0.9172999858856201]}