{"loss": [0.37068796157836914, 0.32804688811302185, 0.32481053471565247, 0.32548168301582336, 0.32585009932518005, 0.3243570029735565, 0.3261599540710449, 0.32426193356513977, 0.32549840211868286, 0.3270535171031952], "accuracy": [0.8962666392326355, 0.9142833352088928, 0.9170166850090027, 0.9187166690826416, 0.9202333092689514, 0.9192833304405212, 0.9204833507537842, 0.9217000007629395, 0.9210000038146973, 0.9225833415985107], "val_loss": [0.34071335196495056, 0.36247313022613525, 0.3318377137184143, 0.3732740879058838, 0.3349953591823578, 0.38880494236946106, 0.3522305190563202, 0.4081992208957672, 0.3898654878139496, 0.3635352849960327], "val_accuracy": [0.9093999862670898, 0.9057999849319458, 0.9196000099182129, 0.9059000015258789, 0.9229999780654907, 0.9154000282287598, 0.9193000197410583, 0.9043999910354614, 0.9085999727249146, 0.9226999878883362]}