{"loss": [0.5597044229507446, 0.32488036155700684, 0.295935720205307, 0.2825198769569397, 0.27408209443092346, 0.2681676149368286, 0.2635943293571472, 0.2603635787963867, 0.25771525502204895, 0.255105584859848, 0.25330987572669983, 0.2510983347892761, 0.24969981610774994, 0.248341366648674, 0.2466626614332199, 0.24559997022151947, 0.24442146718502045, 0.2437107414007187, 0.2430960088968277, 0.24175679683685303], "accuracy": [0.8571166396141052, 0.9110000133514404, 0.9177666902542114, 0.9215333461761475, 0.922950029373169, 0.9253166913986206, 0.9256666898727417, 0.9276000261306763, 0.9284499883651733, 0.9292500019073486, 0.930316686630249, 0.9303500056266785, 0.9310666918754578, 0.9314000010490417, 0.9317166805267334, 0.9317833185195923, 0.9332166910171509, 0.932783305644989, 0.932533323764801, 0.9334333539009094], "val_loss": [0.334627240896225, 0.2948650121688843, 0.28092488646507263, 0.27561232447624207, 0.2686900794506073, 0.26921582221984863, 0.2694902718067169, 0.26631680130958557, 0.26646777987480164, 0.263766348361969, 0.2649376094341278, 0.2649184465408325, 0.2636505365371704, 0.26526007056236267, 0.2625729739665985, 0.2634691596031189, 0.26564332842826843, 0.2665449380874634, 0.26268327236175537, 0.26258713006973267], "val_accuracy": [0.9101999998092651, 0.9186000227928162, 0.9214000105857849, 0.9229000210762024, 0.9241999983787537, 0.9247999787330627, 0.9259999990463257, 0.9262999892234802, 0.9266999959945679, 0.9264000058174133, 0.9257000088691711, 0.926800012588501, 0.9254999756813049, 0.9276000261306763, 0.9265999794006348, 0.9280999898910522, 0.925599992275238, 0.926800012588501, 0.9276999831199646, 0.9276000261306763]}