{"loss": [0.2079266607761383, 0.07491803914308548, 0.05758659169077873, 0.05048253759741783, 0.04399120807647705, 0.03971777483820915, 0.0363001674413681, 0.033077407628297806, 0.030831823125481606, 0.029664885252714157], "accuracy": [0.9447166919708252, 0.9781500101089478, 0.9828833341598511, 0.9860000014305115, 0.9876333475112915, 0.9893166422843933, 0.9896000027656555, 0.9914666414260864, 0.9919666647911072, 0.9923833608627319], "val_loss": [0.08205918222665787, 0.07172861695289612, 0.07921478152275085, 0.1019408330321312, 0.1101546511054039, 0.09205517172813416, 0.10046636313199997, 0.10363420099020004, 0.12578050792217255, 0.1581776887178421], "val_accuracy": [0.9767000079154968, 0.9787999987602234, 0.9769999980926514, 0.9747999906539917, 0.9772999882698059, 0.9790999889373779, 0.9800000190734863, 0.9797999858856201, 0.9796000123023987, 0.9778000116348267]}