{"loss": [0.20658943057060242, 0.06437138468027115, 0.049935806542634964, 0.041263557970523834, 0.03592360392212868, 0.030713917687535286, 0.026794780045747757, 0.026220645755529404, 0.022877877578139305, 0.020777244120836258], "accuracy": [0.9514166712760925, 0.9812833070755005, 0.9866499900817871, 0.9895833134651184, 0.9910666942596436, 0.9924166798591614, 0.9933833479881287, 0.9946666955947876, 0.9949333071708679, 0.9957000017166138], "val_loss": [0.06210608407855034, 0.06648363173007965, 0.09028363972902298, 0.08555935323238373, 0.0882561132311821, 0.10759775340557098, 0.1892632246017456, 0.12244809418916702, 0.16375531256198883, 0.20643511414527893], "val_accuracy": [0.9799000024795532, 0.9815000295639038, 0.9793000221252441, 0.9835000038146973, 0.9836999773979187, 0.9832000136375427, 0.979200005531311, 0.9807000160217285, 0.983299970626831, 0.9819999933242798]}