{"loss": [0.16781029105186462, 0.059635452926158905, 0.03817591443657875, 0.027023835107684135, 0.01844356395304203, 0.014682556502521038, 0.008916201069951057, 0.00871245190501213, 0.006305153481662273, 0.0055479551665484905, 0.004814774729311466, 0.0039964718744158745, 0.0026162643916904926, 0.0037637795321643353, 0.0030005276203155518, 0.002627819776535034, 0.0026110908947885036, 0.0020675247069448233, 0.0027498891577124596, 0.0018089220393449068], "accuracy": [0.951366662979126, 0.982283353805542, 0.9880499839782715, 0.991599977016449, 0.9943333268165588, 0.9953333139419556, 0.9973333477973938, 0.9973499774932861, 0.9978333115577698, 0.9982166886329651, 0.9983000159263611, 0.9987166523933411, 0.9992666840553284, 0.9986500144004822, 0.9991666674613953, 0.9991499781608582, 0.9991333484649658, 0.9992333054542542, 0.9991166591644287, 0.9993666410446167], "val_loss": [0.06719610840082169, 0.05955494940280914, 0.046656832098960876, 0.0526326484978199, 0.04401617497205734, 0.05220440775156021, 0.05316990241408348, 0.043593134731054306, 0.05074785277247429, 0.05670924857258797, 0.0630631372332573, 0.05357399955391884, 0.05399102345108986, 0.06171175464987755, 0.07435322552919388, 0.06448810547590256, 0.07488013803958893, 0.07724493741989136, 0.07785297930240631, 0.06747078150510788], "val_accuracy": [0.9786999821662903, 0.9800999760627747, 0.9846000075340271, 0.9835000038146973, 0.9864000082015991, 0.9847000241279602, 0.9843999743461609, 0.9871000051498413, 0.9861999750137329, 0.9860000014305115, 0.986299991607666, 0.9868000149726868, 0.9890999794006348, 0.9864000082015991, 0.9825999736785889, 0.9871000051498413, 0.9858999848365784, 0.9854999780654907, 0.9860000014305115, 0.9868000149726868]}