{"loss": [0.19569851458072662, 0.0567031130194664, 0.03836670145392418, 0.02661254070699215, 0.021626688539981842, 0.0176978949457407, 0.014650958590209484, 0.012616959400475025, 0.010902279056608677, 0.010217593982815742, 0.008959246799349785, 0.006805292330682278, 0.006710587069392204, 0.006261273752897978, 0.00875222496688366, 0.006060466635972261, 0.0047570327296853065, 0.0041295201517641544, 0.007552441209554672, 0.0043596867471933365], "accuracy": [0.9388499855995178, 0.9830333590507507, 0.9889666438102722, 0.9917333126068115, 0.9931166768074036, 0.9944999814033508, 0.9954333305358887, 0.9960333108901978, 0.9970999956130981, 0.9969499707221985, 0.9971333146095276, 0.9979333281517029, 0.998116672039032, 0.9981833100318909, 0.9976500272750854, 0.9983166456222534, 0.9986333250999451, 0.9989333152770996, 0.997866690158844, 0.9987499713897705], "val_loss": [0.0733276903629303, 0.06712427735328674, 0.04465422406792641, 0.051315680146217346, 0.05115963891148567, 0.06923414766788483, 0.05633941665291786, 0.0522063784301281, 0.06136876344680786, 0.05124591663479805, 0.057498253881931305, 0.04694278538227081, 0.0710168182849884, 0.06238855421543121, 0.062393609434366226, 0.062315553426742554, 0.06702819466590881, 0.05566730350255966, 0.06712497770786285, 0.07793409377336502], "val_accuracy": [0.978600025177002, 0.9804999828338623, 0.9865999817848206, 0.9865000247955322, 0.9871000051498413, 0.9833999872207642, 0.9872999787330627, 0.9883999824523926, 0.987500011920929, 0.9886999726295471, 0.9884999990463257, 0.9904000163078308, 0.9860000014305115, 0.987500011920929, 0.9883000254631042, 0.9876000285148621, 0.988099992275238, 0.9894999861717224, 0.9886999726295471, 0.989300012588501]}