{"loss": [0.3862307369709015, 0.14924384653568268, 0.10137275606393814, 0.07794096320867538, 0.06604115664958954, 0.057010751217603683, 0.050967637449502945, 0.04589678719639778, 0.04038599878549576, 0.03712975233793259], "accuracy": [0.8870999813079834, 0.9567833542823792, 0.9701666831970215, 0.9770333170890808, 0.9811833500862122, 0.9836833477020264, 0.9850999712944031, 0.9860166907310486, 0.98785001039505, 0.9882000088691711], "val_loss": [0.18217363953590393, 0.11348064988851547, 0.0841970220208168, 0.06738689541816711, 0.06590060889720917, 0.05635672062635422, 0.061384107917547226, 0.061004962772130966, 0.0619625486433506, 0.05697226524353027], "val_accuracy": [0.9463000297546387, 0.96670001745224, 0.9750000238418579, 0.9797999858856201, 0.979200005531311, 0.982200026512146, 0.9805999994277954, 0.98089998960495, 0.9807999730110168, 0.9829000234603882]}