{"loss": [0.4335990846157074, 0.11476506292819977, 0.07798273861408234, 0.06207888200879097, 0.051214177161455154, 0.04352768883109093, 0.03800787404179573, 0.032373469322919846, 0.029060162603855133, 0.02513941004872322, 0.023048369213938713, 0.019884342327713966, 0.017836466431617737, 0.016182539984583855, 0.013866095803678036, 0.014207080937922001, 0.012277618981897831, 0.01035646814852953, 0.009789624251425266, 0.009006037376821041], "accuracy": [0.8633000254631042, 0.9649166464805603, 0.9758666753768921, 0.9810000061988831, 0.9845666885375977, 0.9866666793823242, 0.9882333278656006, 0.9898499846458435, 0.9906833171844482, 0.9920833110809326, 0.9929500222206116, 0.9937999844551086, 0.9945499897003174, 0.9948833584785461, 0.995983362197876, 0.9953500032424927, 0.9963333606719971, 0.9967166781425476, 0.996916651725769, 0.9973166584968567], "val_loss": [0.12918485701084137, 0.09889701753854752, 0.08869074285030365, 0.05819353461265564, 0.06059139221906662, 0.04580920934677124, 0.04863640293478966, 0.054792821407318115, 0.0494060218334198, 0.05108747258782387, 0.05038595199584961, 0.05105936899781227, 0.06022162362933159, 0.04930165037512779, 0.058711156249046326, 0.05525945499539375, 0.056845154613256454, 0.06196274980902672, 0.06585191190242767, 0.08765877783298492], "val_accuracy": [0.9616000056266785, 0.9692000150680542, 0.9728000164031982, 0.9829000234603882, 0.9829999804496765, 0.9865999817848206, 0.9858999848365784, 0.9843000173568726, 0.9865000247955322, 0.9840999841690063, 0.9865000247955322, 0.9860000014305115, 0.9857000112533569, 0.9879000186920166, 0.9882000088691711, 0.9855999946594238, 0.9883999824523926, 0.9890000224113464, 0.9872000217437744, 0.9839000105857849]}