{"loss": [1.641532301902771, 1.0486739873886108, 0.8335831165313721, 0.7235962748527527, 0.6558825969696045, 0.609403669834137, 0.5752472877502441, 0.5488412976264954, 0.5277411937713623, 0.5103741884231567], "accuracy": [0.590316653251648, 0.7901333570480347, 0.8240833282470703, 0.8396833539009094, 0.8497166633605957, 0.8572333455085754, 0.8622000217437744, 0.8665000200271606, 0.8693333268165588, 0.8724833130836487], "val_loss": [1.2112184762954712, 0.8885844945907593, 0.7432363629341125, 0.6596797108650208, 0.6051066517829895, 0.5662594437599182, 0.536794126033783, 0.5136136412620544, 0.49494531750679016, 0.4793564975261688], "val_accuracy": [0.7682999968528748, 0.8227999806404114, 0.8396999835968018, 0.8533999919891357, 0.8621000051498413, 0.8677999973297119, 0.8720999956130981, 0.8748999834060669, 0.8783000111579895, 0.8798999786376953]}