{"loss": [2.0278403759002686, 1.454383373260498, 1.1618714332580566, 0.9926722049713135, 0.8838707208633423, 0.808053731918335, 0.7519928216934204, 0.7087118625640869, 0.6741166710853577, 0.6458101272583008], "accuracy": [0.3593499958515167, 0.6919999718666077, 0.7714499831199646, 0.8014000058174133, 0.819766640663147, 0.8294666409492493, 0.8383333086967468, 0.8449333310127258, 0.8493833541870117, 0.8537833094596863], "val_loss": [1.6597132682800293, 1.2590562105178833, 1.0404454469680786, 0.9064693450927734, 0.8166549205780029, 0.7520763874053955, 0.7033321857452393, 0.6649855971336365, 0.6340916752815247, 0.60843425989151], "val_accuracy": [0.6226999759674072, 0.7584999799728394, 0.8001999855041504, 0.8190000057220459, 0.8306000232696533, 0.8431000113487244, 0.8507999777793884, 0.8557999730110168, 0.861299991607666, 0.864799976348877]}