{"loss": [0.20433372259140015, 0.0584215484559536, 0.03874943032860756, 0.028342213481664658, 0.022713009268045425, 0.018509259447455406, 0.014908641576766968, 0.01266916561871767, 0.01100660115480423, 0.01083838939666748], "accuracy": [0.9359999895095825, 0.9822499752044678, 0.988183319568634, 0.9914500117301941, 0.9931333065032959, 0.9945833086967468, 0.9957500100135803, 0.9961666464805603, 0.9967166781425476, 0.996916651725769], "val_loss": [0.06635896861553192, 0.047692183405160904, 0.04392675682902336, 0.05442345142364502, 0.04551921784877777, 0.04904545098543167, 0.048301227390766144, 0.06325102597475052, 0.05227145552635193, 0.061760131269693375], "val_accuracy": [0.9800000190734863, 0.9857000112533569, 0.9884999990463257, 0.9869999885559082, 0.9883000254631042, 0.989799976348877, 0.9911999702453613, 0.9894999861717224, 0.9898999929428101, 0.989300012588501]}