{"loss": [0.23515912890434265, 0.10652218759059906, 0.08035179227590561, 0.06614983081817627, 0.056927312165498734, 0.050187259912490845, 0.04235957935452461, 0.040021348744630814, 0.03529027849435806, 0.031241189688444138], "accuracy": [0.9298999905586243, 0.968583345413208, 0.9772833585739136, 0.9814500212669373, 0.9843500256538391, 0.9867500066757202, 0.9885166883468628, 0.989883303642273, 0.9911333322525024, 0.9921333193778992], "val_loss": [0.12257159501314163, 0.09962785243988037, 0.10439565777778625, 0.10673116147518158, 0.09757720679044724, 0.10984259098768234, 0.10531748086214066, 0.13436879217624664, 0.1319129765033722, 0.17736144363880157], "val_accuracy": [0.9607999920845032, 0.9696999788284302, 0.9726999998092651, 0.9743000268936157, 0.9760000109672546, 0.9760000109672546, 0.9786999821662903, 0.9761999845504761, 0.9761000275611877, 0.9703999757766724]}