{"loss": [0.33659979701042175, 0.17168325185775757, 0.15664725005626678, 0.14861659705638885, 0.14572109282016754, 0.14425626397132874, 0.13750633597373962, 0.1322648823261261, 0.13241614401340485, 0.12639378011226654], "accuracy": [0.8917999863624573, 0.9477666616439819, 0.9530500173568726, 0.955216646194458, 0.9565333127975464, 0.9564666748046875, 0.958466649055481, 0.9613166451454163, 0.9613000154495239, 0.963783323764801], "val_loss": [0.16076047718524933, 0.17019122838974, 0.13739138841629028, 0.16571034491062164, 0.15484996140003204, 0.15388455986976624, 0.1406000703573227, 0.13784848153591156, 0.1261201947927475, 0.13995479047298431], "val_accuracy": [0.9506000280380249, 0.9487000107765198, 0.9596999883651733, 0.9485999941825867, 0.9534000158309937, 0.9555000066757202, 0.9603999853134155, 0.9623000025749207, 0.961899995803833, 0.9616000056266785]}