{"loss": [0.500641942024231, 0.3111717998981476, 0.29087376594543457, 0.2811622619628906, 0.2760683000087738, 0.2721494734287262, 0.2696530818939209, 0.267829567193985, 0.2664373815059662, 0.2653864622116089, 0.26406511664390564, 0.26336005330085754, 0.262648344039917, 0.2622824013233185, 0.2615066170692444, 0.26142916083335876, 0.26120105385780334, 0.2607274651527405, 0.2607901394367218, 0.2609090209007263], "accuracy": [0.8704833388328552, 0.9128833413124084, 0.9189666509628296, 0.921999990940094, 0.9239166378974915, 0.9255333542823792, 0.926800012588501, 0.927133321762085, 0.9282833337783813, 0.9287833571434021, 0.9297833442687988, 0.9300000071525574, 0.9301833510398865, 0.930649995803833, 0.9305833578109741, 0.9308000206947327, 0.9316666722297668, 0.9319333434104919, 0.9314000010490417, 0.9320166707038879], "val_loss": [0.31370729207992554, 0.2887735068798065, 0.2780916392803192, 0.27515241503715515, 0.2750815153121948, 0.2738214135169983, 0.27632012963294983, 0.27393677830696106, 0.27481773495674133, 0.2739758789539337, 0.2764783203601837, 0.2768484055995941, 0.2779964506626129, 0.27738243341445923, 0.28042447566986084, 0.27992087602615356, 0.2807968556880951, 0.2824682891368866, 0.2863600254058838, 0.2834763824939728], "val_accuracy": [0.9140999913215637, 0.9204000234603882, 0.9236999750137329, 0.9236000180244446, 0.9247000217437744, 0.9261999726295471, 0.9266999959945679, 0.9261000156402588, 0.9265999794006348, 0.9265000224113464, 0.9264000058174133, 0.9276999831199646, 0.9269000291824341, 0.9282000064849854, 0.9276000261306763, 0.9261999726295471, 0.9261999726295471, 0.9279000163078308, 0.9254000186920166, 0.9276000261306763]}