{"loss": [0.28226402401924133, 0.1384175717830658, 0.10784212499856949, 0.09082328528165817, 0.08362086862325668, 0.07838129252195358, 0.07243752479553223, 0.07120031118392944, 0.07281205803155899, 0.0709969624876976, 0.06855491548776627, 0.07046318054199219, 0.07073505222797394, 0.07268761843442917, 0.06324339658021927, 0.06500633805990219, 0.06336690485477448, 0.06397004425525665, 0.06351350247859955, 0.06313590705394745], "accuracy": [0.9156833291053772, 0.9589333534240723, 0.9686499834060669, 0.974133312702179, 0.9769999980926514, 0.9791833162307739, 0.9811166524887085, 0.982366681098938, 0.9823333621025085, 0.9835000038146973, 0.9839500188827515, 0.9839000105857849, 0.9848999977111816, 0.9842333197593689, 0.9856833219528198, 0.9861999750137329, 0.9872166514396667, 0.9868666529655457, 0.9868166446685791, 0.9873833060264587], "val_loss": [0.15936042368412018, 0.12524834275245667, 0.11397326737642288, 0.12260731309652328, 0.1262856125831604, 0.11579255014657974, 0.1325281411409378, 0.15885724127292633, 0.1380322426557541, 0.14654557406902313, 0.2262638360261917, 0.18040981888771057, 0.14360085129737854, 0.20485669374465942, 0.2375856637954712, 0.18487870693206787, 0.2084183394908905, 0.24817250669002533, 0.2947460114955902, 0.19535265862941742], "val_accuracy": [0.9521999955177307, 0.9620000123977661, 0.9702000021934509, 0.9684000015258789, 0.9706000089645386, 0.9717000126838684, 0.9711999893188477, 0.9710999727249146, 0.9717000126838684, 0.9688000082969666, 0.9692000150680542, 0.9627000093460083, 0.9747999906539917, 0.9722999930381775, 0.9682999849319458, 0.9739000201225281, 0.9731000065803528, 0.9656000137329102, 0.9714999794960022, 0.9746000170707703]}