{"loss": [0.37467899918556213, 0.33025163412094116, 0.32617902755737305, 0.3254843056201935, 0.32549479603767395, 0.32293277978897095, 0.32560187578201294, 0.3272521197795868, 0.32626762986183167, 0.324582576751709, 0.32818418741226196, 0.3263981342315674, 0.3259178400039673, 0.32842838764190674, 0.327242910861969, 0.3274017870426178, 0.32722559571266174, 0.32802829146385193, 0.32827267050743103, 0.327589750289917], "accuracy": [0.895550012588501, 0.9134500026702881, 0.9164833426475525, 0.9192333221435547, 0.9198166728019714, 0.9211666584014893, 0.9203833341598511, 0.9211999773979187, 0.9214666485786438, 0.921833336353302, 0.9213666915893555, 0.9217166900634766, 0.9228333234786987, 0.9225166440010071, 0.922950029373169, 0.9226166605949402, 0.9232333302497864, 0.9229166507720947, 0.9233666658401489, 0.9231333136558533], "val_loss": [0.3232825696468353, 0.36600548028945923, 0.323376327753067, 0.3668641746044159, 0.3449351191520691, 0.350065141916275, 0.4629996716976166, 0.38061609864234924, 0.37018969655036926, 0.39728590846061707, 0.36243265867233276, 0.38949674367904663, 0.37853530049324036, 0.3662880063056946, 0.40063977241516113, 0.38659125566482544, 0.40496325492858887, 0.4252113401889801, 0.3877326548099518, 0.3855462074279785], "val_accuracy": [0.9125999808311462, 0.9034000039100647, 0.9236999750137329, 0.9074000120162964, 0.9186000227928162, 0.9225999712944031, 0.8906000256538391, 0.9115999937057495, 0.9186999797821045, 0.9128000140190125, 0.9211000204086304, 0.91839998960495, 0.9186999797821045, 0.9214000105857849, 0.9146999716758728, 0.9175999760627747, 0.9128000140190125, 0.9132999777793884, 0.9223999977111816, 0.917900025844574]}