{"loss": [0.30625224113464355, 0.1509290635585785, 0.1527765989303589, 0.15374138951301575, 0.1588548868894577, 0.16632050275802612, 0.16667310893535614, 0.17844364047050476, 0.18326669931411743, 0.16785359382629395], "accuracy": [0.9065499901771545, 0.9602833390235901, 0.9619333148002625, 0.9614166617393494, 0.961816668510437, 0.9623833298683167, 0.9596166610717773, 0.9573666453361511, 0.9579833149909973, 0.9603666663169861], "val_loss": [0.21908210217952728, 0.1403716802597046, 0.1543581187725067, 0.1185397356748581, 0.16606226563453674, 0.13348868489265442, 0.13943339884281158, 0.1274367868900299, 0.1878054440021515, 0.4733069837093353], "val_accuracy": [0.9474999904632568, 0.9610000252723694, 0.964900016784668, 0.9678999781608582, 0.958899974822998, 0.9616000056266785, 0.9670000076293945, 0.9696000218391418, 0.9699000120162964, 0.8920999765396118]}