{"loss": [0.23516376316547394, 0.11755213141441345, 0.09868627041578293, 0.09311576187610626, 0.09008367359638214, 0.08827537298202515, 0.08810362219810486, 0.08637656271457672, 0.08397864550352097, 0.08036819845438004], "accuracy": [0.928683340549469, 0.9672999978065491, 0.9744666814804077, 0.9770500063896179, 0.9797999858856201, 0.9800000190734863, 0.9805833101272583, 0.9814500212669373, 0.9826333522796631, 0.9836666584014893], "val_loss": [0.12512393295764923, 0.14914608001708984, 0.13124284148216248, 0.13137659430503845, 0.17340922355651855, 0.161260187625885, 0.17105554044246674, 0.15530557930469513, 0.17484673857688904, 0.24127155542373657], "val_accuracy": [0.9623000025749207, 0.9634000062942505, 0.9695000052452087, 0.9729999899864197, 0.9696999788284302, 0.9718000292778015, 0.972000002861023, 0.9728000164031982, 0.9733999967575073, 0.9767000079154968]}