{"loss": [0.22715038061141968, 0.09446527063846588, 0.08481916040182114, 0.07915777713060379, 0.07890154421329498, 0.07267454266548157, 0.06978236138820648, 0.07069981843233109, 0.06736926734447479, 0.06286145746707916], "accuracy": [0.9281833171844482, 0.9718999862670898, 0.9755666851997375, 0.9771333336830139, 0.9786166548728943, 0.9806166887283325, 0.9818999767303467, 0.9819833040237427, 0.9820333123207092, 0.9843000173568726], "val_loss": [0.10452398657798767, 0.08574832230806351, 0.08078943192958832, 0.1243041530251503, 0.07305791974067688, 0.09063010662794113, 0.09292776137590408, 0.08234898746013641, 0.09667357802391052, 0.1049465462565422], "val_accuracy": [0.9707000255584717, 0.9735000133514404, 0.978600025177002, 0.9714000225067139, 0.9810000061988831, 0.9793999791145325, 0.9786999821662903, 0.9815000295639038, 0.9804999828338623, 0.9750999808311462]}