{"loss": [3.7890846729278564, 2.302057981491089, 2.302227020263672, 2.3021750450134277, 2.302271842956543, 2.3020827770233154, 2.3020665645599365, 2.302140474319458, 2.3021957874298096, 2.3021278381347656], "accuracy": [0.10993333160877228, 0.11020000278949738, 0.11086666584014893, 0.10976666957139969, 0.11076666414737701, 0.11063333600759506, 0.11089999973773956, 0.11140000075101852, 0.11068333685398102, 0.11076666414737701], "val_loss": [2.301692008972168, 2.301715135574341, 2.3030574321746826, 2.3014872074127197, 2.3017818927764893, 2.3017354011535645, 2.303118944168091, 2.301632881164551, 2.3014883995056152, 2.3014650344848633], "val_accuracy": [0.11349999904632568, 0.11349999904632568, 0.11349999904632568, 0.11349999904632568, 0.11349999904632568, 0.11349999904632568, 0.11349999904632568, 0.11349999904632568, 0.10100000351667404, 0.11349999904632568]}