{"loss": [0.49784547090530396, 0.3109349012374878, 0.2902977466583252, 0.28097718954086304, 0.2761767506599426, 0.27242907881736755, 0.2694111466407776, 0.2677258551120758, 0.26626330614089966, 0.26490190625190735, 0.2640315890312195, 0.26335203647613525, 0.2627834975719452, 0.26184412837028503, 0.2619878351688385, 0.26162490248680115, 0.261196494102478, 0.260883092880249, 0.26044797897338867, 0.2602093517780304], "accuracy": [0.8726666569709778, 0.9131500124931335, 0.9186833500862122, 0.9219666719436646, 0.9239166378974915, 0.9250666499137878, 0.9266499876976013, 0.9276333451271057, 0.9281666874885559, 0.9285333156585693, 0.9297166466712952, 0.9305999875068665, 0.9308000206947327, 0.9307500123977661, 0.9306166768074036, 0.9311833381652832, 0.9318166375160217, 0.9319666624069214, 0.9326500296592712, 0.9321333169937134], "val_loss": [0.31291478872299194, 0.28587716817855835, 0.2778162956237793, 0.27787667512893677, 0.2750670611858368, 0.27398350834846497, 0.2726597785949707, 0.2736692428588867, 0.27361416816711426, 0.27602458000183105, 0.27620357275009155, 0.27541229128837585, 0.27647531032562256, 0.2815375030040741, 0.27887314558029175, 0.28200212121009827, 0.2800460159778595, 0.282124400138855, 0.2825450301170349, 0.28495916724205017], "val_accuracy": [0.9136000275611877, 0.9205999970436096, 0.9230999946594238, 0.9230999946594238, 0.9235000014305115, 0.9243999719619751, 0.9269999861717224, 0.9276999831199646, 0.9262999892234802, 0.9269000291824341, 0.9276000261306763, 0.9271000027656555, 0.9276999831199646, 0.9269000291824341, 0.9269000291824341, 0.9269999861717224, 0.9283000230789185, 0.9266999959945679, 0.9290000200271606, 0.926800012588501]}