{"loss": [0.3478572964668274, 0.17198367416858673, 0.13363173604011536, 0.11010357737541199, 0.09657642990350723, 0.08558841049671173, 0.07630098611116409, 0.06961554288864136, 0.06393595039844513, 0.05777056887745857], "accuracy": [0.900866687297821, 0.9500166773796082, 0.9591500163078308, 0.9661999940872192, 0.9704333543777466, 0.9737499952316284, 0.9761333465576172, 0.9779833555221558, 0.9799333214759827, 0.9817666411399841], "val_loss": [0.1926889270544052, 0.15343376994132996, 0.12664780020713806, 0.1162121593952179, 0.114402636885643, 0.10871682316064835, 0.10442116856575012, 0.1033194363117218, 0.12439901381731033, 0.11829621344804764], "val_accuracy": [0.9427000284194946, 0.9549999833106995, 0.9606999754905701, 0.9649999737739563, 0.9656999707221985, 0.9674999713897705, 0.9689000248908997, 0.9714000225067139, 0.9660000205039978, 0.9678000211715698]}