{"loss": [0.36431482434272766, 0.18726828694343567, 0.1427890658378601, 0.11910346895456314, 0.10212886333465576, 0.09127739071846008, 0.08284717798233032, 0.07578391581773758, 0.06944356858730316, 0.06381610035896301], "accuracy": [0.8985333442687988, 0.9464666843414307, 0.9575999975204468, 0.9642500281333923, 0.9697833061218262, 0.97243332862854, 0.9748499989509583, 0.977316677570343, 0.9787499904632568, 0.9797999858856201], "val_loss": [0.20610952377319336, 0.15361565351486206, 0.13183148205280304, 0.11517198383808136, 0.1198045164346695, 0.10743459314107895, 0.10521680861711502, 0.11355455219745636, 0.10361375659704208, 0.10339774191379547], "val_accuracy": [0.9409000277519226, 0.9555000066757202, 0.9602000117301941, 0.9671000242233276, 0.9624000191688538, 0.9679999947547913, 0.9679999947547913, 0.9664999842643738, 0.9685999751091003, 0.9700999855995178]}