{"loss": [0.1417558640241623, 0.06580492854118347, 0.04872352257370949, 0.03651277720928192, 0.0324091836810112, 0.03476034104824066, 0.027785586193203926, 0.027619611471891403, 0.028927188366651535, 0.025137122720479965, 0.026402533054351807, 0.021793363615870476, 0.029475213959813118, 0.023943806067109108, 0.026551662012934685, 0.02245248295366764, 0.022219382226467133, 0.020994681864976883, 0.024139268323779106, 0.024235924705863], "accuracy": [0.9580666422843933, 0.9797333478927612, 0.9850666522979736, 0.9887999892234802, 0.9901000261306763, 0.9899666905403137, 0.9923666715621948, 0.9926333427429199, 0.9927999973297119, 0.9940833449363708, 0.9940333366394043, 0.9954166412353516, 0.9941499829292297, 0.9954500198364258, 0.9950833320617676, 0.9957500100135803, 0.9958666563034058, 0.9963666796684265, 0.9962499737739563, 0.9962833523750305], "val_loss": [0.07780393958091736, 0.0694003626704216, 0.09094942361116409, 0.07321768999099731, 0.08336171507835388, 0.11081869900226593, 0.10262502729892731, 0.12044095247983932, 0.1200476661324501, 0.18824563920497894, 0.1745273619890213, 0.16339631378650665, 0.18681547045707703, 0.21107445657253265, 0.20377382636070251, 0.2008260041475296, 0.2114252895116806, 0.28659307956695557, 0.3103409707546234, 0.2777790427207947], "val_accuracy": [0.9751999974250793, 0.9793999791145325, 0.9757000207901001, 0.9797000288963318, 0.9811000227928162, 0.9757999777793884, 0.9786999821662903, 0.9796000123023987, 0.9807000160217285, 0.975600004196167, 0.9812999963760376, 0.9810000061988831, 0.9817000031471252, 0.9803000092506409, 0.9793000221252441, 0.9825000166893005, 0.9819999933242798, 0.9787999987602234, 0.9803000092506409, 0.9807999730110168]}