{"loss": [0.5865549445152283, 0.07197261601686478, 0.04501691833138466, 0.03297191485762596, 0.02544337511062622, 0.020345080643892288, 0.018419211730360985, 0.015844784677028656, 0.014103171415627003, 0.013892663642764091, 0.012066454626619816, 0.012338806875050068, 0.010950825177133083, 0.011499986052513123, 0.012290473096072674, 0.01028540637344122, 0.011876407079398632, 0.009572074748575687, 0.008913802914321423, 0.008156709372997284], "accuracy": [0.8141000270843506, 0.9801666736602783, 0.987583339214325, 0.9906166791915894, 0.9926333427429199, 0.9943833351135254, 0.9946666955947876, 0.9957000017166138, 0.9960333108901978, 0.996666669845581, 0.9969000220298767, 0.997083306312561, 0.9971666932106018, 0.9971833229064941, 0.9972500205039978, 0.9975500106811523, 0.9975833296775818, 0.997783362865448, 0.9981833100318909, 0.9981833100318909], "val_loss": [0.1316554695367813, 0.06088345870375633, 0.07320169359445572, 0.0444868840277195, 0.05145042762160301, 0.06462112069129944, 0.05156121030449867, 0.058776307851076126, 0.07011660188436508, 0.07010631263256073, 0.06807368993759155, 0.06566303968429565, 0.1110481470823288, 0.107327401638031, 0.0702446848154068, 0.10158286243677139, 0.09304628521203995, 0.18748591840267181, 0.12753823399543762, 0.12022925913333893], "val_accuracy": [0.9624000191688538, 0.984000027179718, 0.978600025177002, 0.9887999892234802, 0.9865999817848206, 0.9869999885559082, 0.9879000186920166, 0.9894999861717224, 0.9890999794006348, 0.9879999756813049, 0.9909999966621399, 0.9896000027656555, 0.9886999726295471, 0.9868999719619751, 0.9894999861717224, 0.9904000163078308, 0.9890999794006348, 0.9868999719619751, 0.9890999794006348, 0.9846000075340271]}