{"loss": [0.3751130998134613, 0.32684898376464844, 0.32513993978500366, 0.3259701132774353, 0.3248403072357178, 0.32762566208839417, 0.3255141079425812, 0.3262600004673004, 0.32626888155937195, 0.3277817666530609], "accuracy": [0.8952500224113464, 0.9156500101089478, 0.9175999760627747, 0.9190833568572998, 0.9193166494369507, 0.9194666743278503, 0.92044997215271, 0.9208166599273682, 0.9215666651725769, 0.9219499826431274], "val_loss": [0.34989508986473083, 0.33697929978370667, 0.3444947898387909, 0.35829007625579834, 0.3506947457790375, 0.3741600215435028, 0.3400465250015259, 0.3852064311504364, 0.3691985309123993, 0.3778277635574341], "val_accuracy": [0.9067999720573425, 0.9132000207901001, 0.916100025177002, 0.9089999794960022, 0.9178000092506409, 0.9154000282287598, 0.923799991607666, 0.909500002861023, 0.9186999797821045, 0.9189000129699707]}