{"loss": [0.5007537603378296, 0.3099753260612488, 0.290196031332016, 0.2812955677509308, 0.2758641839027405, 0.2722345292568207, 0.26984545588493347, 0.2679293751716614, 0.2661561667919159, 0.2649429738521576, 0.2639937400817871, 0.2632862329483032, 0.2626156806945801, 0.26204442977905273, 0.2616419494152069, 0.2612560987472534, 0.2610336244106293, 0.26084044575691223, 0.260440856218338, 0.2605120539665222], "accuracy": [0.8709166646003723, 0.913016676902771, 0.9194499850273132, 0.9220499992370605, 0.9241333603858948, 0.9260666370391846, 0.9271500110626221, 0.9279166460037231, 0.9288166761398315, 0.9286333322525024, 0.9295666813850403, 0.9298833608627319, 0.9300333261489868, 0.9309499859809875, 0.930649995803833, 0.9315833449363708, 0.9311666488647461, 0.931850016117096, 0.9320999979972839, 0.9322666525840759], "val_loss": [0.3103882074356079, 0.2947085499763489, 0.27811309695243835, 0.27495622634887695, 0.27621933817863464, 0.2759961783885956, 0.27551427483558655, 0.2747032046318054, 0.2746686041355133, 0.27514368295669556, 0.27571648359298706, 0.2754165530204773, 0.2771874666213989, 0.2784539759159088, 0.28085240721702576, 0.2809505760669708, 0.28231081366539, 0.28108540177345276, 0.2810717225074768, 0.286510169506073], "val_accuracy": [0.9147999882698059, 0.916100025177002, 0.9221000075340271, 0.9253000020980835, 0.9254000186920166, 0.9254999756813049, 0.925599992275238, 0.9259999990463257, 0.9262999892234802, 0.9265999794006348, 0.9279000163078308, 0.930400013923645, 0.9258999824523926, 0.9279999732971191, 0.9269999861717224, 0.9273999929428101, 0.9261999726295471, 0.9286999702453613, 0.9266999959945679, 0.9269999861717224]}