{"loss": [0.3017452359199524, 0.16064128279685974, 0.12326794117689133, 0.10287375003099442, 0.0897926613688469, 0.07948630303144455, 0.07165146619081497, 0.06569720059633255, 0.06080431491136551, 0.05652417242527008, 0.05318697541952133, 0.04976773262023926, 0.04733627289533615, 0.04464937746524811, 0.04203139245510101, 0.03937404230237007, 0.037780359387397766, 0.0352739579975605, 0.03314778581261635, 0.03175612539052963], "accuracy": [0.9145333170890808, 0.9530333280563354, 0.9646999835968018, 0.970550000667572, 0.9746999740600586, 0.9779499769210815, 0.9799833297729492, 0.9818500280380249, 0.9833499789237976, 0.98458331823349, 0.9855833053588867, 0.9865333437919617, 0.9878833293914795, 0.9886666536331177, 0.989383339881897, 0.9896500110626221, 0.9903333187103271, 0.9909499883651733, 0.9916333556175232, 0.9921666383743286], "val_loss": [0.1746341735124588, 0.13990429043769836, 0.11876959353685379, 0.11554064601659775, 0.10216095298528671, 0.10577134788036346, 0.10767844319343567, 0.10824418812990189, 0.10932859778404236, 0.10948768258094788, 0.1139921024441719, 0.1246546283364296, 0.11753984540700912, 0.11853998154401779, 0.13025201857089996, 0.12370388209819794, 0.13706791400909424, 0.1364849954843521, 0.13579246401786804, 0.1384991705417633], "val_accuracy": [0.9477999806404114, 0.9577000141143799, 0.96670001745224, 0.9679999947547913, 0.9717000126838684, 0.9702000021934509, 0.9718000292778015, 0.9714999794960022, 0.973800003528595, 0.9733999967575073, 0.9739000201225281, 0.9699000120162964, 0.9733999967575073, 0.9735999703407288, 0.9714000225067139, 0.9726999998092651, 0.9728999733924866, 0.9714999794960022, 0.9728000164031982, 0.9739000201225281]}