{"loss": [0.19399286806583405, 0.06587053090333939, 0.04664746671915054, 0.03575871139764786, 0.02868472971022129, 0.022837558761239052, 0.018475187942385674, 0.015765611082315445, 0.012902793474495411, 0.013025819323956966], "accuracy": [0.9401999711990356, 0.9796833395957947, 0.9857666492462158, 0.9887666702270508, 0.9911666512489319, 0.9927166700363159, 0.9938666820526123, 0.9948833584785461, 0.9954833388328552, 0.9956666827201843], "val_loss": [0.08156025409698486, 0.07178236544132233, 0.06044287607073784, 0.07406971603631973, 0.049033597111701965, 0.05531563237309456, 0.05381776764988899, 0.05464262515306473, 0.05454180762171745, 0.05540284886956215], "val_accuracy": [0.9740999937057495, 0.9779999852180481, 0.9807999730110168, 0.9807000160217285, 0.9865999817848206, 0.9843999743461609, 0.9866999983787537, 0.9858999848365784, 0.98580002784729, 0.9847999811172485]}