{"loss": [0.13473276793956757, 0.047460973262786865, 0.030425183475017548, 0.019466310739517212, 0.014538946561515331, 0.010962404310703278, 0.008250395767390728, 0.0068534063175320625, 0.005604944191873074, 0.004244034178555012, 0.0044564553536474705, 0.0041327397339046, 0.0038367928937077522, 0.0033459856640547514, 0.0020266680512577295, 0.004611332900822163, 0.002886292291805148, 0.0015373487258329988, 0.0019463533535599709, 0.003099811729043722], "accuracy": [0.9592999815940857, 0.9857000112533569, 0.9905666708946228, 0.9939500093460083, 0.9955000281333923, 0.996066689491272, 0.9974333047866821, 0.9976833462715149, 0.9982333183288574, 0.9988333582878113, 0.9986000061035156, 0.9985833168029785, 0.9989333152770996, 0.9989333152770996, 0.9994666576385498, 0.9985166788101196, 0.9990000128746033, 0.9994666576385498, 0.9994000196456909, 0.9989333152770996], "val_loss": [0.05318522825837135, 0.04639970883727074, 0.041172340512275696, 0.049334026873111725, 0.05756528303027153, 0.04186232015490532, 0.05110269784927368, 0.04806995391845703, 0.05877065286040306, 0.063410185277462, 0.05673239007592201, 0.06423106044530869, 0.06861817836761475, 0.07117827236652374, 0.09934674948453903, 0.07017022371292114, 0.07764286547899246, 0.08005276322364807, 0.0879443809390068, 0.0727863609790802], "val_accuracy": [0.9821000099182129, 0.9847000241279602, 0.987500011920929, 0.9857000112533569, 0.9830999970436096, 0.9876000285148621, 0.9883999824523926, 0.987500011920929, 0.9861999750137329, 0.986299991607666, 0.9879999756813049, 0.9868999719619751, 0.9864000082015991, 0.987500011920929, 0.9822999835014343, 0.987500011920929, 0.9878000020980835, 0.9869999885559082, 0.9868999719619751, 0.9873999953269958]}