{"loss": [0.1424921154975891, 0.04865982383489609, 0.03161922097206116, 0.023092245683073997, 0.015705235302448273, 0.011780094355344772, 0.008034864440560341, 0.006353653501719236, 0.003941533621400595, 0.003085186006501317], "accuracy": [0.9570333361625671, 0.9849166870117188, 0.9904500246047974, 0.9930166602134705, 0.9951833486557007, 0.9964666962623596, 0.9976166486740112, 0.9980000257492065, 0.9988166689872742, 0.9991166591644287], "val_loss": [0.05678747594356537, 0.05087829753756523, 0.05452587455511093, 0.044095732271671295, 0.06214353069663048, 0.049619223922491074, 0.053864069283008575, 0.07198909670114517, 0.07727498561143875, 0.08776215463876724], "val_accuracy": [0.9819999933242798, 0.9837999939918518, 0.9836000204086304, 0.9861999750137329, 0.9825999736785889, 0.9868000149726868, 0.9872000217437744, 0.9843000173568726, 0.9857000112533569, 0.9857000112533569]}