{"loss": [0.1368941366672516, 0.04678380489349365, 0.02993956208229065, 0.018996767699718475, 0.012927350588142872, 0.008691809140145779, 0.005291456822305918, 0.003972369246184826, 0.0027017686516046524, 0.00226425938308239], "accuracy": [0.9592166543006897, 0.9862666726112366, 0.9908333420753479, 0.9940999746322632, 0.9960500001907349, 0.9975833296775818, 0.9984666705131531, 0.9988166689872742, 0.9992166757583618, 0.9994500279426575], "val_loss": [0.05626663938164711, 0.03656736761331558, 0.039797935634851456, 0.04392144829034805, 0.04557022824883461, 0.04387315735220909, 0.049221061170101166, 0.05712227150797844, 0.0641651302576065, 0.06756372004747391], "val_accuracy": [0.9819999933242798, 0.9868999719619751, 0.9864000082015991, 0.9865999817848206, 0.9861000180244446, 0.9886999726295471, 0.9883999824523926, 0.9879999756813049, 0.9876000285148621, 0.9883999824523926]}