{"loss": [0.22073301672935486, 0.09962038695812225, 0.07218486070632935, 0.05760730803012848, 0.04738488793373108, 0.03833729401230812, 0.03326965495944023, 0.028860364109277725, 0.023713061586022377, 0.019224930554628372, 0.017827119678258896, 0.015288058668375015, 0.01218937523663044, 0.010817530564963818, 0.009005466476082802, 0.00786285288631916, 0.006865731440484524, 0.005835001822561026, 0.004759492818266153, 0.0045816064812242985], "accuracy": [0.9358166456222534, 0.9706166386604309, 0.978950023651123, 0.9840999841690063, 0.9865000247955322, 0.989383339881897, 0.9910500049591064, 0.9922999739646912, 0.9935833215713501, 0.9945666790008545, 0.9952666759490967, 0.9962000250816345, 0.9967833161354065, 0.9971500039100647, 0.9977666735649109, 0.9980833530426025, 0.9981833100318909, 0.998449981212616, 0.9989666938781738, 0.9988499879837036], "val_loss": [0.12044797092676163, 0.09957514703273773, 0.08570558577775955, 0.08368285000324249, 0.09048479050397873, 0.08897154033184052, 0.09609485417604446, 0.09505116939544678, 0.091605044901371, 0.10329785197973251, 0.10109459608793259, 0.10839488357305527, 0.11385200172662735, 0.12247519195079803, 0.12970878183841705, 0.1266084611415863, 0.128396674990654, 0.1234070211648941, 0.14646074175834656, 0.1418357789516449], "val_accuracy": [0.9643999934196472, 0.9704999923706055, 0.9761000275611877, 0.9779999852180481, 0.9775000214576721, 0.978600025177002, 0.9778000116348267, 0.9794999957084656, 0.9801999926567078, 0.9789000153541565, 0.9797000288963318, 0.9787999987602234, 0.979200005531311, 0.9790999889373779, 0.9790999889373779, 0.9794999957084656, 0.978600025177002, 0.9799000024795532, 0.9782000184059143, 0.9789999723434448]}