{"loss": [0.4987972676753998, 0.31080055236816406, 0.2908385992050171, 0.28143295645713806, 0.27576693892478943, 0.2725689709186554, 0.2696320712566376, 0.26773399114608765, 0.2663268446922302, 0.26497259736061096, 0.2634919583797455, 0.2634924054145813, 0.26247525215148926, 0.26222991943359375, 0.2616691589355469, 0.26121070981025696, 0.261162132024765, 0.260555624961853, 0.26025235652923584, 0.2606057822704315], "accuracy": [0.8726999759674072, 0.9128666520118713, 0.9184499979019165, 0.9222833514213562, 0.9236833453178406, 0.9253333210945129, 0.9272833466529846, 0.9277999997138977, 0.9280499815940857, 0.9292666912078857, 0.9297166466712952, 0.9302499890327454, 0.930733323097229, 0.9307500123977661, 0.9311333298683167, 0.931850016117096, 0.9310333132743835, 0.9320999979972839, 0.9323833584785461, 0.9323333501815796], "val_loss": [0.31414201855659485, 0.28929051756858826, 0.2800680100917816, 0.2762465178966522, 0.27333953976631165, 0.2729613780975342, 0.27399179339408875, 0.27208220958709717, 0.2736726701259613, 0.2754027247428894, 0.2787902355194092, 0.27661585807800293, 0.2768275737762451, 0.2799399495124817, 0.2795799672603607, 0.2835133671760559, 0.27975162863731384, 0.2811264395713806, 0.2826315462589264, 0.2847571074962616], "val_accuracy": [0.9136999845504761, 0.920199990272522, 0.9244999885559082, 0.9251999855041504, 0.9246000051498413, 0.9265999794006348, 0.926800012588501, 0.9269000291824341, 0.9258000254631042, 0.9273999929428101, 0.9253000020980835, 0.9272000193595886, 0.9269000291824341, 0.9273999929428101, 0.9266999959945679, 0.9265000224113464, 0.9286999702453613, 0.9275000095367432, 0.927299976348877, 0.9272000193595886]}