{"loss": [4.793201446533203, 0.17531555891036987, 0.16788224875926971, 0.1802682727575302, 0.17248043417930603, 0.1822822391986847, 0.1797613948583603, 0.18435290455818176, 0.18348851799964905, 0.21015115082263947], "accuracy": [0.8985333442687988, 0.9584500193595886, 0.9610499739646912, 0.9592499732971191, 0.9594666957855225, 0.958216667175293, 0.9610499739646912, 0.9591333270072937, 0.9595166444778442, 0.9577333331108093], "val_loss": [0.14358727633953094, 0.13717271387577057, 0.2515358030796051, 0.17502577602863312, 0.15242289006710052, 0.18288834393024445, 0.28811219334602356, 0.10649260133504868, 0.4395604133605957, 0.2962149381637573], "val_accuracy": [0.9666000008583069, 0.9666000008583069, 0.927299976348877, 0.965499997138977, 0.9663000106811523, 0.9516000151634216, 0.9156000018119812, 0.9764999747276306, 0.9168999791145325, 0.961899995803833]}