{"loss": [0.49962523579597473, 0.31084638833999634, 0.29067477583885193, 0.2813064455986023, 0.27592265605926514, 0.27242279052734375, 0.26971665024757385, 0.26771053671836853, 0.26608720421791077, 0.26525142788887024, 0.2639983594417572, 0.26323559880256653, 0.26298272609710693, 0.2620932459831238, 0.2617488205432892, 0.2615097463130951, 0.26088231801986694, 0.2604833245277405, 0.2605574429035187, 0.2603294849395752], "accuracy": [0.8717333078384399, 0.9132999777793884, 0.9192166924476624, 0.9217166900634766, 0.923550009727478, 0.9250666499137878, 0.9267333149909973, 0.9276166558265686, 0.9281833171844482, 0.9295166730880737, 0.9294000267982483, 0.9297000169754028, 0.9303666949272156, 0.9308333396911621, 0.9314166903495789, 0.9313166737556458, 0.9317833185195923, 0.9317333102226257, 0.932116687297821, 0.932449996471405], "val_loss": [0.31441614031791687, 0.2877456843852997, 0.2807023525238037, 0.27597883343696594, 0.27295103669166565, 0.2723456621170044, 0.27292487025260925, 0.27279171347618103, 0.27631261944770813, 0.2740017771720886, 0.27825355529785156, 0.2798154056072235, 0.27875733375549316, 0.27724242210388184, 0.2792113423347473, 0.27976399660110474, 0.2801177501678467, 0.28297850489616394, 0.282833069562912, 0.28594639897346497], "val_accuracy": [0.9120000004768372, 0.9194999933242798, 0.9218999743461609, 0.9235000014305115, 0.9261999726295471, 0.9259999990463257, 0.9262999892234802, 0.9265000224113464, 0.9259999990463257, 0.9264000058174133, 0.9257000088691711, 0.9262999892234802, 0.9276000261306763, 0.927299976348877, 0.9277999997138977, 0.9283999800682068, 0.9282000064849854, 0.9276000261306763, 0.9279000163078308, 0.9264000058174133]}