{"loss": [0.35708215832710266, 0.3082861602306366, 0.29976192116737366, 0.2976994514465332, 0.29325202107429504, 0.2879438102245331, 0.2872277796268463, 0.28827229142189026, 0.2865166962146759, 0.28242483735084534, 0.28371235728263855, 0.2797001004219055, 0.2798558175563812, 0.28420376777648926, 0.282955527305603, 0.2767048180103302, 0.2812216579914093, 0.2801060676574707, 0.2750602066516876, 0.27780580520629883], "accuracy": [0.8982833623886108, 0.9158499836921692, 0.9178166389465332, 0.9193666577339172, 0.9192166924476624, 0.9212166666984558, 0.9215499758720398, 0.921916663646698, 0.9216499924659729, 0.9224166870117188, 0.9221833348274231, 0.9234166741371155, 0.9239500164985657, 0.9224166870117188, 0.9221500158309937, 0.9250333309173584, 0.9232500195503235, 0.9240666627883911, 0.9244999885559082, 0.9228000044822693], "val_loss": [0.33032238483428955, 0.3064521849155426, 0.3191242814064026, 0.3115455210208893, 0.31129372119903564, 0.34004878997802734, 0.31555232405662537, 0.32681968808174133, 0.31717726588249207, 0.34266436100006104, 0.332607239484787, 0.3287372887134552, 0.33179229497909546, 0.3507024347782135, 0.3310486674308777, 0.35240596532821655, 0.3369556963443756, 0.3480288088321686, 0.37192052602767944, 0.3645213544368744], "val_accuracy": [0.9082000255584717, 0.9153000116348267, 0.9175999760627747, 0.9223999977111816, 0.9186000227928162, 0.916700005531311, 0.9186999797821045, 0.9164000153541565, 0.9208999872207642, 0.9128999710083008, 0.9190000295639038, 0.920199990272522, 0.9175000190734863, 0.9147999882698059, 0.921500027179718, 0.9174000024795532, 0.916100025177002, 0.9176999926567078, 0.9085000157356262, 0.9132000207901001]}