{"loss": [0.26330405473709106, 0.11557977646589279, 0.07990612834692001, 0.05833326652646065, 0.04702259972691536, 0.03696339577436447, 0.029462935402989388, 0.023133214563131332, 0.019540702924132347, 0.017786530777812004, 0.01363529171794653, 0.012673520483076572, 0.010601972229778767, 0.009352867491543293, 0.00885399617254734, 0.00786774605512619, 0.006820577196776867, 0.006548518314957619, 0.006608433555811644, 0.004910881165415049], "accuracy": [0.9237499833106995, 0.9659833312034607, 0.9760500192642212, 0.9825833439826965, 0.9852833151817322, 0.9879999756813049, 0.9906833171844482, 0.9931166768074036, 0.9936333298683167, 0.9943833351135254, 0.9957000017166138, 0.996233344078064, 0.9966333508491516, 0.9973000288009644, 0.9972500205039978, 0.9973333477973938, 0.99795001745224, 0.9979000091552734, 0.997866690158844, 0.9984166622161865], "val_loss": [0.13325326144695282, 0.10526567697525024, 0.0849427580833435, 0.08623901009559631, 0.0768490806221962, 0.08542614430189133, 0.07883456349372864, 0.07678378373384476, 0.07385791093111038, 0.0793168917298317, 0.08175341784954071, 0.11266430467367172, 0.08836932480335236, 0.09813535213470459, 0.10013070702552795, 0.097017303109169, 0.09722146391868591, 0.09792979806661606, 0.10588037222623825, 0.1016031950712204], "val_accuracy": [0.9613999724388123, 0.9660999774932861, 0.9728000164031982, 0.9718999862670898, 0.9758999943733215, 0.9731000065803528, 0.9771999716758728, 0.9786999821662903, 0.9767000079154968, 0.9769999980926514, 0.9775999784469604, 0.9707000255584717, 0.9775000214576721, 0.9753000140190125, 0.9760000109672546, 0.9758999943733215, 0.977400004863739, 0.9779999852180481, 0.9763000011444092, 0.9789000153541565]}