{"loss": [0.37008070945739746, 0.33037951588630676, 0.3266821503639221, 0.32646772265434265, 0.32468271255493164], "accuracy": [0.897683322429657, 0.9145333170890808, 0.9163333177566528, 0.9182166457176208, 0.9192333221435547], "val_loss": [0.3441363573074341, 0.3368507921695709, 0.32978934049606323, 0.36512812972068787, 0.350593626499176], "val_accuracy": [0.9093000292778015, 0.9135000109672546, 0.9221000075340271, 0.9121999740600586, 0.9189000129699707]}