{"loss": [0.3891502320766449, 0.37158721685409546, 0.3743351995944977, 0.3773069977760315, 0.38031768798828125], "accuracy": [0.8974833488464355, 0.9118833541870117, 0.9143000245094299, 0.9162999987602234, 0.9158333539962769], "val_loss": [0.36708396673202515, 0.3639431297779083, 0.4097883403301239, 0.4073924720287323, 0.411361962556839], "val_accuracy": [0.9118000268936157, 0.9212999939918518, 0.9110999703407288, 0.9136000275611877, 0.9133999943733215]}