{"loss": [0.18614591658115387, 0.06503760814666748, 0.04545854404568672, 0.033387355506420135, 0.027291512116789818, 0.021819444373250008, 0.018662869930267334, 0.014417044818401337, 0.014495181851089, 0.011757667176425457], "accuracy": [0.9419000148773193, 0.9804499745368958, 0.9855833053588867, 0.989883303642273, 0.9913833141326904, 0.9927999973297119, 0.9938833117485046, 0.9953166842460632, 0.9952499866485596, 0.9960500001907349], "val_loss": [0.09537076950073242, 0.05932105705142021, 0.06428219377994537, 0.06454981863498688, 0.05227743089199066, 0.05410389229655266, 0.055013157427310944, 0.06822697818279266, 0.06091770529747009, 0.05218411237001419], "val_accuracy": [0.9702000021934509, 0.9825000166893005, 0.9796000123023987, 0.9796000123023987, 0.9865000247955322, 0.9858999848365784, 0.9861000180244446, 0.9843999743461609, 0.9848999977111816, 0.9887999892234802]}