{"loss": [0.2728627026081085, 0.10880943387746811, 0.10369258373975754, 0.10328912734985352, 0.10718140006065369, 0.10316859185695648, 0.10757994651794434, 0.11510583758354187, 0.11506367474794388, 0.12168066948652267, 0.1354295313358307, 0.12254484742879868, 0.1292547881603241, 0.1322489082813263, 0.15509234368801117, 0.14870381355285645, 0.15010914206504822, 0.1552058756351471, 0.16613240540027618, 0.16692529618740082], "accuracy": [0.9148833155632019, 0.9694499969482422, 0.9726166725158691, 0.9748333096504211, 0.9735666513442993, 0.9754166603088379, 0.9745166897773743, 0.9750499725341797, 0.974049985408783, 0.9734500050544739, 0.9733833074569702, 0.9741833209991455, 0.972100019454956, 0.9715666770935059, 0.9701499938964844, 0.968666672706604, 0.9677333235740662, 0.9683333039283752, 0.9681000113487244, 0.967033326625824], "val_loss": [0.13841129839420319, 0.27313318848609924, 0.1076095849275589, 0.11934008449316025, 0.11070436984300613, 0.16528227925300598, 0.1267939656972885, 0.13475479185581207, 0.13129499554634094, 0.11830936372280121, 0.132600799202919, 0.27935290336608887, 0.1635173261165619, 0.19360952079296112, 0.15795475244522095, 0.16391733288764954, 0.24259553849697113, 0.18108966946601868, 0.5462886095046997, 0.13158324360847473], "val_accuracy": [0.9610999822616577, 0.9408000111579895, 0.9729999899864197, 0.9681000113487244, 0.9758999943733215, 0.9678000211715698, 0.968500018119812, 0.9758999943733215, 0.9739999771118164, 0.9757000207901001, 0.9761999845504761, 0.9648000001907349, 0.9754999876022339, 0.968999981880188, 0.9628000259399414, 0.9704999923706055, 0.9466999769210815, 0.9732000231742859, 0.8511999845504761, 0.9656999707221985]}