{"loss": [0.23137839138507843, 0.13719360530376434, 0.12558040022850037, 0.11149092018604279, 0.10639377683401108, 0.10698936879634857, 0.1017146110534668, 0.09701824188232422, 0.09811227768659592, 0.1010536327958107, 0.0875331312417984, 0.0906486064195633, 0.0949179008603096, 0.08387158066034317, 0.09229080379009247, 0.08843791484832764, 0.07641099393367767, 0.1016443520784378, 0.08763111382722855, 0.08121276646852493], "accuracy": [0.9317333102226257, 0.9664999842643738, 0.9713500142097473, 0.9756166934967041, 0.9770333170890808, 0.9792666435241699, 0.9820833206176758, 0.9820333123207092, 0.9832333326339722, 0.9845166802406311, 0.9849500060081482, 0.9856500029563904, 0.9867333173751831, 0.9875666499137878, 0.9879999756813049, 0.9879999756813049, 0.9882166385650635, 0.9894833564758301, 0.9895166754722595, 0.9908666610717773], "val_loss": [0.1367672234773636, 0.13645027577877045, 0.15230686962604523, 0.14285768568515778, 0.21777531504631042, 0.14066195487976074, 0.2051396518945694, 0.14332154393196106, 0.2535627782344818, 0.36367419362068176, 0.3679233491420746, 0.23150408267974854, 0.30844414234161377, 0.3611747920513153, 0.2886201739311218, 0.309663861989975, 0.5717170238494873, 0.373157799243927, 0.3938664495944977, 0.5206096172332764], "val_accuracy": [0.9629999995231628, 0.9648000001907349, 0.9718999862670898, 0.9733999967575073, 0.9692000150680542, 0.9753000140190125, 0.9648000001907349, 0.9789000153541565, 0.967199981212616, 0.9768999814987183, 0.970300018787384, 0.9765999913215637, 0.9761000275611877, 0.9746999740600586, 0.9757000207901001, 0.9761999845504761, 0.9700999855995178, 0.9775999784469604, 0.9764999747276306, 0.9772999882698059]}