{"loss": [0.5025095343589783, 0.31099775433540344, 0.2910502552986145, 0.2811567187309265, 0.2760910093784332, 0.272722989320755, 0.26983723044395447, 0.2678523361682892, 0.2663763165473938, 0.26509717106819153, 0.2639288902282715, 0.26355215907096863, 0.2631763815879822, 0.2624456286430359, 0.26172029972076416, 0.26139897108078003, 0.2615325450897217, 0.2604677975177765, 0.2608119547367096, 0.2610749900341034], "accuracy": [0.8713333606719971, 0.9128166437149048, 0.9191166758537292, 0.9225000143051147, 0.923966646194458, 0.925266683101654, 0.9265499711036682, 0.9276166558265686, 0.9284999966621399, 0.9291499853134155, 0.9295166730880737, 0.9292333126068115, 0.9306666851043701, 0.9304500222206116, 0.9309999942779541, 0.9309333562850952, 0.9311500191688538, 0.9317166805267334, 0.9323166608810425, 0.931683361530304], "val_loss": [0.31814420223236084, 0.2848440110683441, 0.27881351113319397, 0.27945154905319214, 0.27240225672721863, 0.2726709842681885, 0.2753744125366211, 0.2770938575267792, 0.2750239074230194, 0.27628380060195923, 0.2784952223300934, 0.2778262794017792, 0.27745845913887024, 0.2784329950809479, 0.2818394899368286, 0.2793426215648651, 0.28108707070350647, 0.2848339378833771, 0.28243938088417053, 0.28897297382354736], "val_accuracy": [0.9133999943733215, 0.920799970626831, 0.9247999787330627, 0.9235000014305115, 0.9243999719619751, 0.9262999892234802, 0.9261000156402588, 0.9248999953269958, 0.9265999794006348, 0.9259999990463257, 0.9259999990463257, 0.9269999861717224, 0.9269000291824341, 0.9276000261306763, 0.9262999892234802, 0.9266999959945679, 0.925599992275238, 0.9264000058174133, 0.9266999959945679, 0.925000011920929]}