{"loss": [0.2560001313686371, 0.12072553485631943, 0.08800697326660156, 0.07068467140197754, 0.05916489288210869, 0.051130183041095734, 0.04551805555820465, 0.03953445330262184, 0.035323332995176315, 0.03154345601797104], "accuracy": [0.9263333082199097, 0.9644166827201843, 0.9744833111763, 0.9803500175476074, 0.9836000204086304, 0.9855999946594238, 0.9871666431427002, 0.9892666935920715, 0.9901166558265686, 0.9916666746139526], "val_loss": [0.1416003555059433, 0.10598558187484741, 0.09345629066228867, 0.09499366581439972, 0.09002484381198883, 0.0926859974861145, 0.08968548476696014, 0.08853429555892944, 0.09556498378515244, 0.10350595414638519], "val_accuracy": [0.9596999883651733, 0.970300018787384, 0.972100019454956, 0.9731000065803528, 0.9757000207901001, 0.9757000207901001, 0.9775999784469604, 0.9789999723434448, 0.9778000116348267, 0.9768000245094299]}