{"loss": [0.15626376867294312, 0.057308394461870193, 0.03796442970633507, 0.029611729085445404, 0.022207314148545265, 0.0183119997382164, 0.015531453303992748, 0.01276783924549818, 0.01178380660712719, 0.010921014472842216, 0.008512292988598347, 0.009440108202397823, 0.007666901219636202, 0.0074865869246423244, 0.008516083471477032, 0.00678097503259778, 0.00655347341671586, 0.006650832481682301, 0.007032966241240501, 0.005335677415132523], "accuracy": [0.951200008392334, 0.9825500249862671, 0.9886333346366882, 0.9905999898910522, 0.9935333132743835, 0.9943166375160217, 0.995199978351593, 0.9957666397094727, 0.9960833191871643, 0.996749997138977, 0.9973000288009644, 0.9969333410263062, 0.9974333047866821, 0.9975833296775818, 0.9973333477973938, 0.9980499744415283, 0.998116672039032, 0.9978833198547363, 0.9981666803359985, 0.9984833598136902], "val_loss": [0.06310670077800751, 0.05104202404618263, 0.05455068498849869, 0.04204636812210083, 0.04000687226653099, 0.05171700939536095, 0.047187600284814835, 0.05415806919336319, 0.052252937108278275, 0.05016129091382027, 0.06302247941493988, 0.05739160254597664, 0.06791896373033524, 0.0725289061665535, 0.07393671572208405, 0.06999701261520386, 0.07108946144580841, 0.07089218497276306, 0.0604996457695961, 0.06979216635227203], "val_accuracy": [0.9812999963760376, 0.9850000143051147, 0.9847999811172485, 0.9889000058174133, 0.989300012588501, 0.9883999824523926, 0.9879999756813049, 0.9860000014305115, 0.9884999990463257, 0.9873999953269958, 0.9864000082015991, 0.9884999990463257, 0.9857000112533569, 0.9894000291824341, 0.986299991607666, 0.9872000217437744, 0.9883000254631042, 0.9865000247955322, 0.9894000291824341, 0.989300012588501]}