{"loss": [0.35608044266700745, 0.3082033395767212, 0.29758524894714355, 0.2949504554271698, 0.29034319519996643, 0.2900595963001251, 0.2878711223602295, 0.28505560755729675, 0.28408539295196533, 0.28341758251190186], "accuracy": [0.8981166481971741, 0.9150333404541016, 0.9194166660308838, 0.9195333123207092, 0.9206166863441467, 0.9213333129882812, 0.9210500121116638, 0.922166645526886, 0.9229333400726318, 0.9222833514213562], "val_loss": [0.3088541030883789, 0.30316025018692017, 0.302910178899765, 0.30760762095451355, 0.3177301287651062, 0.3229900002479553, 0.3461149036884308, 0.346029132604599, 0.32105836272239685, 0.3382388651371002], "val_accuracy": [0.9133999943733215, 0.9193000197410583, 0.9210000038146973, 0.9197999835014343, 0.9214000105857849, 0.9162999987602234, 0.9143000245094299, 0.9143000245094299, 0.921999990940094, 0.9128000140190125]}