{"loss": [0.17871005833148956, 0.07856402546167374, 0.06153922155499458, 0.04713476449251175, 0.04230663552880287, 0.04020901769399643, 0.03382100537419319, 0.02915298193693161, 0.027711546048521996, 0.023488886654376984], "accuracy": [0.9460833072662354, 0.9761333465576172, 0.9815000295639038, 0.9854833483695984, 0.9871333241462708, 0.9872999787330627, 0.989633321762085, 0.9909666776657104, 0.9916499853134155, 0.9924166798591614], "val_loss": [0.10010324418544769, 0.07686363905668259, 0.07771606743335724, 0.09779094904661179, 0.0826619565486908, 0.09813763201236725, 0.10605629533529282, 0.10519373416900635, 0.1026875376701355, 0.12148279696702957], "val_accuracy": [0.9690999984741211, 0.9775999784469604, 0.9768999814987183, 0.9749000072479248, 0.9782999753952026, 0.9735000133514404, 0.9771000146865845, 0.9779000282287598, 0.9782000184059143, 0.9781000018119812]}