{"loss": [0.2865755558013916, 0.06614280492067337, 0.051045265048742294, 0.04072508215904236, 0.036698900163173676, 0.03536112979054451, 0.03017355687916279, 0.024501321837306023, 0.023028789088129997, 0.02290993370115757, 0.02253243885934353, 0.0179635938256979, 0.01621057465672493, 0.013270438648760319, 0.01616431027650833, 0.010890902020037174, 0.009743903763592243, 0.007504804525524378, 0.007890947163105011, 0.006084019783884287], "accuracy": [0.9535833597183228, 0.9818166494369507, 0.986299991607666, 0.9892500042915344, 0.9909166693687439, 0.9914166927337646, 0.9926499724388123, 0.9937999844551086, 0.9946833252906799, 0.9952166676521301, 0.9956833124160767, 0.9965166449546814, 0.9967166781425476, 0.9976333379745483, 0.9973999857902527, 0.998033344745636, 0.9982333183288574, 0.9986166954040527, 0.9987000226974487, 0.9989333152770996], "val_loss": [0.0735635757446289, 0.05745454132556915, 0.06415782123804092, 0.0822857916355133, 0.08148478716611862, 0.10549938678741455, 0.08514324575662613, 0.11042047291994095, 0.14061996340751648, 0.10482790321111679, 0.15605024993419647, 0.15191060304641724, 0.2188090831041336, 0.1384136974811554, 0.21644897758960724, 0.2015111893415451, 0.1979503482580185, 0.21906951069831848, 0.24164670705795288, 0.24724286794662476], "val_accuracy": [0.9778000116348267, 0.9829000234603882, 0.9832000136375427, 0.9829999804496765, 0.9846000075340271, 0.9757999777793884, 0.9825000166893005, 0.9822999835014343, 0.9842000007629395, 0.9857000112533569, 0.9860000014305115, 0.9842000007629395, 0.9846000075340271, 0.9836999773979187, 0.984499990940094, 0.984499990940094, 0.9861999750137329, 0.9835000038146973, 0.9830999970436096, 0.9855999946594238]}