{"loss": [0.1747962236404419, 0.0637393370270729, 0.04586408659815788, 0.03975122794508934, 0.03245217353105545, 0.027831507846713066, 0.02527230978012085, 0.022796614095568657, 0.018349098041653633, 0.01873011142015457, 0.015889853239059448, 0.014407668262720108, 0.011730811558663845, 0.013560532592236996, 0.012156413868069649, 0.010820828378200531, 0.01162175927311182, 0.010824263095855713, 0.008319754153490067, 0.0069588469341397285], "accuracy": [0.9531999826431274, 0.9814833402633667, 0.9868666529655457, 0.9891666769981384, 0.9914666414260864, 0.992900013923645, 0.9934499859809875, 0.9947166442871094, 0.9955999851226807, 0.9955166578292847, 0.9966333508491516, 0.9969499707221985, 0.9971166849136353, 0.9977166652679443, 0.9975333213806152, 0.9980166554450989, 0.9981499910354614, 0.998116672039032, 0.9985833168029785, 0.9986500144004822], "val_loss": [0.0655570700764656, 0.06486926227807999, 0.06497947126626968, 0.08602719753980637, 0.08246587216854095, 0.1230359598994255, 0.10294137895107269, 0.10466150939464569, 0.14595074951648712, 0.150408074259758, 0.16381677985191345, 0.1939617246389389, 0.18864665925502777, 0.20487114787101746, 0.3149586319923401, 0.19147872924804688, 0.25330889225006104, 0.24376752972602844, 0.23787309229373932, 0.28631988167762756], "val_accuracy": [0.9805999994277954, 0.9824000000953674, 0.9815999865531921, 0.9835000038146973, 0.9843000173568726, 0.9815000295639038, 0.9825000166893005, 0.9799000024795532, 0.9811000227928162, 0.9815999865531921, 0.9812999963760376, 0.9821000099182129, 0.9837999939918518, 0.982699990272522, 0.984000027179718, 0.9840999841690063, 0.9846000075340271, 0.9866999983787537, 0.9850000143051147, 0.9861999750137329]}