{"loss": [0.12774045765399933, 0.04311474785208702, 0.024925047531723976, 0.015018925070762634, 0.010152985341846943, 0.007182127330452204, 0.006674414966255426, 0.005453810095787048, 0.004425866063684225, 0.0050307754427194595, 0.0028754875529557467, 0.003027551108971238, 0.0024640082847326994, 0.0034529543481767178, 0.002452031709253788, 0.002784949028864503, 0.0025718985125422478, 0.002305216621607542, 0.00043350926716811955, 0.003037980291992426], "accuracy": [0.9619333148002625, 0.9863166809082031, 0.9919666647911072, 0.9949333071708679, 0.9967333078384399, 0.9974166750907898, 0.9976500272750854, 0.9981666803359985, 0.9987000226974487, 0.998449981212616, 0.9990000128746033, 0.9990166425704956, 0.9992499947547913, 0.9987999796867371, 0.9991999864578247, 0.9992666840553284, 0.9992333054542542, 0.9992666840553284, 0.9998999834060669, 0.9991666674613953], "val_loss": [0.053154878318309784, 0.04416602849960327, 0.045704133808612823, 0.04361415281891823, 0.04531388729810715, 0.06514498591423035, 0.06471233069896698, 0.04595641791820526, 0.07323716580867767, 0.05590461939573288, 0.0751628503203392, 0.06200338155031204, 0.06411689519882202, 0.08356308937072754, 0.06937652826309204, 0.09862896800041199, 0.06575979292392731, 0.06877092272043228, 0.07852668315172195, 0.07307339459657669], "val_accuracy": [0.9822999835014343, 0.9851999878883362, 0.9854999780654907, 0.9865999817848206, 0.9864000082015991, 0.9824000000953674, 0.9837999939918518, 0.9890999794006348, 0.9837999939918518, 0.9879000186920166, 0.9851999878883362, 0.9873999953269958, 0.9876999855041504, 0.9850000143051147, 0.988099992275238, 0.9824000000953674, 0.988099992275238, 0.9854999780654907, 0.9869999885559082, 0.9876999855041504]}