{"loss": [0.13668960332870483, 0.045309554785490036, 0.02744404971599579, 0.01749671809375286, 0.011744426563382149, 0.00802505575120449, 0.005700516980141401, 0.006892625708132982, 0.0035820291377604008, 0.006284796167165041, 0.003387928707525134, 0.0026427682023495436, 0.0038375540170818567, 0.001765897497534752, 0.003266453044489026, 0.001203502295538783, 0.0032316187862306833, 0.002358668018132448, 0.001589941792190075, 0.0021124861668795347], "accuracy": [0.9589833617210388, 0.9865666627883911, 0.9914833307266235, 0.9943833351135254, 0.99631667137146, 0.9973499774932861, 0.9983000159263611, 0.997783362865448, 0.9988833069801331, 0.9979333281517029, 0.9990000128746033, 0.9992666840553284, 0.9987499713897705, 0.9994166493415833, 0.9990666508674622, 0.9996166825294495, 0.9988833069801331, 0.9992166757583618, 0.9995999932289124, 0.9993333220481873], "val_loss": [0.06208190321922302, 0.04680691659450531, 0.04536918178200722, 0.043126318603754044, 0.04997629299759865, 0.05297619104385376, 0.06167363375425339, 0.048056405037641525, 0.05661663040518761, 0.05512521415948868, 0.05277262628078461, 0.0685366541147232, 0.06253954768180847, 0.07942906022071838, 0.05946389585733414, 0.06900772452354431, 0.06936150789260864, 0.06291602551937103, 0.062457580119371414, 0.09138647466897964], "val_accuracy": [0.9782000184059143, 0.9853000044822693, 0.98580002784729, 0.986299991607666, 0.9854999780654907, 0.9868999719619751, 0.9825000166893005, 0.9872999787330627, 0.9868999719619751, 0.9866999983787537, 0.9878000020980835, 0.9839000105857849, 0.9866999983787537, 0.9843999743461609, 0.9879000186920166, 0.9865000247955322, 0.9869999885559082, 0.9879000186920166, 0.9883000254631042, 0.984000027179718]}