{"loss": [0.359281063079834, 0.304718941450119, 0.30058416724205017, 0.29175838828086853, 0.2951850891113281, 0.2928302586078644, 0.2893097698688507, 0.28787216544151306, 0.2860158085823059, 0.2828514575958252, 0.2803036868572235, 0.28365078568458557, 0.2809159755706787, 0.2790011763572693, 0.28033530712127686, 0.2792876958847046, 0.27891868352890015, 0.2768418490886688, 0.277432382106781, 0.27724188566207886], "accuracy": [0.8969500064849854, 0.9163500070571899, 0.9178666472434998, 0.9207500219345093, 0.9190166592597961, 0.9199166893959045, 0.9215666651725769, 0.9209833145141602, 0.9225500226020813, 0.9235000014305115, 0.9236000180244446, 0.9220333099365234, 0.9232500195503235, 0.9223833084106445, 0.9236666560173035, 0.9229166507720947, 0.9234333038330078, 0.923966646194458, 0.9235333204269409, 0.92371666431427], "val_loss": [0.30943143367767334, 0.290661096572876, 0.3253839313983917, 0.3063373863697052, 0.3147732615470886, 0.32800576090812683, 0.336121141910553, 0.33147993683815, 0.3188296854496002, 0.3283240497112274, 0.3307749927043915, 0.32954642176628113, 0.3242025077342987, 0.339484840631485, 0.3418366312980652, 0.348468542098999, 0.34318214654922485, 0.3481971323490143, 0.3522551953792572, 0.33797183632850647], "val_accuracy": [0.9135000109672546, 0.9190000295639038, 0.9147999882698059, 0.9208999872207642, 0.9180999994277954, 0.9156000018119812, 0.9157000184059143, 0.9172999858856201, 0.9186999797821045, 0.9185000061988831, 0.9187999963760376, 0.9200000166893005, 0.9218000173568726, 0.9187999963760376, 0.9182999730110168, 0.9121999740600586, 0.9154000282287598, 0.9151999950408936, 0.916700005531311, 0.9194999933242798]}