{"loss": [0.3730529546737671, 0.32641878724098206, 0.3252265751361847, 0.32721343636512756, 0.3255041539669037, 0.32532522082328796, 0.3263496160507202, 0.32619643211364746, 0.3254687190055847, 0.32574033737182617], "accuracy": [0.895466685295105, 0.9144166707992554, 0.9183833599090576, 0.9196666479110718, 0.919700026512146, 0.9200999736785889, 0.9195666909217834, 0.9208333492279053, 0.9222333431243896, 0.9218666553497314], "val_loss": [0.3334433436393738, 0.33458250761032104, 0.3503640592098236, 0.3343685269355774, 0.3446018695831299, 0.3649657666683197, 0.35885006189346313, 0.37272703647613525, 0.3837535083293915, 0.4004209041595459], "val_accuracy": [0.9083999991416931, 0.9207000136375427, 0.9157999753952026, 0.9222000241279602, 0.9175000190734863, 0.9124000072479248, 0.9186000227928162, 0.9182999730110168, 0.9164999723434448, 0.9106000065803528]}