{"loss": [3.052894115447998, 2.3021316528320312, 2.302187204360962, 2.3022592067718506, 2.3020670413970947, 2.302158832550049, 2.3022336959838867, 2.302104949951172, 2.302224636077881, 2.3020946979522705, 2.3021297454833984, 2.3020315170288086, 2.3018574714660645, 2.3022143840789795, 2.301947832107544, 2.302112579345703, 2.3021090030670166, 2.302152156829834, 2.3019824028015137, 2.302190065383911], "accuracy": [0.11051666736602783, 0.11068333685398102, 0.1107499971985817, 0.1111999973654747, 0.10984999686479568, 0.11068333685398102, 0.11118333041667938, 0.10989999771118164, 0.10954999923706055, 0.11053333431482315, 0.11005000025033951, 0.11133333295583725, 0.10936667025089264, 0.11003333330154419, 0.11133333295583725, 0.11016666889190674, 0.10996666550636292, 0.1104833334684372, 0.11031666398048401, 0.11096666753292084], "val_loss": [2.3030967712402344, 2.301469326019287, 2.3018603324890137, 2.3017897605895996, 2.3014471530914307, 2.3026304244995117, 2.3012688159942627, 2.3015992641448975, 2.3019914627075195, 2.3022923469543457, 2.30248761177063, 2.3012731075286865, 2.302354097366333, 2.3022732734680176, 2.30210280418396, 2.3019351959228516, 2.3026485443115234, 2.3020331859588623, 2.3018009662628174, 2.301520824432373], "val_accuracy": [0.11349999904632568, 0.11349999904632568, 0.11349999904632568, 0.11349999904632568, 0.11349999904632568, 0.09799999743700027, 0.11349999904632568, 0.11349999904632568, 0.11349999904632568, 0.11349999904632568, 0.11349999904632568, 0.11349999904632568, 0.11349999904632568, 0.10320000350475311, 0.10279999673366547, 0.11349999904632568, 0.10279999673366547, 0.11349999904632568, 0.11349999904632568, 0.11349999904632568]}