{"loss": [0.2337888777256012, 0.10363160818815231, 0.0774022564291954, 0.06210465729236603, 0.05213373154401779, 0.0431046262383461, 0.03546783700585365, 0.031470101326704025, 0.031907081604003906, 0.026982638984918594], "accuracy": [0.9281833171844482, 0.9682666659355164, 0.9762333035469055, 0.980816662311554, 0.9837166666984558, 0.9867166876792908, 0.9892500042915344, 0.9900500178337097, 0.9900333285331726, 0.9917500019073486], "val_loss": [0.11313419044017792, 0.09224047511816025, 0.08807950466871262, 0.08046904951334, 0.08493269979953766, 0.08348478376865387, 0.08505741506814957, 0.08993566781282425, 0.08710385113954544, 0.07453079521656036], "val_accuracy": [0.9666000008583069, 0.9703999757766724, 0.9732000231742859, 0.9753999710083008, 0.9739000201225281, 0.9779999852180481, 0.9797000288963318, 0.9761000275611877, 0.9781000018119812, 0.9797999858856201]}