{"loss": [0.3090527057647705, 0.09789100289344788, 0.07241123914718628, 0.05923609063029289, 0.04956407845020294, 0.042673055082559586, 0.037830810993909836, 0.033850234001874924, 0.029522506520152092, 0.025635531172156334, 0.02413407526910305, 0.020386630669236183, 0.017640775069594383, 0.017172135412693024, 0.01585526391863823, 0.01364375650882721, 0.013451959937810898, 0.012027927674353123, 0.011035414412617683, 0.012047014199197292], "accuracy": [0.9041500091552734, 0.9699500203132629, 0.977066695690155, 0.9814833402633667, 0.9843833446502686, 0.9864500164985657, 0.9879666566848755, 0.9883833527565002, 0.9903833270072937, 0.9915833473205566, 0.9924166798591614, 0.9931666851043701, 0.9942333102226257, 0.9944666624069214, 0.9948333501815796, 0.9957000017166138, 0.9956833124160767, 0.9958333373069763, 0.9962166547775269, 0.9960166811943054], "val_loss": [0.11727748066186905, 0.07844758778810501, 0.07415208965539932, 0.057373516261577606, 0.05689374357461929, 0.05241081118583679, 0.05259579420089722, 0.053610216826200485, 0.05937036871910095, 0.049668289721012115, 0.049448102712631226, 0.050348151475191116, 0.05897960066795349, 0.0587226077914238, 0.05143236741423607, 0.0616447739303112, 0.06054988503456116, 0.0632067397236824, 0.06708038598299026, 0.06331976503133774], "val_accuracy": [0.965399980545044, 0.9768999814987183, 0.9757999777793884, 0.9805999994277954, 0.9830999970436096, 0.9836999773979187, 0.9846000075340271, 0.9854999780654907, 0.9835000038146973, 0.9855999946594238, 0.9865000247955322, 0.98580002784729, 0.9835000038146973, 0.986299991607666, 0.9868000149726868, 0.986299991607666, 0.98580002784729, 0.9850000143051147, 0.9850999712944031, 0.9853000044822693]}