{"loss": [0.24369241297245026, 0.0907992273569107, 0.06617508083581924, 0.052820052951574326, 0.043494079262018204, 0.03749651461839676, 0.03097194992005825, 0.026874611154198647, 0.023415744304656982, 0.020674685016274452, 0.017547810450196266, 0.01643877476453781, 0.014759581536054611, 0.013772845268249512, 0.012709182687103748, 0.011999046429991722, 0.010925416834652424, 0.010291035287082195, 0.009453443810343742, 0.010118694975972176], "accuracy": [0.9253833293914795, 0.9711166620254517, 0.9796500205993652, 0.9836166501045227, 0.9864833354949951, 0.9881333112716675, 0.990149974822998, 0.9911166429519653, 0.9926000237464905, 0.9932666420936584, 0.9944166541099548, 0.9945499897003174, 0.9950833320617676, 0.9955833554267883, 0.9958833456039429, 0.9959333539009094, 0.99631667137146, 0.996483325958252, 0.9967166781425476, 0.996649980545044], "val_loss": [0.1309724748134613, 0.07350025326013565, 0.06740306317806244, 0.06445353478193283, 0.0541437603533268, 0.05129028484225273, 0.04878625646233559, 0.049682699143886566, 0.04463844373822212, 0.044207725673913956, 0.05226645618677139, 0.05752882733941078, 0.05289807915687561, 0.047539904713630676, 0.05636083334684372, 0.04685363918542862, 0.06339886784553528, 0.06956551223993301, 0.05943045765161514, 0.07919882982969284], "val_accuracy": [0.958899974822998, 0.9771999716758728, 0.9807000160217285, 0.9800999760627747, 0.9828000068664551, 0.9847000241279602, 0.9842000007629395, 0.9868000149726868, 0.9872999787330627, 0.9886000156402588, 0.9871000051498413, 0.9853000044822693, 0.9866999983787537, 0.9887999892234802, 0.9872000217437744, 0.9889000058174133, 0.9857000112533569, 0.9835000038146973, 0.9884999990463257, 0.9853000044822693]}