{"loss": [0.29848024249076843, 0.097939133644104, 0.06846915185451508, 0.05201784893870354, 0.04348268732428551, 0.03686755523085594, 0.03210921958088875, 0.02753511443734169, 0.024974029511213303, 0.021762467920780182, 0.01971050165593624, 0.017087221145629883, 0.01649579592049122, 0.015425998717546463, 0.014241076074540615, 0.013306169770658016, 0.012448945082724094, 0.011668489314615726, 0.010131924413144588, 0.010788489133119583], "accuracy": [0.9068666696548462, 0.9699333310127258, 0.9785666465759277, 0.9832500219345093, 0.9868999719619751, 0.9888499975204468, 0.9898999929428101, 0.9914833307266235, 0.9921500086784363, 0.9930833578109741, 0.9940666556358337, 0.994700014591217, 0.9950000047683716, 0.995199978351593, 0.9954833388328552, 0.995983362197876, 0.9963333606719971, 0.9965500235557556, 0.9970499873161316, 0.996916651725769], "val_loss": [0.19114390015602112, 0.07817461341619492, 0.05377146601676941, 0.06170208752155304, 0.050900138914585114, 0.068250373005867, 0.05465081334114075, 0.05496436730027199, 0.05979016795754433, 0.05970475450158119, 0.04769590124487877, 0.07096555829048157, 0.07800865173339844, 0.0652848482131958, 0.0716908797621727, 0.0792594701051712, 0.07644248008728027, 0.07086563110351562, 0.09336350858211517, 0.08453477919101715], "val_accuracy": [0.9431999921798706, 0.9764999747276306, 0.9836999773979187, 0.9812999963760376, 0.984499990940094, 0.9815999865531921, 0.9846000075340271, 0.986299991607666, 0.9837999939918518, 0.984499990940094, 0.9872000217437744, 0.98580002784729, 0.9847000241279602, 0.9861000180244446, 0.9858999848365784, 0.9851999878883362, 0.98580002784729, 0.9872999787330627, 0.986299991607666, 0.987500011920929]}