{"loss": [0.3729402720928192, 0.32788848876953125, 0.3262251019477844, 0.32281357049942017, 0.3252667188644409, 0.326906681060791, 0.32647207379341125, 0.3253249228000641, 0.32683053612709045, 0.3279762268066406, 0.32674440741539, 0.32832854986190796, 0.3283138871192932, 0.32909682393074036, 0.32828062772750854, 0.33046266436576843, 0.3297105133533478, 0.33024710416793823, 0.3307456374168396, 0.32902753353118896], "accuracy": [0.8953666687011719, 0.915233314037323, 0.9172000288963318, 0.918916642665863, 0.9202499985694885, 0.9200999736785889, 0.9198166728019714, 0.921999990940094, 0.9223999977111816, 0.9216833114624023, 0.9219833612442017, 0.9224333167076111, 0.92166668176651, 0.9229166507720947, 0.9228000044822693, 0.9229000210762024, 0.9233999848365784, 0.9226333498954773, 0.9230499863624573, 0.9226333498954773], "val_loss": [0.33852848410606384, 0.3656032681465149, 0.3773002326488495, 0.35137760639190674, 0.4003906846046448, 0.3816501498222351, 0.38500434160232544, 0.36570772528648376, 0.3716929256916046, 0.41562706232070923, 0.3803827464580536, 0.3787635266780853, 0.3808290958404541, 0.3817508816719055, 0.3854309618473053, 0.4121076166629791, 0.3993159234523773, 0.39469829201698303, 0.42799487709999084, 0.4730471670627594], "val_accuracy": [0.9101999998092651, 0.9107999801635742, 0.9083999991416931, 0.9125999808311462, 0.8999999761581421, 0.911300003528595, 0.9121000170707703, 0.91839998960495, 0.9187999963760376, 0.9054999947547913, 0.9189000129699707, 0.9175999760627747, 0.9190000295639038, 0.9192000031471252, 0.9186999797821045, 0.9158999919891357, 0.9144999980926514, 0.920199990272522, 0.9083999991416931, 0.8991000056266785]}