{"loss": [0.18022406101226807, 0.06006604805588722, 0.04148559272289276, 0.030453450977802277, 0.023219255730509758, 0.017075104638934135, 0.012830440886318684, 0.01031957846134901, 0.007715483661741018, 0.005734971258789301, 0.0044424887746572495, 0.003514891490340233, 0.0025962484069168568, 0.002551265526562929, 0.0018841217970475554, 0.0012522944016382098, 0.0013006251538172364, 0.000909737020265311, 0.0006635630852542818, 0.0004625579749699682], "accuracy": [0.9463499784469604, 0.9819333553314209, 0.987500011920929, 0.991100013256073, 0.993066668510437, 0.9949833154678345, 0.9964166879653931, 0.9971666932106018, 0.9976333379745483, 0.9983166456222534, 0.9987333416938782, 0.9989833235740662, 0.9993500113487244, 0.9993166923522949, 0.9995333552360535, 0.9997166395187378, 0.999666690826416, 0.9998000264167786, 0.9998000264167786, 0.9998166561126709], "val_loss": [0.07055828720331192, 0.05547166243195534, 0.04420166462659836, 0.044899627566337585, 0.0491831935942173, 0.05106449872255325, 0.048753827810287476, 0.05139423906803131, 0.05713148042559624, 0.06363167613744736, 0.06345336884260178, 0.07124356180429459, 0.0726008266210556, 0.08469235152006149, 0.08117818087339401, 0.09515031427145004, 0.10102573037147522, 0.09962833672761917, 0.14771901071071625, 0.11042873561382294], "val_accuracy": [0.9767000079154968, 0.9812999963760376, 0.9847000241279602, 0.986299991607666, 0.9854999780654907, 0.9855999946594238, 0.9861000180244446, 0.9865999817848206, 0.9866999983787537, 0.9853000044822693, 0.98580002784729, 0.9851999878883362, 0.9857000112533569, 0.9860000014305115, 0.9865999817848206, 0.9857000112533569, 0.9843999743461609, 0.9857000112533569, 0.9797999858856201, 0.9857000112533569]}