{"loss": [0.38278311491012573, 0.11915174126625061, 0.08693698793649673, 0.0688084065914154, 0.058941930532455444, 0.049755748361349106, 0.04326236993074417, 0.03794446215033531, 0.03362296521663666, 0.029449567198753357], "accuracy": [0.8807666897773743, 0.9635999798774719, 0.973800003528595, 0.9782833456993103, 0.9815000295639038, 0.9839000105857849, 0.986466646194458, 0.9876999855041504, 0.9891499876976013, 0.9906499981880188], "val_loss": [0.1324145644903183, 0.08842220157384872, 0.07956865429878235, 0.06909599900245667, 0.06475365161895752, 0.061554186046123505, 0.057851165533065796, 0.059524375945329666, 0.05822756886482239, 0.048057280480861664], "val_accuracy": [0.9599000215530396, 0.9729999899864197, 0.975600004196167, 0.9783999919891357, 0.9804999828338623, 0.9818000197410583, 0.9825999736785889, 0.9804999828338623, 0.9819999933242798, 0.9854999780654907]}