{"loss": [0.1382817178964615, 0.0464024618268013, 0.02776646986603737, 0.018033050000667572, 0.01250643189996481, 0.008869670331478119, 0.0069145928137004375, 0.005200565792620182, 0.004365675151348114, 0.004140510689467192], "accuracy": [0.958466649055481, 0.9860333204269409, 0.9913833141326904, 0.9942833185195923, 0.9962000250816345, 0.9972166419029236, 0.9976333379745483, 0.9983000159263611, 0.9985166788101196, 0.9986666440963745], "val_loss": [0.05802488327026367, 0.04621865972876549, 0.048379119485616684, 0.04252832010388374, 0.04669167101383209, 0.04543487727642059, 0.05901407450437546, 0.05793898180127144, 0.050849366933107376, 0.062102802097797394], "val_accuracy": [0.9804999828338623, 0.9840999841690063, 0.9850000143051147, 0.9872000217437744, 0.9873999953269958, 0.9876999855041504, 0.9851999878883362, 0.986299991607666, 0.9873999953269958, 0.9851999878883362]}