{"loss": [0.34139665961265564, 0.16708959639072418, 0.1343419849872589, 0.1180347353219986, 0.10949933528900146, 0.10183387249708176, 0.09567657858133316, 0.0937480479478836, 0.08778433501720428, 0.0856805145740509], "accuracy": [0.8989166617393494, 0.9513333439826965, 0.9606166481971741, 0.9650999903678894, 0.9682499766349792, 0.9710666537284851, 0.9724500179290771, 0.9739833474159241, 0.9750833511352539, 0.9759833216667175], "val_loss": [0.18547481298446655, 0.13619039952754974, 0.14004631340503693, 0.13251696527004242, 0.13393698632717133, 0.13352598249912262, 0.12761464715003967, 0.14670269191265106, 0.16599370539188385, 0.14421890676021576], "val_accuracy": [0.9449999928474426, 0.9574999809265137, 0.9581999778747559, 0.9610999822616577, 0.963100016117096, 0.9632999897003174, 0.964900016784668, 0.9659000039100647, 0.9643999934196472, 0.9674999713897705]}