{"loss": [0.37004101276397705, 0.3291932940483093, 0.32670706510543823, 0.32622620463371277, 0.3244084417819977, 0.32605108618736267, 0.3265589773654938, 0.32704752683639526, 0.3273307681083679, 0.3274923861026764], "accuracy": [0.8956500291824341, 0.9147166609764099, 0.9171000123023987, 0.918833315372467, 0.92044997215271, 0.9200833439826965, 0.9213666915893555, 0.9212166666984558, 0.9219833612442017, 0.9220333099365234], "val_loss": [0.3173108398914337, 0.37041163444519043, 0.3674793243408203, 0.36870911717414856, 0.34732651710510254, 0.34540003538131714, 0.37442901730537415, 0.4262934625148773, 0.36270320415496826, 0.365597128868103], "val_accuracy": [0.9212999939918518, 0.9046000242233276, 0.9070000052452087, 0.9068999886512756, 0.9162999987602234, 0.9185000061988831, 0.9160000085830688, 0.9028000235557556, 0.921999990940094, 0.9187999963760376]}