{"loss": [0.23935462534427643, 0.08549676835536957, 0.06285885721445084, 0.051130540668964386, 0.042373403906822205, 0.036503519862890244, 0.029875406995415688, 0.026124682277441025, 0.02223830111324787, 0.020228883251547813], "accuracy": [0.9290500283241272, 0.973633348941803, 0.9804999828338623, 0.9840499758720398, 0.9868333339691162, 0.9888666868209839, 0.9909833073616028, 0.9915666580200195, 0.9925166964530945, 0.993399977684021], "val_loss": [0.08814795315265656, 0.07627258449792862, 0.061393920332193375, 0.064271941781044, 0.06910914182662964, 0.04814304783940315, 0.05485335737466812, 0.057263728231191635, 0.0716700479388237, 0.07499902695417404], "val_accuracy": [0.9731000065803528, 0.9767000079154968, 0.9801999926567078, 0.9815000295639038, 0.9787999987602234, 0.9850999712944031, 0.9837999939918518, 0.9846000075340271, 0.980400025844574, 0.9782000184059143]}