{"loss": [0.24180960655212402, 0.11586742103099823, 0.09919904172420502, 0.0915512964129448, 0.08559969067573547, 0.08609344065189362, 0.08848501741886139, 0.08547310531139374, 0.08460796624422073, 0.07705189287662506, 0.07699108868837357, 0.07260913401842117, 0.06884914636611938, 0.07515810430049896, 0.07634089887142181, 0.07678443938493729, 0.07104720175266266, 0.06872712075710297, 0.08105095475912094, 0.06896462291479111], "accuracy": [0.926633358001709, 0.9675499796867371, 0.974133312702179, 0.9778333306312561, 0.9793999791145325, 0.9808333516120911, 0.9823833107948303, 0.9832166433334351, 0.9835833311080933, 0.9846500158309937, 0.9857000112533569, 0.9861000180244446, 0.9866833090782166, 0.9876833558082581, 0.9880333542823792, 0.9878333210945129, 0.9885166883468628, 0.989466667175293, 0.9895333051681519, 0.989883303642273], "val_loss": [0.12146233767271042, 0.11573344469070435, 0.11072885990142822, 0.13121427595615387, 0.16577239334583282, 0.16895893216133118, 0.1552860587835312, 0.18153074383735657, 0.22100475430488586, 0.2288442850112915, 0.22974558174610138, 0.21284063160419464, 0.2253834754228592, 0.26337930560112, 0.26084810495376587, 0.3450426757335663, 0.2973613440990448, 0.3401840627193451, 0.37507620453834534, 0.3262820243835449], "val_accuracy": [0.9625999927520752, 0.9692999720573425, 0.9735999703407288, 0.9717000126838684, 0.9726999998092651, 0.9728999733924866, 0.9666000008583069, 0.9736999869346619, 0.9718999862670898, 0.9763000011444092, 0.970300018787384, 0.9775999784469604, 0.9765999913215637, 0.9761999845504761, 0.9710000157356262, 0.9649999737739563, 0.9718999862670898, 0.970300018787384, 0.9664999842643738, 0.9740999937057495]}