{"loss": [0.15946561098098755, 0.0665515661239624, 0.05341554060578346, 0.04589735344052315, 0.03335519880056381, 0.032403215765953064, 0.027158226817846298, 0.0248427614569664, 0.021461209282279015, 0.01820099540054798, 0.014352154918015003, 0.014726322144269943, 0.014691869728267193, 0.01100101787596941, 0.010042604990303516, 0.013173562474548817, 0.011171264573931694, 0.009028562344610691, 0.005224363878369331, 0.00472656125202775], "accuracy": [0.956516683101654, 0.9826666712760925, 0.9861500263214111, 0.9893500208854675, 0.9917166829109192, 0.992733359336853, 0.9940666556358337, 0.9949333071708679, 0.9957500100135803, 0.9967166781425476, 0.9975333213806152, 0.9977999925613403, 0.9981666803359985, 0.9982500076293945, 0.9988666772842407, 0.9987499713897705, 0.9987999796867371, 0.9990000128746033, 0.9993333220481873, 0.9994166493415833], "val_loss": [0.10284232348203659, 0.07034863531589508, 0.07656708359718323, 0.09848696738481522, 0.13465531170368195, 0.13665740191936493, 0.2138054221868515, 0.13362064957618713, 0.18334943056106567, 0.17021413147449493, 0.300027072429657, 0.2652283310890198, 0.301440954208374, 0.31725606322288513, 0.3401408791542053, 0.46312054991722107, 0.46093183755874634, 0.45353394746780396, 0.41300731897354126, 0.4799683094024658], "val_accuracy": [0.9731000065803528, 0.9818000197410583, 0.9815999865531921, 0.9797999858856201, 0.978600025177002, 0.9821000099182129, 0.979200005531311, 0.982699990272522, 0.9825000166893005, 0.9850000143051147, 0.9850999712944031, 0.9871000051498413, 0.9851999878883362, 0.9797000288963318, 0.9861999750137329, 0.9814000129699707, 0.9847000241279602, 0.9850999712944031, 0.9853000044822693, 0.9865999817848206]}