{"loss": [0.25869545340538025, 0.07520727068185806, 0.05344213545322418, 0.04157482832670212, 0.034274227917194366, 0.02830684185028076, 0.023525914177298546, 0.02024647779762745, 0.01602303609251976, 0.013572853989899158], "accuracy": [0.9200999736785889, 0.977649986743927, 0.98458331823349, 0.9874666929244995, 0.9895666837692261, 0.9914833307266235, 0.9930333495140076, 0.9943000078201294, 0.9954166412353516, 0.996150016784668], "val_loss": [0.08855065703392029, 0.07168567180633545, 0.05425213649868965, 0.058032941073179245, 0.05411415919661522, 0.05900827795267105, 0.05092639848589897, 0.05489758774638176, 0.07185155898332596, 0.06654481589794159], "val_accuracy": [0.9733999967575073, 0.9789999723434448, 0.9825999736785889, 0.9812999963760376, 0.9836999773979187, 0.9830999970436096, 0.9846000075340271, 0.9847000241279602, 0.9807999730110168, 0.9847000241279602]}