{"loss": [0.25506410002708435, 0.061384834349155426, 0.03992146626114845, 0.02946414053440094, 0.02253030426800251, 0.01713152602314949, 0.014720185659825802, 0.011264242231845856, 0.01003145333379507, 0.008473186753690243], "accuracy": [0.9206833243370056, 0.9810333251953125, 0.9878833293914795, 0.9906166791915894, 0.9932833313941956, 0.995199978351593, 0.9956333041191101, 0.9965333342552185, 0.9971500039100647, 0.9974166750907898], "val_loss": [0.21155664324760437, 0.09316355735063553, 0.1306028962135315, 0.042606715112924576, 0.05927664041519165, 0.044462595134973526, 0.046128422021865845, 0.04806710034608841, 0.046845272183418274, 0.05490415170788765], "val_accuracy": [0.9312999844551086, 0.9714999794960022, 0.9593999981880188, 0.9865999817848206, 0.9840999841690063, 0.9883999824523926, 0.9886999726295471, 0.9901000261306763, 0.9900000095367432, 0.9900000095367432]}