{"loss": [0.23030008375644684, 0.057357802987098694, 0.0396466888487339, 0.028402291238307953, 0.02324993722140789, 0.020025111734867096, 0.017384983599185944, 0.014120553620159626, 0.01428256742656231, 0.011940115131437778], "accuracy": [0.9289000034332275, 0.9831833243370056, 0.9886999726295471, 0.991683304309845, 0.9933666586875916, 0.9944833517074585, 0.9949666857719421, 0.9960333108901978, 0.9962833523750305, 0.9969499707221985], "val_loss": [0.08265640586614609, 0.11614344269037247, 0.050681520253419876, 0.08588456362485886, 0.056478582322597504, 0.04649646580219269, 0.04974523186683655, 0.09652021527290344, 0.07247771322727203, 0.09105761349201202], "val_accuracy": [0.9735999703407288, 0.9729999899864197, 0.986299991607666, 0.9824000000953674, 0.9872000217437744, 0.991100013256073, 0.9907000064849854, 0.9825000166893005, 0.9894000291824341, 0.9847000241279602]}