{"loss": [0.4277583658695221, 0.24012604355812073, 0.20719636976718903, 0.19126272201538086, 0.17721229791641235, 0.16769881546497345, 0.15911749005317688, 0.15098947286605835, 0.14586162567138672, 0.14006513357162476], "accuracy": [0.8791166543960571, 0.9318833351135254, 0.9414166808128357, 0.9455833435058594, 0.9495833516120911, 0.9523166418075562, 0.9542333483695984, 0.956683337688446, 0.9586666822433472, 0.9602166414260864], "val_loss": [0.2513965964317322, 0.21669258177280426, 0.20722486078739166, 0.18693703413009644, 0.18824198842048645, 0.1779969334602356, 0.17469723522663116, 0.1772385686635971, 0.17961908876895905, 0.17561516165733337], "val_accuracy": [0.9276999831199646, 0.9376000165939331, 0.9420999884605408, 0.9485999941825867, 0.944599986076355, 0.9490000009536743, 0.9506999850273132, 0.9502000212669373, 0.9516000151634216, 0.9528999924659729]}