{"loss": [0.5045623779296875, 0.3118322193622589, 0.29104769229888916, 0.28183889389038086, 0.2765853703022003, 0.2723608911037445, 0.2696979343891144, 0.2678791582584381, 0.2664308547973633, 0.26490461826324463], "accuracy": [0.8695499897003174, 0.9124500155448914, 0.9194999933242798, 0.9221833348274231, 0.923966646194458, 0.9254999756813049, 0.9265666604042053, 0.9276000261306763, 0.9282500147819519, 0.928516685962677], "val_loss": [0.3145158290863037, 0.28951725363731384, 0.2851344048976898, 0.2749372124671936, 0.2743850648403168, 0.2738259434700012, 0.27835723757743835, 0.2756086587905884, 0.27885305881500244, 0.273834764957428], "val_accuracy": [0.9132000207901001, 0.9189000129699707, 0.9208999872207642, 0.9251999855041504, 0.9257000088691711, 0.9261999726295471, 0.9258000254631042, 0.9258999824523926, 0.9258000254631042, 0.9282000064849854]}