{"loss": [0.3661365807056427, 0.11893828213214874, 0.08679047226905823, 0.06947353482246399, 0.05883757770061493, 0.05167284980416298, 0.04472823068499565, 0.03939042240381241, 0.03491152450442314, 0.03204457089304924, 0.026196034625172615, 0.02422236278653145, 0.022159570828080177, 0.020227868109941483, 0.016223177313804626, 0.017373446375131607, 0.014452017843723297, 0.014687037095427513, 0.011581575497984886, 0.011673000641167164], "accuracy": [0.8861666917800903, 0.9625999927520752, 0.9734833240509033, 0.9785666465759277, 0.9819666743278503, 0.9842666387557983, 0.9855999946594238, 0.9880666732788086, 0.9891999959945679, 0.9900500178337097, 0.9915000200271606, 0.9923999905586243, 0.9927499890327454, 0.9934499859809875, 0.9949833154678345, 0.9939833283424377, 0.9954000115394592, 0.9949333071708679, 0.996150016784668, 0.9959499835968018], "val_loss": [0.11720027029514313, 0.08770769834518433, 0.08846493065357208, 0.07013999670743942, 0.06147823482751846, 0.05814160034060478, 0.06685332953929901, 0.04735283926129341, 0.04868002608418465, 0.04839957877993584, 0.053992003202438354, 0.059000737965106964, 0.049826763570308685, 0.049313053488731384, 0.056297868490219116, 0.05689937621355057, 0.055310625582933426, 0.059122540056705475, 0.062123969197273254, 0.06768090277910233], "val_accuracy": [0.9638000130653381, 0.9747999906539917, 0.972100019454956, 0.9775999784469604, 0.980400025844574, 0.9819999933242798, 0.9805999994277954, 0.9846000075340271, 0.9860000014305115, 0.9865000247955322, 0.9843999743461609, 0.983299970626831, 0.9854999780654907, 0.9871000051498413, 0.9853000044822693, 0.986299991607666, 0.9857000112533569, 0.9847000241279602, 0.9861000180244446, 0.9836000204086304]}