{"loss": [0.17215807735919952, 0.0527755469083786, 0.03870529681444168, 0.03234540671110153, 0.032753024250268936, 0.03135084733366966, 0.02726459875702858, 0.02833850495517254, 0.02687964215874672, 0.02177378162741661], "accuracy": [0.9466500282287598, 0.9848833084106445, 0.9887166619300842, 0.9910666942596436, 0.9918000102043152, 0.9922666549682617, 0.9931833148002625, 0.9933666586875916, 0.9940166473388672, 0.994616687297821], "val_loss": [0.07691427320241928, 0.13044355809688568, 0.0596306137740612, 0.08366122841835022, 0.08859501034021378, 0.056664373725652695, 0.12449261546134949, 0.11540738493204117, 0.06992030143737793, 0.1334095001220703], "val_accuracy": [0.9760000109672546, 0.9638000130653381, 0.9876000285148621, 0.9815000295639038, 0.9807000160217285, 0.9886000156402588, 0.984000027179718, 0.98089998960495, 0.9891999959945679, 0.9890999794006348]}