{"loss": [0.35837116837501526, 0.3071841895580292, 0.3007161021232605, 0.297344446182251, 0.2937490940093994, 0.2889036238193512, 0.288975328207016, 0.28774648904800415, 0.28919100761413574, 0.28698840737342834, 0.28476670384407043, 0.28198549151420593, 0.2807850241661072, 0.27966758608818054, 0.28023648262023926, 0.27973052859306335, 0.2834967076778412, 0.2774568498134613, 0.2782675325870514, 0.27802854776382446], "accuracy": [0.8984000086784363, 0.9142500162124634, 0.9181833267211914, 0.9180499911308289, 0.918833315372467, 0.9212499856948853, 0.9210333228111267, 0.9216499924659729, 0.9202333092689514, 0.9221833348274231, 0.9217666387557983, 0.9223333597183228, 0.9232500195503235, 0.9225999712944031, 0.923966646194458, 0.9235666394233704, 0.922166645526886, 0.9237833619117737, 0.9236500263214111, 0.9236166477203369], "val_loss": [0.2974012792110443, 0.2935620844364166, 0.3291459083557129, 0.3148566782474518, 0.33267202973365784, 0.31709882616996765, 0.3570001423358917, 0.3383733332157135, 0.35323697328567505, 0.3455403447151184, 0.323903352022171, 0.3374069929122925, 0.35099321603775024, 0.3350520431995392, 0.351826936006546, 0.3326435685157776, 0.3420548439025879, 0.35578837990760803, 0.34075927734375, 0.35894325375556946], "val_accuracy": [0.917900025844574, 0.9218999743461609, 0.911899983882904, 0.9164000153541565, 0.911300003528595, 0.9182000160217285, 0.9103999733924866, 0.914900004863739, 0.9168000221252441, 0.913100004196167, 0.9200000166893005, 0.9142000079154968, 0.9103999733924866, 0.921999990940094, 0.9128000140190125, 0.9204000234603882, 0.9208999872207642, 0.9150000214576721, 0.9168999791145325, 0.9172999858856201]}