{"loss": [0.43708619475364685, 0.3022790253162384, 0.2892438769340515, 0.28418850898742676, 0.28077924251556396], "accuracy": [0.8823833465576172, 0.9161666631698608, 0.9210333228111267, 0.9236833453178406, 0.9247833490371704], "val_loss": [0.2976296842098236, 0.2895950675010681, 0.2810525894165039, 0.2802707552909851, 0.2859298586845398], "val_accuracy": [0.9182000160217285, 0.9200999736785889, 0.9243999719619751, 0.9253000020980835, 0.9258999824523926]}