{"loss": [0.5014042854309082, 0.31077080965042114, 0.29072025418281555, 0.28150516748428345, 0.27598777413368225], "accuracy": [0.8701333403587341, 0.9136000275611877, 0.9189500212669373, 0.9219499826431274, 0.9233333468437195], "val_loss": [0.31386566162109375, 0.28852593898773193, 0.2811742126941681, 0.2769375145435333, 0.27419981360435486], "val_accuracy": [0.9118000268936157, 0.9192000031471252, 0.9244999885559082, 0.9230999946594238, 0.9254000186920166]}