{"loss": [0.14071354269981384, 0.05599784851074219, 0.043751124292612076, 0.03962091729044914, 0.033405374735593796, 0.02889256924390793, 0.034733861684799194, 0.02808493562042713, 0.044004689902067184, 0.020280277356505394, 0.027191288769245148, 0.02319355122745037, 0.030298715457320213, 0.024823766201734543, 0.03290126472711563, 0.03299844264984131, 0.024970272555947304, 0.030022786930203438, 0.04178081080317497, 0.027816085144877434], "accuracy": [0.958216667175293, 0.9834166765213013, 0.9868666529655457, 0.9886833429336548, 0.9909166693687439, 0.9921500086784363, 0.9923666715621948, 0.9937999844551086, 0.9916666746139526, 0.9955166578292847, 0.9943333268165588, 0.9954500198364258, 0.9954666495323181, 0.996066689491272, 0.9956666827201843, 0.996233344078064, 0.9967666864395142, 0.9966166615486145, 0.9960833191871643, 0.9971166849136353], "val_loss": [0.0674169510602951, 0.09247688949108124, 0.06811820715665817, 0.09008775651454926, 0.09871066361665726, 0.08852993696928024, 0.11680738627910614, 0.20676107704639435, 0.12504975497722626, 0.15038390457630157, 0.16137255728244781, 0.2626380920410156, 0.1937088966369629, 0.23216833174228668, 0.27330127358436584, 0.24532592296600342, 0.3174382448196411, 0.3909400999546051, 0.3674306273460388, 0.3698679506778717], "val_accuracy": [0.9797000288963318, 0.9753000140190125, 0.9812999963760376, 0.9782000184059143, 0.9810000061988831, 0.9830999970436096, 0.9807999730110168, 0.9764999747276306, 0.9822999835014343, 0.9799000024795532, 0.982200026512146, 0.9815000295639038, 0.9825999736785889, 0.9815000295639038, 0.982699990272522, 0.9828000068664551, 0.9818999767303467, 0.9812999963760376, 0.9833999872207642, 0.983299970626831]}