{"loss": [0.2689732611179352, 0.12662243843078613, 0.12035953253507614, 0.1306862086057663, 0.14918093383312225, 0.14236980676651, 0.14428193867206573, 0.15701042115688324, 0.15927118062973022, 0.16435353457927704], "accuracy": [0.9176833629608154, 0.9665666818618774, 0.9691666960716248, 0.9683833122253418, 0.9672166705131531, 0.966949999332428, 0.9677333235740662, 0.9673666954040527, 0.9645500183105469, 0.9646333456039429], "val_loss": [0.1810666024684906, 0.12838879227638245, 0.13701942563056946, 0.1286129355430603, 0.17270630598068237, 0.1432795226573944, 0.157945454120636, 0.15511444211006165, 0.5962642431259155, 0.11813084781169891], "val_accuracy": [0.954200029373169, 0.964900016784668, 0.9728999733924866, 0.963699996471405, 0.9614999890327454, 0.9702000021934509, 0.958899974822998, 0.9682999849319458, 0.9334999918937683, 0.9735999703407288]}