{"loss": [0.15968310832977295, 0.05628739669919014, 0.03730706125497818, 0.025818530470132828, 0.01794877089560032, 0.013385646976530552, 0.010249448008835316, 0.007348419167101383, 0.007971851155161858, 0.005691718775779009, 0.005279280245304108, 0.004458625800907612, 0.0028297414537519217, 0.003657888388261199, 0.0031167417764663696, 0.0027074795216321945, 0.0033993974793702364, 0.0018963327165693045, 0.0029854413587599993, 0.0029738314915448427], "accuracy": [0.952833354473114, 0.9823333621025085, 0.9884333610534668, 0.9915333390235901, 0.9944499731063843, 0.9956166744232178, 0.9965833425521851, 0.9973833560943604, 0.9973999857902527, 0.9981833100318909, 0.9982500076293945, 0.998449981212616, 0.9991166591644287, 0.9988499879837036, 0.9988499879837036, 0.9991000294685364, 0.9987833499908447, 0.9994166493415833, 0.9988833069801331, 0.9990500211715698], "val_loss": [0.06428531557321548, 0.05350697040557861, 0.05390608683228493, 0.04709286987781525, 0.05057268589735031, 0.04683970287442207, 0.04942229017615318, 0.07180960476398468, 0.04937628656625748, 0.06337425857782364, 0.062267497181892395, 0.06702914834022522, 0.06031738221645355, 0.09295061975717545, 0.0681716650724411, 0.07215442508459091, 0.07080431282520294, 0.07447578012943268, 0.08032821863889694, 0.08631402254104614], "val_accuracy": [0.977400004863739, 0.9821000099182129, 0.9821000099182129, 0.9843999743461609, 0.9847000241279602, 0.9864000082015991, 0.9866999983787537, 0.9828000068664551, 0.9869999885559082, 0.9860000014305115, 0.9851999878883362, 0.9848999977111816, 0.9878000020980835, 0.9842000007629395, 0.9854999780654907, 0.986299991607666, 0.9861000180244446, 0.9861000180244446, 0.9854000210762024, 0.9860000014305115]}