{"loss": [0.18311963975429535, 0.061395883560180664, 0.04326239600777626, 0.03100118786096573, 0.02452145703136921, 0.017006224021315575, 0.013215801678597927, 0.010391057468950748, 0.007851221598684788, 0.006754945497959852, 0.005003395024687052, 0.005282522179186344, 0.004600546322762966, 0.003921883180737495, 0.0017489981837570667, 0.00391780911013484, 0.003411493031308055, 0.002409877022728324, 0.0015127242077142, 0.004896513186395168], "accuracy": [0.9469666481018066, 0.9817166924476624, 0.9868999719619751, 0.9902999997138977, 0.9920333623886108, 0.9946833252906799, 0.9958666563034058, 0.9968500137329102, 0.9976833462715149, 0.9977333545684814, 0.9984833598136902, 0.9983500242233276, 0.9982666373252869, 0.9988166689872742, 0.9995499849319458, 0.9986666440963745, 0.9989500045776367, 0.9992333054542542, 0.9994999766349792, 0.9981833100318909], "val_loss": [0.07715023308992386, 0.05204560607671738, 0.04370948299765587, 0.04299482703208923, 0.0462227463722229, 0.049370452761650085, 0.05171207711100578, 0.0459277518093586, 0.059083160012960434, 0.07010664790868759, 0.05757582560181618, 0.05419384315609932, 0.06619161367416382, 0.057462580502033234, 0.05889540910720825, 0.05832497030496597, 0.06638306379318237, 0.056894451379776, 0.07106593996286392, 0.0678480938076973], "val_accuracy": [0.9750999808311462, 0.9836000204086304, 0.9854999780654907, 0.9860000014305115, 0.9851999878883362, 0.9842000007629395, 0.9853000044822693, 0.9882000088691711, 0.9846000075340271, 0.9814000129699707, 0.9866999983787537, 0.9868999719619751, 0.9837999939918518, 0.9868000149726868, 0.9872000217437744, 0.9872999787330627, 0.9836999773979187, 0.9873999953269958, 0.9854999780654907, 0.9843999743461609]}