{"loss": [0.13850945234298706, 0.051509104669094086, 0.03475973382592201, 0.026698684319853783, 0.0223847683519125, 0.017016565427184105, 0.014084751717746258, 0.01409230474382639, 0.011661607772111893, 0.010398182086646557], "accuracy": [0.9567833542823792, 0.9847166538238525, 0.9895166754722595, 0.9920499920845032, 0.9930166602134705, 0.994783341884613, 0.9955999851226807, 0.9955999851226807, 0.9964666962623596, 0.9967666864395142], "val_loss": [0.060570959001779556, 0.0630795806646347, 0.05448257923126221, 0.05991383641958237, 0.04956326261162758, 0.04770222306251526, 0.06156278774142265, 0.06464400142431259, 0.04361778125166893, 0.07079056650400162], "val_accuracy": [0.9812999963760376, 0.9807000160217285, 0.9847000241279602, 0.9850999712944031, 0.9869999885559082, 0.9890000224113464, 0.9861999750137329, 0.9878000020980835, 0.9894999861717224, 0.9876000285148621]}