{"loss": [0.1939340978860855, 0.06588011980056763, 0.04620930552482605, 0.03488308936357498, 0.02800939418375492, 0.02429925464093685, 0.01814877986907959, 0.016529852524399757, 0.014757848344743252, 0.012867693789303303, 0.011020303703844547, 0.010425266809761524, 0.010398436337709427, 0.009045232087373734, 0.0084915766492486, 0.007862729020416737, 0.008926170878112316, 0.008045017719268799, 0.007919915951788425, 0.005865692161023617], "accuracy": [0.9400666952133179, 0.9791333079338074, 0.9859833121299744, 0.9891666769981384, 0.9909666776657104, 0.9923499822616577, 0.9940999746322632, 0.9948999881744385, 0.9953333139419556, 0.9960500001907349, 0.9963833093643188, 0.9966999888420105, 0.9963499903678894, 0.9971666932106018, 0.9974666833877563, 0.9975333213806152, 0.9973999857902527, 0.9975833296775818, 0.9972500205039978, 0.9981666803359985], "val_loss": [0.07528326660394669, 0.0533064566552639, 0.04972846433520317, 0.04727311432361603, 0.05025608837604523, 0.04283091425895691, 0.04790849983692169, 0.0475761853158474, 0.053252026438713074, 0.04977817088365555, 0.06109407916665077, 0.05645999312400818, 0.06415235996246338, 0.09297226369380951, 0.0641392171382904, 0.07492129504680634, 0.07467301934957504, 0.07043849676847458, 0.074794240295887, 0.07518686354160309], "val_accuracy": [0.9787999987602234, 0.9843999743461609, 0.9854000210762024, 0.9855999946594238, 0.986299991607666, 0.9873999953269958, 0.9887999892234802, 0.9886000156402588, 0.989300012588501, 0.9897000193595886, 0.9873999953269958, 0.9873999953269958, 0.9861000180244446, 0.9836999773979187, 0.9865000247955322, 0.9868000149726868, 0.9868000149726868, 0.9872999787330627, 0.9873999953269958, 0.9869999885559082]}