{"loss": [0.370682954788208, 0.3304080665111542, 0.3266594409942627, 0.3269636929035187, 0.32705602049827576, 0.3285691440105438, 0.3273852467536926, 0.32708412408828735, 0.32795262336730957, 0.3262302279472351, 0.3281012177467346, 0.3274591565132141, 0.3262522220611572, 0.32656097412109375, 0.3293555676937103, 0.3280622959136963, 0.32877811789512634, 0.32954898476600647, 0.33164912462234497, 0.3296157121658325], "accuracy": [0.8973000049591064, 0.9134833216667175, 0.9172000288963318, 0.9192333221435547, 0.9195333123207092, 0.9202333092689514, 0.920366644859314, 0.9212666749954224, 0.9215166568756104, 0.9225333333015442, 0.9215666651725769, 0.9223499894142151, 0.9221166372299194, 0.9218166470527649, 0.9223166704177856, 0.922166645526886, 0.923466682434082, 0.9227499961853027, 0.9237499833106995, 0.9241333603858948], "val_loss": [0.3381150960922241, 0.3201500475406647, 0.3324882984161377, 0.3377141058444977, 0.35558512806892395, 0.36375635862350464, 0.36603474617004395, 0.3995322585105896, 0.39350900053977966, 0.39691630005836487, 0.3570929765701294, 0.41062435507774353, 0.42302948236465454, 0.39907169342041016, 0.40779754519462585, 0.3877248764038086, 0.45203524827957153, 0.41702890396118164, 0.40704211592674255, 0.41905122995376587], "val_accuracy": [0.9063000082969666, 0.9200000166893005, 0.9176999926567078, 0.9241999983787537, 0.9186999797821045, 0.9164999723434448, 0.916100025177002, 0.9111999869346619, 0.9121000170707703, 0.9139000177383423, 0.9229000210762024, 0.9104999899864197, 0.9110999703407288, 0.9138000011444092, 0.9157999753952026, 0.920199990272522, 0.9017999768257141, 0.9124000072479248, 0.9192000031471252, 0.9114999771118164]}