{"loss": [0.12349346280097961, 0.040077902376651764, 0.02312379516661167, 0.01425675954669714, 0.008684465661644936, 0.007981855422258377, 0.0062355524860322475, 0.005856829695403576, 0.004420971032232046, 0.005046616308391094], "accuracy": [0.9619166851043701, 0.987666666507721, 0.9926000237464905, 0.9951833486557007, 0.9970999956130981, 0.9973166584968567, 0.9977999925613403, 0.998033344745636, 0.9985833168029785, 0.9982500076293945], "val_loss": [0.05674028769135475, 0.039709895849227905, 0.0477311797440052, 0.04707815870642662, 0.0490163154900074, 0.05522792786359787, 0.05566518008708954, 0.05648487061262131, 0.05139613524079323, 0.07692514359951019], "val_accuracy": [0.9812999963760376, 0.987500011920929, 0.9843999743461609, 0.9854000210762024, 0.9872000217437744, 0.9853000044822693, 0.9868000149726868, 0.9873999953269958, 0.9873999953269958, 0.9836999773979187]}