{"loss": [0.20268625020980835, 0.09423081576824188, 0.08493854105472565, 0.08177679777145386, 0.07612829655408859, 0.0758817121386528, 0.06903832405805588, 0.06728599220514297, 0.06913875788450241, 0.06428806483745575], "accuracy": [0.9358166456222534, 0.9721500277519226, 0.9755499958992004, 0.9765333533287048, 0.9787166714668274, 0.9792166948318481, 0.9809333086013794, 0.9816666841506958, 0.9821000099182129, 0.9835166931152344], "val_loss": [0.10465046018362045, 0.07319432497024536, 0.0785483568906784, 0.0830094963312149, 0.10343122482299805, 0.08725740015506744, 0.08915076404809952, 0.18897514045238495, 0.10351850837469101, 0.10084763169288635], "val_accuracy": [0.9685999751091003, 0.9790999889373779, 0.9779000282287598, 0.9783999919891357, 0.9745000004768372, 0.9793999791145325, 0.9801999926567078, 0.9592999815940857, 0.9767000079154968, 0.9786999821662903]}