{"loss": [0.22864963114261627, 0.09464216977357864, 0.062324658036231995, 0.04363096132874489, 0.033038653433322906, 0.024528149515390396, 0.020296510308980942, 0.015551052987575531, 0.013426418416202068, 0.011568544432520866, 0.009563371539115906, 0.008155399933457375, 0.006854858715087175, 0.006582078989595175, 0.0071182879619300365, 0.006724120117723942, 0.005820722784847021, 0.004512117709964514, 0.005940572824329138, 0.004710171837359667], "accuracy": [0.9333000183105469, 0.9711666703224182, 0.9809333086013794, 0.9866666793823242, 0.9897500276565552, 0.9922500252723694, 0.993399977684021, 0.9950500130653381, 0.9956499934196472, 0.9962666630744934, 0.996916651725769, 0.9973499774932861, 0.9979166388511658, 0.9977499842643738, 0.9977499842643738, 0.997783362865448, 0.998033344745636, 0.9986833333969116, 0.99795001745224, 0.9983333349227905], "val_loss": [0.11936543881893158, 0.09517668187618256, 0.08646167814731598, 0.06950659304857254, 0.06416434049606323, 0.06598788499832153, 0.06871412694454193, 0.08805421739816666, 0.0727168545126915, 0.07427635788917542, 0.0802445188164711, 0.07873135060071945, 0.08192171156406403, 0.07846836000680923, 0.08779739588499069, 0.08843041211366653, 0.10066049546003342, 0.10872236639261246, 0.10458481311798096, 0.11014904826879501], "val_accuracy": [0.9620000123977661, 0.9706000089645386, 0.9735000133514404, 0.9789999723434448, 0.9814000129699707, 0.9800999760627747, 0.9800999760627747, 0.9761000275611877, 0.9800000190734863, 0.9797999858856201, 0.9800000190734863, 0.9824000000953674, 0.9811000227928162, 0.9830999970436096, 0.9814000129699707, 0.9822999835014343, 0.9812999963760376, 0.9793000221252441, 0.9807999730110168, 0.9807000160217285]}