{"loss": [0.5657134056091309, 0.32584598660469055, 0.29654398560523987, 0.28265005350112915, 0.27405938506126404, 0.26830923557281494, 0.2640327513217926, 0.2603686451911926, 0.2576494812965393, 0.25508448481559753, 0.25317901372909546, 0.25063449144363403, 0.24945364892482758, 0.2478918433189392, 0.24651458859443665, 0.24589717388153076, 0.2443549782037735, 0.2435232698917389, 0.24260327219963074, 0.2417023777961731], "accuracy": [0.8547666668891907, 0.9100333452224731, 0.9174166917800903, 0.9208499789237976, 0.9231333136558533, 0.9247999787330627, 0.9262166619300842, 0.9273999929428101, 0.9288833141326904, 0.9294666647911072, 0.9295666813850403, 0.9309333562850952, 0.9308666586875916, 0.9313833117485046, 0.9319166541099548, 0.9319999814033508, 0.9326000213623047, 0.9331666827201843, 0.932699978351593, 0.9334499835968018], "val_loss": [0.3367154598236084, 0.2957496643066406, 0.2804645001888275, 0.272661954164505, 0.2710658311843872, 0.26664140820503235, 0.26536640524864197, 0.2658252716064453, 0.2632092535495758, 0.2699829041957855, 0.2646534740924835, 0.2632538080215454, 0.2624756693840027, 0.26214152574539185, 0.2633345425128937, 0.2649010419845581, 0.26697418093681335, 0.26448509097099304, 0.26495054364204407, 0.2631372809410095], "val_accuracy": [0.911300003528595, 0.9178000092506409, 0.9229999780654907, 0.9248999953269958, 0.9244999885559082, 0.9265999794006348, 0.9258999824523926, 0.9261000156402588, 0.9271000027656555, 0.9236999750137329, 0.9269999861717224, 0.9265999794006348, 0.9276000261306763, 0.927299976348877, 0.9271000027656555, 0.9287999868392944, 0.9257000088691711, 0.927299976348877, 0.9279000163078308, 0.9272000193595886]}