{"loss": [1.1459579467773438, 1.278151035308838, 1.2797597646713257, 1.311333179473877, 1.2910256385803223, 1.335740327835083, 1.3653393983840942, 1.3442316055297852, 1.3231821060180664, 1.3195809125900269, 1.3328508138656616, 1.3337384462356567, 1.3354275226593018, 1.3299964666366577, 1.3321142196655273, 1.3679531812667847, 1.3501530885696411, 1.3338708877563477, 1.3533320426940918, 1.3288675546646118], "accuracy": [0.8640999794006348, 0.8819833397865295, 0.8872666954994202, 0.8892166614532471, 0.8917333483695984, 0.8924000263214111, 0.8908166885375977, 0.8921666741371155, 0.8950833082199097, 0.8952500224113464, 0.8940500020980835, 0.8955333232879639, 0.8960666656494141, 0.8965666890144348, 0.8973166942596436, 0.8948000073432922, 0.8972833156585693, 0.8970999717712402, 0.8957833051681519, 0.8979833126068115], "val_loss": [0.960241973400116, 1.342481017112732, 1.3501993417739868, 1.4294991493225098, 1.4153207540512085, 1.6277114152908325, 1.6715396642684937, 1.5971425771713257, 1.7574734687805176, 1.468719482421875, 1.6947863101959229, 1.3755732774734497, 1.6721115112304688, 1.57039213180542, 1.6108289957046509, 1.660827875137329, 1.5502676963806152, 1.8782809972763062, 1.7552123069763184, 1.6677285432815552], "val_accuracy": [0.9017000198364258, 0.8779000043869019, 0.8928999900817871, 0.8966000080108643, 0.8996000289916992, 0.8833000063896179, 0.8815000057220459, 0.8919000029563904, 0.8700000047683716, 0.8991000056266785, 0.8847000002861023, 0.9075999855995178, 0.8848999738693237, 0.8966000080108643, 0.8848999738693237, 0.89410001039505, 0.894599974155426, 0.8734999895095825, 0.8956000208854675, 0.899399995803833]}