{"loss": [1.730395793914795, 1.8581644296646118, 1.904775619506836, 1.9487881660461426, 1.9353325366973877, 1.974900722503662, 1.9508895874023438, 1.9833765029907227, 1.9688787460327148, 1.9870679378509521, 1.9364867210388184, 2.017054796218872, 1.955749273300171, 2.0135867595672607, 1.9660441875457764, 2.0190398693084717, 1.9619439840316772, 1.9632728099822998, 1.9211485385894775, 1.944283127784729], "accuracy": [0.8616499900817871, 0.8823000192642212, 0.885200023651123, 0.8865833282470703, 0.8908166885375977, 0.8901000022888184, 0.8911333084106445, 0.8928166627883911, 0.8933833241462708, 0.8924999833106995, 0.8946166634559631, 0.8933666944503784, 0.8952000141143799, 0.8941166400909424, 0.8951500058174133, 0.8947833180427551, 0.8959166407585144, 0.8962166905403137, 0.896399974822998, 0.8976333141326904], "val_loss": [1.9997804164886475, 2.063283920288086, 1.8917720317840576, 1.8488396406173706, 1.9981689453125, 2.3368759155273438, 2.409754991531372, 2.675276279449463, 2.2450296878814697, 2.1571245193481445, 2.432919979095459, 2.4487714767456055, 2.4222965240478516, 2.8758013248443604, 2.6071343421936035, 2.4154956340789795, 2.7256691455841064, 2.388833999633789, 2.560276746749878, 2.318358898162842], "val_accuracy": [0.8657000064849854, 0.8841999769210815, 0.8934999704360962, 0.9041000008583069, 0.8971999883651733, 0.8835999965667725, 0.885699987411499, 0.8615000247955322, 0.8988000154495239, 0.9010999798774719, 0.8880000114440918, 0.8848000168800354, 0.886900007724762, 0.8840000033378601, 0.8758999705314636, 0.8867999911308289, 0.8730999827384949, 0.8914999961853027, 0.8873999714851379, 0.8932999968528748]}