{"loss": [0.1474667191505432, 0.050893258303403854, 0.03464481234550476, 0.024435004219412804, 0.01837153546512127, 0.01437561959028244, 0.013991152867674828, 0.009448342025279999, 0.0104116415604949, 0.00873041246086359, 0.010102440603077412, 0.006006012670695782, 0.006915349047631025, 0.0070244078524410725, 0.00753416121006012, 0.003034395631402731, 0.005795224104076624, 0.007418668828904629, 0.003957986831665039, 0.005257488694041967], "accuracy": [0.9548666477203369, 0.9846500158309937, 0.989216685295105, 0.9921666383743286, 0.9942499995231628, 0.9954500198364258, 0.995199978351593, 0.9969666600227356, 0.996749997138977, 0.9974333047866821, 0.9969000220298767, 0.998033344745636, 0.9977666735649109, 0.9978333115577698, 0.9979000091552734, 0.9989833235740662, 0.998199999332428, 0.9978500008583069, 0.9986833333969116, 0.9984333515167236], "val_loss": [0.06942229717969894, 0.04712233319878578, 0.05036100000143051, 0.04463085159659386, 0.05102181434631348, 0.040464188903570175, 0.053110234439373016, 0.05325551703572273, 0.042535025626420975, 0.05968739464879036, 0.064132921397686, 0.06943081319332123, 0.058372773230075836, 0.06388883292675018, 0.06362710148096085, 0.08671208471059799, 0.08521530032157898, 0.06378620862960815, 0.08659783005714417, 0.06804654002189636], "val_accuracy": [0.9793999791145325, 0.9854999780654907, 0.9858999848365784, 0.9876000285148621, 0.9853000044822693, 0.9889000058174133, 0.9896000027656555, 0.9891999959945679, 0.9901000261306763, 0.9860000014305115, 0.9873999953269958, 0.9869999885559082, 0.9886999726295471, 0.9889000058174133, 0.9876000285148621, 0.9878000020980835, 0.986299991607666, 0.9876999855041504, 0.9876999855041504, 0.9883000254631042]}