{"loss": [0.13164746761322021, 0.05821515619754791, 0.044572364538908005, 0.038722261786460876, 0.028433192521333694, 0.031633779406547546, 0.027323512360453606, 0.027665728703141212, 0.02722330205142498, 0.02296835370361805, 0.021798035129904747, 0.02759215235710144, 0.026811344549059868, 0.01939576491713524, 0.01879850961267948, 0.024396562948822975, 0.022076498717069626, 0.03204793483018875, 0.02039165049791336, 0.023914027959108353], "accuracy": [0.9593833088874817, 0.9819166660308838, 0.9855833053588867, 0.987666666507721, 0.991183340549469, 0.9912166595458984, 0.992816686630249, 0.9924666881561279, 0.9925500154495239, 0.9935833215713501, 0.9947166442871094, 0.9943000078201294, 0.994350016117096, 0.9957500100135803, 0.9955499768257141, 0.9952499866485596, 0.9957333207130432, 0.995283305644989, 0.9963666796684265, 0.9966833591461182], "val_loss": [0.07666675746440887, 0.06794995069503784, 0.08197358250617981, 0.07621155679225922, 0.09355653077363968, 0.0956849455833435, 0.12226511538028717, 0.11869542300701141, 0.14005838334560394, 0.14628683030605316, 0.11661604046821594, 0.14416594803333282, 0.15937548875808716, 0.18349163234233856, 0.18211108446121216, 0.2059972882270813, 0.18815293908119202, 0.24899835884571075, 0.22171291708946228, 0.3133353888988495], "val_accuracy": [0.9760000109672546, 0.9790999889373779, 0.977400004863739, 0.9797000288963318, 0.9778000116348267, 0.9817000031471252, 0.979200005531311, 0.9793000221252441, 0.9781000018119812, 0.9821000099182129, 0.9821000099182129, 0.9793999791145325, 0.9801999926567078, 0.9812999963760376, 0.9824000000953674, 0.9825999736785889, 0.9822999835014343, 0.9815000295639038, 0.9829999804496765, 0.9803000092506409]}