{"loss": [0.2739904522895813, 0.06006822735071182, 0.04166266322135925, 0.030091160908341408, 0.02324201539158821, 0.018261706456542015, 0.014978703111410141, 0.012267209589481354, 0.009832394309341908, 0.009322365745902061, 0.008160853758454323, 0.007467322982847691, 0.006646320689469576, 0.004600596614181995, 0.004995231982320547, 0.0050131287425756454, 0.0035329179372638464, 0.004198165610432625, 0.004932145122438669, 0.004449218977242708], "accuracy": [0.9127500057220459, 0.9824000000953674, 0.9875500202178955, 0.9909999966621399, 0.9930499792098999, 0.9946500062942505, 0.9953500032424927, 0.996399998664856, 0.9966833591461182, 0.9972500205039978, 0.9979000091552734, 0.9976166486740112, 0.9979000091552734, 0.9984999895095825, 0.9987833499908447, 0.9984666705131531, 0.9989333152770996, 0.9989333152770996, 0.9988999962806702, 0.9987999796867371], "val_loss": [0.08746971189975739, 0.06553193181753159, 0.04408606141805649, 0.04409663379192352, 0.050142545253038406, 0.04998896270990372, 0.055380940437316895, 0.07096762955188751, 0.057415369898080826, 0.0602182075381279, 0.06391456723213196, 0.08064567297697067, 0.07885811477899551, 0.07500758022069931, 0.1017630398273468, 0.07840421795845032, 0.09808037430047989, 0.11407310515642166, 0.10573480278253555, 0.09526658803224564], "val_accuracy": [0.9728999733924866, 0.9811999797821045, 0.9869999885559082, 0.9871000051498413, 0.9876000285148621, 0.9879999756813049, 0.9890000224113464, 0.9847000241279602, 0.9884999990463257, 0.9879999756813049, 0.988099992275238, 0.9883000254631042, 0.9884999990463257, 0.9889000058174133, 0.9864000082015991, 0.9898999929428101, 0.9889000058174133, 0.9882000088691711, 0.9891999959945679, 0.9894999861717224]}