{"loss": [0.23386099934577942, 0.08189641684293747, 0.05904921144247055, 0.0470036119222641, 0.03867890685796738, 0.03243502229452133, 0.027410252019762993, 0.023761944845318794, 0.020356357097625732, 0.01917020045220852], "accuracy": [0.9260333180427551, 0.974049985408783, 0.9815166592597961, 0.9852666854858398, 0.9878166913986206, 0.9901000261306763, 0.9911166429519653, 0.9922500252723694, 0.9936166405677795, 0.9936333298683167], "val_loss": [0.11591717600822449, 0.07394421100616455, 0.09001036733388901, 0.06523095071315765, 0.05444146692752838, 0.049314677715301514, 0.05520936846733093, 0.05913305655121803, 0.06609057635068893, 0.06109181419014931], "val_accuracy": [0.9660000205039978, 0.9789000153541565, 0.9735000133514404, 0.9800000190734863, 0.9840999841690063, 0.9858999848365784, 0.9842000007629395, 0.9843999743461609, 0.9825999736785889, 0.9857000112533569]}