{"loss": [0.2954714894294739, 0.09508077055215836, 0.06961535662412643, 0.056422170251607895, 0.04671303555369377, 0.04017648473381996, 0.03460283204913139, 0.031104672700166702, 0.026612812653183937, 0.023962698876857758], "accuracy": [0.9120333194732666, 0.9710000157356262, 0.9783999919891357, 0.9820666909217834, 0.9851666688919067, 0.9872000217437744, 0.9893166422843933, 0.9898166656494141, 0.9911999702453613, 0.9918500185012817], "val_loss": [0.10994597524404526, 0.09041815251111984, 0.06992767006158829, 0.06162174046039581, 0.05971803143620491, 0.05065351724624634, 0.046814531087875366, 0.057245686650276184, 0.045000988990068436, 0.04698491469025612], "val_accuracy": [0.9668999910354614, 0.9718999862670898, 0.9794999957084656, 0.9821000099182129, 0.9815999865531921, 0.9837999939918518, 0.9868000149726868, 0.9824000000953674, 0.987500011920929, 0.9876000285148621]}