{"loss": [0.15099848806858063, 0.050578922033309937, 0.03275368735194206, 0.021322960034012794, 0.01491851918399334, 0.011960441246628761, 0.007921788841485977, 0.007684371434152126, 0.006331758573651314, 0.006084936670958996], "accuracy": [0.9547833204269409, 0.9845166802406311, 0.9897833466529846, 0.9930166602134705, 0.9952999949455261, 0.9960500001907349, 0.9971333146095276, 0.9973000288009644, 0.997783362865448, 0.9978166818618774], "val_loss": [0.05592940002679825, 0.058095939457416534, 0.04632748290896416, 0.05174526199698448, 0.0528583861887455, 0.04990597069263458, 0.05521392077207565, 0.05244298279285431, 0.06179094314575195, 0.060898926109075546], "val_accuracy": [0.9829999804496765, 0.9794999957084656, 0.9835000038146973, 0.9842000007629395, 0.9847999811172485, 0.9846000075340271, 0.9857000112533569, 0.9866999983787537, 0.9850999712944031, 0.9853000044822693]}