{"loss": [0.14461122453212738, 0.04807480052113533, 0.032625749707221985, 0.025024406611919403, 0.019809937104582787, 0.017434019595384598, 0.014098906889557838, 0.012844724580645561, 0.011051427572965622, 0.009968050755560398], "accuracy": [0.9542333483695984, 0.9855666756629944, 0.9897000193595886, 0.9920333623886108, 0.9932166934013367, 0.9949166774749756, 0.9959166646003723, 0.996066689491272, 0.9964666962623596, 0.9969000220298767], "val_loss": [0.05836993455886841, 0.05694499611854553, 0.054929278790950775, 0.04849221929907799, 0.045507412403821945, 0.0392073355615139, 0.03806660324335098, 0.06398751586675644, 0.06475046277046204, 0.06796430051326752], "val_accuracy": [0.9830999970436096, 0.9847000241279602, 0.9829000234603882, 0.9872000217437744, 0.9883999824523926, 0.9897000193595886, 0.9904999732971191, 0.9836000204086304, 0.9871000051498413, 0.9872000217437744]}