{"loss": [0.3522772490978241, 0.1689911037683487, 0.13382107019424438, 0.11135528981685638, 0.09915927797555923, 0.08599551767110825, 0.07871615141630173, 0.07109525054693222, 0.06729016453027725, 0.061980217695236206], "accuracy": [0.8925333619117737, 0.9488000273704529, 0.9588833451271057, 0.9660666584968567, 0.9686499834060669, 0.9724000096321106, 0.9752166867256165, 0.9773333072662354, 0.9781333208084106, 0.9798833131790161], "val_loss": [0.1980031132698059, 0.17034602165222168, 0.1299249678850174, 0.12238914519548416, 0.12393896281719208, 0.11551444977521896, 0.11686334013938904, 0.12808628380298615, 0.11772835999727249, 0.11511000990867615], "val_accuracy": [0.9375, 0.9474999904632568, 0.9605000019073486, 0.9632999897003174, 0.9632999897003174, 0.9674999713897705, 0.967199981212616, 0.9646999835968018, 0.9663000106811523, 0.968999981880188]}