{"loss": [0.29575490951538086, 0.08767720311880112, 0.06311500072479248, 0.04914069175720215, 0.041222572326660156, 0.035156432539224625, 0.03091689944267273, 0.026339733973145485, 0.02334620989859104, 0.01980341412127018], "accuracy": [0.910016655921936, 0.9729666709899902, 0.9800333380699158, 0.9843000173568726, 0.9873166680335999, 0.9892333149909973, 0.9907166957855225, 0.9916666746139526, 0.992733359336853, 0.9937833547592163], "val_loss": [0.13939480483531952, 0.0701972022652626, 0.060972828418016434, 0.06988712400197983, 0.057001207023859024, 0.05898348242044449, 0.04872864857316017, 0.06768789142370224, 0.05716950073838234, 0.05223666876554489], "val_accuracy": [0.95660001039505, 0.9785000085830688, 0.9811999797821045, 0.980400025844574, 0.9842000007629395, 0.9836999773979187, 0.9858999848365784, 0.9821000099182129, 0.98580002784729, 0.9866999983787537]}