{"loss": [0.1720139980316162, 0.05777440220117569, 0.03975615277886391, 0.030120987445116043, 0.023076562210917473, 0.01846788451075554, 0.01734384149312973, 0.013038596138358116, 0.011708947829902172, 0.01080091018229723], "accuracy": [0.9472000002861023, 0.9827333092689514, 0.9876166582107544, 0.9904500246047974, 0.9930499792098999, 0.9942333102226257, 0.9939000010490417, 0.9957000017166138, 0.9964666962623596, 0.9964666962623596], "val_loss": [0.07130596786737442, 0.06890462338924408, 0.04498881846666336, 0.04730338230729103, 0.05495164170861244, 0.053215142339468, 0.06020580604672432, 0.04841765761375427, 0.048457078635692596, 0.059521373361349106], "val_accuracy": [0.9794999957084656, 0.9804999828338623, 0.9872999787330627, 0.9865000247955322, 0.9851999878883362, 0.9866999983787537, 0.98580002784729, 0.9883000254631042, 0.9887999892234802, 0.9842000007629395]}