{"loss": [0.19230031967163086, 0.061143290251493454, 0.04277456924319267, 0.03278832882642746, 0.02522590570151806, 0.018424436450004578, 0.018510494381189346, 0.013496305793523788, 0.011813544668257236, 0.009016101248562336], "accuracy": [0.9394166469573975, 0.9805499911308289, 0.9866333603858948, 0.989466667175293, 0.9920666813850403, 0.9943333268165588, 0.9941333532333374, 0.9956666827201843, 0.9960500001907349, 0.9969333410263062], "val_loss": [0.09871388971805573, 0.06053098663687706, 0.04822899028658867, 0.052038151770830154, 0.0458541065454483, 0.04565947875380516, 0.04409006983041763, 0.05472787469625473, 0.048358939588069916, 0.048708561807870865], "val_accuracy": [0.9679999947547913, 0.9824000000953674, 0.9840999841690063, 0.9847999811172485, 0.9861999750137329, 0.9865999817848206, 0.9868000149726868, 0.9860000014305115, 0.9865000247955322, 0.9890000224113464]}