{"loss": [0.34110403060913086, 0.11842414736747742, 0.07910173386335373, 0.06327672302722931, 0.05413058400154114, 0.048033107072114944, 0.04252307862043381, 0.03872811794281006, 0.03497322276234627, 0.032052185386419296], "accuracy": [0.9044833183288574, 0.9659666419029236, 0.9767500162124634, 0.9811999797821045, 0.984000027179718, 0.9858333468437195, 0.9873999953269958, 0.9884666800498962, 0.9901000261306763, 0.9909666776657104], "val_loss": [0.14343631267547607, 0.08454438298940659, 0.06743751466274261, 0.060369908809661865, 0.05451308563351631, 0.05026264488697052, 0.05320940539240837, 0.04970039799809456, 0.05142636224627495, 0.04813401401042938], "val_accuracy": [0.9592000246047974, 0.9739999771118164, 0.9769999980926514, 0.979200005531311, 0.9805999994277954, 0.9832000136375427, 0.9830999970436096, 0.984499990940094, 0.9837999939918518, 0.984000027179718]}