{"loss": [0.1477746218442917, 0.05149821192026138, 0.03361823037266731, 0.024321986362338066, 0.017261112108826637, 0.012561872601509094, 0.009740437380969524, 0.007040971424430609, 0.005051280837506056, 0.0037959066685289145, 0.002865101909264922, 0.0023849676363170147, 0.001990844961255789, 0.0017326740780845284, 0.0013656727969646454, 0.0011066533625125885, 0.0008668109076097608, 0.0003494763805065304, 0.0006207973347045481, 0.0005629760562442243], "accuracy": [0.9558666944503784, 0.9842833280563354, 0.9903333187103271, 0.9927666783332825, 0.9945166707038879, 0.9961000084877014, 0.997083306312561, 0.997783362865448, 0.9985166788101196, 0.9988999962806702, 0.9992333054542542, 0.9993166923522949, 0.9994000196456909, 0.9995666742324829, 0.9996166825294495, 0.9996500015258789, 0.9995833039283752, 0.999916672706604, 0.9997166395187378, 0.999833345413208], "val_loss": [0.06651441007852554, 0.04742962494492531, 0.04628182202577591, 0.055457890033721924, 0.05618216097354889, 0.05368560925126076, 0.05510025471448898, 0.06351061165332794, 0.07335663586854935, 0.07096222043037415, 0.08608623594045639, 0.085499107837677, 0.07783140987157822, 0.1509690135717392, 0.09120669215917587, 0.11701171845197678, 0.13072192668914795, 0.10977247357368469, 0.117405004799366, 0.12131612747907639], "val_accuracy": [0.9789000153541565, 0.9843999743461609, 0.9833999872207642, 0.9854000210762024, 0.9847999811172485, 0.9861000180244446, 0.9861999750137329, 0.9876000285148621, 0.9860000014305115, 0.9872999787330627, 0.9855999946594238, 0.9865000247955322, 0.9865999817848206, 0.9760000109672546, 0.9861999750137329, 0.9854999780654907, 0.9850999712944031, 0.9876999855041504, 0.9861999750137329, 0.9873999953269958]}