{"loss": [0.15208514034748077, 0.057614896446466446, 0.03989658132195473, 0.04114197939634323, 0.031859125941991806, 0.02790573239326477, 0.03641241043806076, 0.03057732619345188, 0.02414247766137123, 0.037306539714336395, 0.03950057551264763, 0.02990981936454773, 0.03860599920153618, 0.027063079178333282, 0.0316329188644886, 0.031945936381816864, 0.03199256211519241, 0.04408745840191841, 0.03417351469397545, 0.028178416192531586], "accuracy": [0.9578499794006348, 0.9826833605766296, 0.9875333309173584, 0.988183319568634, 0.9910500049591064, 0.9927666783332825, 0.9917500019073486, 0.9930999875068665, 0.9947666525840759, 0.9936666488647461, 0.9937833547592163, 0.9950833320617676, 0.9947500228881836, 0.9960500001907349, 0.9962000250816345, 0.996150016784668, 0.9962499737739563, 0.996066689491272, 0.9969000220298767, 0.9973333477973938], "val_loss": [0.06528348475694656, 0.07103953510522842, 0.0775311216711998, 0.09810967743396759, 0.11536558717489243, 0.11595473438501358, 0.21064411103725433, 0.1620485782623291, 0.1911143660545349, 0.17401917278766632, 0.234437957406044, 0.2567369043827057, 0.1696307212114334, 0.2473619133234024, 0.24677817523479462, 0.2963276505470276, 0.3611823618412018, 0.37934693694114685, 0.366366982460022, 0.43475884199142456], "val_accuracy": [0.9810000061988831, 0.9786999821662903, 0.9807000160217285, 0.980400025844574, 0.9800000190734863, 0.9825000166893005, 0.9753999710083008, 0.9789000153541565, 0.9811999797821045, 0.9829999804496765, 0.9807999730110168, 0.9839000105857849, 0.9832000136375427, 0.9829999804496765, 0.9846000075340271, 0.9811999797821045, 0.9842000007629395, 0.9835000038146973, 0.9832000136375427, 0.9842000007629395]}