{"loss": [0.1374407708644867, 0.0504303053021431, 0.03596660867333412, 0.02705533616244793, 0.021898983046412468, 0.017246196046471596, 0.01452108658850193, 0.01290166936814785, 0.011778675019741058, 0.010934386402368546, 0.009817041456699371, 0.010966376401484013, 0.009341010823845863, 0.007194519508630037, 0.008411426097154617, 0.006704960484057665, 0.008963535539805889, 0.007975444197654724, 0.006947537884116173, 0.008099383674561977], "accuracy": [0.9570500254631042, 0.9847000241279602, 0.9889000058174133, 0.9912333488464355, 0.9931833148002625, 0.9946500062942505, 0.9957666397094727, 0.9958833456039429, 0.9963499903678894, 0.996483325958252, 0.9975833296775818, 0.9970499873161316, 0.9971333146095276, 0.9979333281517029, 0.9973999857902527, 0.9983999729156494, 0.9974666833877563, 0.9980166554450989, 0.9981499910354614, 0.9982666373252869], "val_loss": [0.06610766053199768, 0.050278518348932266, 0.05497648939490318, 0.04944941774010658, 0.04942184314131737, 0.04843556880950928, 0.06100333854556084, 0.062287647277116776, 0.05717997997999191, 0.06067025288939476, 0.06411892175674438, 0.09176166355609894, 0.06677926331758499, 0.09678681194782257, 0.07764153182506561, 0.0759071558713913, 0.08234234899282455, 0.08273769915103912, 0.06908409297466278, 0.09814701229333878], "val_accuracy": [0.9779999852180481, 0.9854999780654907, 0.9847000241279602, 0.9847000241279602, 0.986299991607666, 0.989799976348877, 0.9840999841690063, 0.9876000285148621, 0.9884999990463257, 0.9868999719619751, 0.9864000082015991, 0.9847999811172485, 0.9889000058174133, 0.9858999848365784, 0.9883999824523926, 0.987500011920929, 0.9889000058174133, 0.9878000020980835, 0.9897000193595886, 0.9869999885559082]}