{"loss": [0.35557183623313904, 0.3075978755950928, 0.3013971745967865, 0.29534250497817993, 0.2910258173942566, 0.29161936044692993, 0.2890625298023224, 0.2861911654472351, 0.28467807173728943, 0.28391212224960327], "accuracy": [0.8988333344459534, 0.9153833389282227, 0.9178500175476074, 0.9185166954994202, 0.9203500151634216, 0.9208666682243347, 0.9208499789237976, 0.9228833317756653, 0.9221166372299194, 0.9223166704177856], "val_loss": [0.3313460350036621, 0.3022252321243286, 0.35796964168548584, 0.3584914207458496, 0.3254546821117401, 0.3374995291233063, 0.31248173117637634, 0.34392249584198, 0.3345332741737366, 0.3287222981452942], "val_accuracy": [0.9067999720573425, 0.9199000000953674, 0.9010999798774719, 0.9053999781608582, 0.9164000153541565, 0.913100004196167, 0.92330002784729, 0.9107999801635742, 0.9164000153541565, 0.9211000204086304]}