{"loss": [0.2580921947956085, 0.11652183532714844, 0.11027692258358002, 0.1074761375784874, 0.10757938772439957, 0.11784975230693817, 0.11855645477771759, 0.12058962881565094, 0.12742680311203003, 0.13215243816375732], "accuracy": [0.919700026512146, 0.966783344745636, 0.9707000255584717, 0.9723166823387146, 0.9730833172798157, 0.9718833565711975, 0.9718166589736938, 0.9719499945640564, 0.9708666801452637, 0.9704333543777466], "val_loss": [0.12631729245185852, 0.11837258189916611, 0.11996834725141525, 0.07605025917291641, 0.14061641693115234, 0.2039574831724167, 0.1301342397928238, 0.11659131199121475, 0.3100186288356781, 0.13416196405887604], "val_accuracy": [0.9617999792098999, 0.9700999855995178, 0.96670001745224, 0.9801999926567078, 0.9697999954223633, 0.9571999907493591, 0.9645000100135803, 0.9732999801635742, 0.9631999731063843, 0.9681000113487244]}