{"loss": [0.24929019808769226, 0.10077907890081406, 0.08390234410762787, 0.07744743674993515, 0.0719369649887085, 0.06726741790771484, 0.06534765660762787, 0.06430589407682419, 0.06667576730251312, 0.06405762583017349, 0.059795547276735306, 0.05683509632945061, 0.05782836675643921, 0.055762916803359985, 0.06016422063112259, 0.053720325231552124, 0.059263911098241806, 0.05449293926358223, 0.052896738052368164, 0.05313370004296303], "accuracy": [0.9230833053588867, 0.9699333310127258, 0.9755833148956299, 0.9769166707992554, 0.9789166450500488, 0.9806166887283325, 0.9813166856765747, 0.9819166660308838, 0.981249988079071, 0.9818666577339172, 0.9835500121116638, 0.9843666553497314, 0.9843000173568726, 0.985450029373169, 0.9842166900634766, 0.985450029373169, 0.9846166372299194, 0.9854666590690613, 0.9857000112533569, 0.9864166378974915], "val_loss": [0.0910908430814743, 0.10115103423595428, 0.07372081279754639, 0.09745831042528152, 0.06921197474002838, 0.08417113125324249, 0.07700048387050629, 0.08101475983858109, 0.09546524286270142, 0.08800651133060455, 0.09744169563055038, 0.09026803076267242, 0.0984511524438858, 0.11579494923353195, 0.11911272257566452, 0.10395953059196472, 0.09043213725090027, 0.11374256759881973, 0.10043399780988693, 0.10168304294347763], "val_accuracy": [0.9735000133514404, 0.9700000286102295, 0.9781000018119812, 0.9714000225067139, 0.9800000190734863, 0.9797000288963318, 0.9800000190734863, 0.9787999987602234, 0.9763000011444092, 0.9803000092506409, 0.9778000116348267, 0.977400004863739, 0.9739999771118164, 0.9772999882698059, 0.9754999876022339, 0.9757999777793884, 0.9815999865531921, 0.9769999980926514, 0.9782000184059143, 0.9779000282287598]}