{"loss": [0.27762532234191895, 0.1279105246067047, 0.09345830976963043, 0.07567832618951797, 0.061466190963983536, 0.05204865708947182, 0.04503043740987778, 0.037094879895448685, 0.033860575407743454, 0.029164327308535576], "accuracy": [0.9180166721343994, 0.9621999859809875, 0.9712333083152771, 0.9761666655540466, 0.9810666441917419, 0.9834666848182678, 0.9858333468437195, 0.987933337688446, 0.9886500239372253, 0.9902499914169312], "val_loss": [0.15109100937843323, 0.11795728653669357, 0.09084112197160721, 0.0933350995182991, 0.08660031110048294, 0.08870147913694382, 0.07937051355838776, 0.08524270355701447, 0.08928290009498596, 0.09131889045238495], "val_accuracy": [0.9524999856948853, 0.9641000032424927, 0.9713000059127808, 0.9704999923706055, 0.9715999960899353, 0.972599983215332, 0.9749000072479248, 0.9757999777793884, 0.9749000072479248, 0.9764999747276306]}