{"loss": [0.5506983995437622, 0.3245465159416199, 0.2963917851448059, 0.2825973629951477, 0.27387627959251404, 0.26844432950019836, 0.26443105936050415, 0.2605275809764862, 0.25735145807266235, 0.2549121379852295], "accuracy": [0.8583833575248718, 0.9106500148773193, 0.9175999760627747, 0.9210500121116638, 0.9240166544914246, 0.9246500134468079, 0.9266499876976013, 0.9274333119392395, 0.9287999868392944, 0.9295333623886108], "val_loss": [0.3358313739299774, 0.2950080931186676, 0.2807753086090088, 0.2730315923690796, 0.2737290859222412, 0.2657654881477356, 0.26791706681251526, 0.2653559446334839, 0.26456964015960693, 0.26407745480537415], "val_accuracy": [0.9101999998092651, 0.9168999791145325, 0.9203000068664551, 0.9246000051498413, 0.9232000112533569, 0.9262999892234802, 0.9247000217437744, 0.9272000193595886, 0.9261000156402588, 0.9264000058174133]}