{"loss": [0.13285543024539948, 0.04102228581905365, 0.024893343448638916, 0.015658026561141014, 0.010336081497371197, 0.006620116997510195, 0.004233548883348703, 0.0032128302846103907, 0.0021133199334144592, 0.0011185286566615105, 0.0010507592232897878, 0.0008301232592202723, 0.0005155701655894518, 0.00031971727730706334, 0.0004506366385612637, 0.00026039351359941065, 4.891648859484121e-05, 9.915563714457676e-05, 7.826477667549625e-05, 1.9620365492301062e-05], "accuracy": [0.9590333104133606, 0.98785001039505, 0.9925000071525574, 0.9952666759490967, 0.997083306312561, 0.998116672039032, 0.9988499879837036, 0.9990666508674622, 0.9992833137512207, 0.9997333288192749, 0.9996833205223083, 0.9998000264167786, 0.999833345413208, 0.9998833537101746, 0.9998833537101746, 0.9999333620071411, 0.9999833106994629, 0.9999833106994629, 0.9999666810035706, 0.9999833106994629], "val_loss": [0.05248762294650078, 0.04331579804420471, 0.0443078875541687, 0.047710176557302475, 0.0531604178249836, 0.0703907310962677, 0.054010212421417236, 0.07885537296533585, 0.08885322511196136, 0.08307606726884842, 0.08396077156066895, 0.1076248288154602, 0.09374701976776123, 0.10334965586662292, 0.10536976158618927, 0.11562737077474594, 0.1279773712158203, 0.13058193027973175, 0.12153587490320206, 0.13060680031776428], "val_accuracy": [0.9843999743461609, 0.9860000014305115, 0.9860000014305115, 0.9871000051498413, 0.9861000180244446, 0.9842000007629395, 0.9894999861717224, 0.9869999885559082, 0.9853000044822693, 0.9872999787330627, 0.9883000254631042, 0.9879999756813049, 0.989300012588501, 0.9872999787330627, 0.9887999892234802, 0.9889000058174133, 0.9883999824523926, 0.9890000224113464, 0.9900000095367432, 0.9897000193595886]}