{"loss": [2.2345569133758545, 1.9735864400863647, 1.611916422843933, 1.2065941095352173, 0.9425485730171204, 0.7793025374412537, 0.6561427712440491, 0.5709502696990967, 0.5168579816818237, 0.4796885848045349], "accuracy": [0.1679999977350235, 0.30149999260902405, 0.5169333219528198, 0.6465833187103271, 0.7128833532333374, 0.769016683101654, 0.8063333630561829, 0.831933319568634, 0.8481333255767822, 0.859333336353302], "val_loss": [2.1349098682403564, 1.8010517358779907, 1.384445071220398, 1.0370101928710938, 0.8416830897331238, 0.6997681856155396, 0.5914928913116455, 0.522970974445343, 0.4778071343898773, 0.44836416840553284], "val_accuracy": [0.2542000114917755, 0.4009999930858612, 0.5986999869346619, 0.680400013923645, 0.7409999966621399, 0.7882000207901001, 0.8241000175476074, 0.8420000076293945, 0.8569999933242798, 0.864300012588501]}