{"loss": [1.9343558549880981, 1.4095309972763062, 1.1341116428375244, 0.9736036062240601, 0.86980801820755, 0.797141969203949, 0.7432697415351868, 0.7015430331230164, 0.6681583523750305, 0.6407685279846191, 0.6178469657897949, 0.5982887148857117, 0.581417977809906, 0.5666302442550659, 0.5536087155342102, 0.5419813990592957, 0.5315343141555786, 0.5220962166786194, 0.5134878158569336, 0.5056387782096863], "accuracy": [0.4174500107765198, 0.7094500064849854, 0.7762666940689087, 0.8046000003814697, 0.8200166821479797, 0.8305166959762573, 0.8385833501815796, 0.8443333506584167, 0.8485333323478699, 0.8524166941642761, 0.8552666902542114, 0.8585333228111267, 0.8605999946594238, 0.8629166483879089, 0.8646166920661926, 0.8669999837875366, 0.8680999875068665, 0.870116651058197, 0.8717166781425476, 0.8726833462715149], "val_loss": [1.6027836799621582, 1.227155327796936, 1.019715428352356, 0.8917969465255737, 0.8052523136138916, 0.7429822683334351, 0.6955658197402954, 0.6583756804466248, 0.6282831430435181, 0.6033582091331482, 0.5823095440864563, 0.5642123222351074, 0.5485153794288635, 0.5347623229026794, 0.5226290225982666, 0.5117099285125732, 0.5018783211708069, 0.4930170476436615, 0.4849395453929901, 0.4774572253227234], "val_accuracy": [0.6510999798774719, 0.7670000195503235, 0.8072999715805054, 0.8267999887466431, 0.8388000130653381, 0.8460999727249146, 0.852400004863739, 0.8583999872207642, 0.8634999990463257, 0.8657000064849854, 0.8695999979972839, 0.8718000054359436, 0.8733999729156494, 0.8755999803543091, 0.8762000203132629, 0.8774999976158142, 0.8799999952316284, 0.881600022315979, 0.8833000063896179, 0.8838000297546387]}