{"loss": [1.7044461965560913, 1.0644413232803345, 0.838637113571167, 0.7257460951805115, 0.656968891620636, 0.6100625395774841, 0.575674295425415, 0.5491531491279602, 0.5279669165611267, 0.5105753540992737, 0.49595576524734497, 0.4834635555744171, 0.4726291298866272, 0.46312740445137024, 0.45468226075172424, 0.4471697509288788, 0.44036418199539185, 0.43419817090034485, 0.42857128381729126, 0.42341625690460205], "accuracy": [0.5563666820526123, 0.7924500107765198, 0.8261833190917969, 0.8414833545684814, 0.8500166535377502, 0.8565333485603333, 0.8618500232696533, 0.865066647529602, 0.8684333562850952, 0.8709333539009094, 0.8730999827384949, 0.8752666711807251, 0.8774333596229553, 0.8793500065803528, 0.8807333111763, 0.8823333382606506, 0.8839166760444641, 0.884850025177002, 0.8860666751861572, 0.8869333267211914], "val_loss": [1.23763108253479, 0.894642174243927, 0.7442657947540283, 0.659562349319458, 0.6043140888214111, 0.5651967525482178, 0.5357499718666077, 0.5125648379325867, 0.493848979473114, 0.4783090353012085, 0.4651559591293335, 0.4538058638572693, 0.4439822733402252, 0.43530815839767456, 0.4276699125766754, 0.4207078516483307, 0.4144873023033142, 0.4087577760219574, 0.4036664366722107, 0.3989420533180237], "val_accuracy": [0.7674000263214111, 0.8233000040054321, 0.8450000286102295, 0.8560000061988831, 0.8644000291824341, 0.8689000010490417, 0.8741000294685364, 0.8770999908447266, 0.8805999755859375, 0.8841000199317932, 0.885200023651123, 0.8870000243186951, 0.8873999714851379, 0.8891000151634216, 0.8912000060081482, 0.891700029373169, 0.8924000263214111, 0.8934000134468079, 0.8944000005722046, 0.8950999975204468]}