{"loss": [0.37127265334129333, 0.3357447385787964, 0.32946744561195374, 0.33113598823547363, 0.3236123025417328, 0.3188232481479645, 0.318962961435318, 0.32108548283576965, 0.3198770582675934, 0.3187750279903412, 0.31554895639419556, 0.3143896162509918, 0.31713923811912537, 0.3109332025051117, 0.31433776021003723, 0.3126845359802246, 0.31402352452278137, 0.3148323595523834, 0.3155563175678253, 0.3122003376483917], "accuracy": [0.8979166746139526, 0.9093499779701233, 0.9129833579063416, 0.9130833148956299, 0.914983332157135, 0.916450023651123, 0.9158999919891357, 0.9165833592414856, 0.9157333374023438, 0.9160666465759277, 0.9174166917800903, 0.9176833629608154, 0.9172333478927612, 0.9192166924476624, 0.9178333282470703, 0.9182999730110168, 0.9186166524887085, 0.9176833629608154, 0.9169833064079285, 0.917900025844574], "val_loss": [0.3609178960323334, 0.4210912585258484, 0.3935409188270569, 0.35742247104644775, 0.3797817528247833, 0.3620365858078003, 0.37580686807632446, 0.35440272092819214, 0.41247090697288513, 0.38448989391326904, 0.3493248522281647, 0.3580838739871979, 0.3803018629550934, 0.385057657957077, 0.3882395327091217, 0.3776041865348816, 0.41105878353118896, 0.38547152280807495, 0.38440555334091187, 0.3856371343135834], "val_accuracy": [0.9043999910354614, 0.8870999813079834, 0.9002000093460083, 0.9164999723434448, 0.906499981880188, 0.9118000268936157, 0.9139000177383423, 0.9132999777793884, 0.9103999733924866, 0.9114000201225281, 0.9192000031471252, 0.9205999970436096, 0.9117000102996826, 0.9107999801635742, 0.9168000221252441, 0.9160000085830688, 0.9075000286102295, 0.9133999943733215, 0.9153000116348267, 0.9146999716758728]}