{"loss": [0.35768401622772217, 0.3070593774318695, 0.3007689416408539, 0.2969396114349365, 0.29182636737823486, 0.28848597407341003, 0.2872137427330017, 0.2881510853767395, 0.2851234972476959, 0.2826310992240906, 0.2841731011867523, 0.2838577330112457, 0.2828347682952881, 0.2822372615337372, 0.28000664710998535, 0.27894502878189087, 0.27769291400909424, 0.2787623107433319, 0.28058046102523804, 0.2770381569862366], "accuracy": [0.8976333141326904, 0.9156166911125183, 0.9172666668891907, 0.9186166524887085, 0.9200000166893005, 0.9217000007629395, 0.9209666848182678, 0.920283317565918, 0.9223999977111816, 0.9228000044822693, 0.9220333099365234, 0.922950029373169, 0.9228500127792358, 0.9229833483695984, 0.923633337020874, 0.9247000217437744, 0.9240833520889282, 0.9239500164985657, 0.923966646194458, 0.9245333075523376], "val_loss": [0.3225095570087433, 0.29708489775657654, 0.3065391480922699, 0.3102412521839142, 0.3361361026763916, 0.31522220373153687, 0.33243268728256226, 0.3243592381477356, 0.33264434337615967, 0.3329509496688843, 0.3218183219432831, 0.3334365785121918, 0.3558569848537445, 0.33580711483955383, 0.3244152367115021, 0.3430173993110657, 0.3551175892353058, 0.35489219427108765, 0.34050923585891724, 0.34041810035705566], "val_accuracy": [0.9114999771118164, 0.9200000166893005, 0.9205999970436096, 0.9225999712944031, 0.9114000201225281, 0.9236999750137329, 0.9189000129699707, 0.9196000099182129, 0.9154000282287598, 0.9176999926567078, 0.9225000143051147, 0.916700005531311, 0.9136999845504761, 0.9190000295639038, 0.9193999767303467, 0.9157999753952026, 0.9172000288963318, 0.9168000221252441, 0.9211999773979187, 0.9179999828338623]}