{"loss": [0.9967737793922424, 0.5565333962440491, 0.47524294257164, 0.43574678897857666, 0.41127681732177734, 0.3943023383617401, 0.38144412636756897, 0.3713488280773163, 0.3630746006965637, 0.3561984896659851, 0.3504158854484558, 0.3453047275543213, 0.34089380502700806, 0.33689084649086, 0.3332745134830475, 0.3301852345466614, 0.3272645175457001, 0.3245314061641693, 0.32213324308395386, 0.31983813643455505], "accuracy": [0.7714166641235352, 0.8646500110626221, 0.8773333430290222, 0.8847833275794983, 0.8902000188827515, 0.8933500051498413, 0.8963333368301392, 0.8985666632652283, 0.9006833434104919, 0.9021000266075134, 0.9032166600227356, 0.90420001745224, 0.9054999947547913, 0.9066833257675171, 0.9074666500091553, 0.908216655254364, 0.9093000292778015, 0.90993332862854, 0.9108333587646484, 0.911300003528595], "val_loss": [0.6070855855941772, 0.48080360889434814, 0.42899447679519653, 0.4005722403526306, 0.3815552890300751, 0.36752399802207947, 0.35730260610580444, 0.3489726781845093, 0.34191465377807617, 0.33579811453819275, 0.3308824598789215, 0.3272317051887512, 0.32317474484443665, 0.320042222738266, 0.31748348474502563, 0.31432005763053894, 0.31188884377479553, 0.3099379241466522, 0.3074228763580322, 0.3058130145072937], "val_accuracy": [0.8636000156402588, 0.8804000020027161, 0.8902999758720398, 0.8967000246047974, 0.8996000289916992, 0.9032999873161316, 0.9057999849319458, 0.9065999984741211, 0.9085000157356262, 0.9092000126838684, 0.9104999899864197, 0.9122999906539917, 0.9128999710083008, 0.9132999777793884, 0.9146000146865845, 0.9146000146865845, 0.9153000116348267, 0.9158999919891357, 0.9161999821662903, 0.916700005531311]}