{"loss": [0.7838165760040283, 0.45724791288375854, 0.40400388836860657, 0.37725189328193665, 0.36040306091308594, 0.34846994280815125, 0.3395504951477051, 0.3322858512401581, 0.32650554180145264, 0.3215862214565277, 0.31735774874687195, 0.31373193860054016, 0.3104860782623291, 0.3076157569885254, 0.3050437271595001, 0.3026367425918579, 0.3005446791648865, 0.2985740005970001, 0.29688194394111633, 0.2951952815055847], "accuracy": [0.8120666742324829, 0.8801000118255615, 0.8910499811172485, 0.8967000246047974, 0.9009666442871094, 0.903333306312561, 0.9053666591644287, 0.9074000120162964, 0.9088333249092102, 0.9100833535194397, 0.9113666415214539, 0.9126666784286499, 0.913183331489563, 0.914566695690155, 0.914900004863739, 0.9158166646957397, 0.9165499806404114, 0.9168499708175659, 0.9171833395957947, 0.9176333546638489], "val_loss": [0.48046714067459106, 0.4002806842327118, 0.36683177947998047, 0.3483469784259796, 0.33548709750175476, 0.3260635733604431, 0.31885412335395813, 0.31356605887413025, 0.3090442717075348, 0.3056323826313019, 0.3026847541332245, 0.2989984452724457, 0.2975204885005951, 0.29472067952156067, 0.2936375141143799, 0.29142066836357117, 0.29000356793403625, 0.28813037276268005, 0.28779295086860657, 0.28690555691719055], "val_accuracy": [0.8799999952316284, 0.8942000269889832, 0.9020000100135803, 0.9053999781608582, 0.9089999794960022, 0.9103999733924866, 0.9132000207901001, 0.9140999913215637, 0.9150999784469604, 0.9154000282287598, 0.9165999889373779, 0.9174000024795532, 0.9182999730110168, 0.9185000061988831, 0.9174000024795532, 0.9186999797821045, 0.9185000061988831, 0.9203000068664551, 0.920199990272522, 0.9199000000953674]}