{"loss": [0.20589323341846466, 0.11351466923952103, 0.09601912647485733, 0.09456057101488113, 0.0880570113658905, 0.08425556868314743, 0.08548974245786667, 0.07986725121736526, 0.07257208973169327, 0.07158121466636658], "accuracy": [0.9365833401679993, 0.9663666486740112, 0.9719666838645935, 0.9734500050544739, 0.9753000140190125, 0.9767666459083557, 0.9769999980926514, 0.9783999919891357, 0.9804166555404663, 0.9815166592597961], "val_loss": [0.11129303276538849, 0.12471722066402435, 0.10536953061819077, 0.1167229637503624, 0.08519840985536575, 0.10077124834060669, 0.11344831436872482, 0.1105729341506958, 0.08678584545850754, 0.10038826614618301], "val_accuracy": [0.9670000076293945, 0.9639999866485596, 0.9711999893188477, 0.9697999954223633, 0.9763000011444092, 0.9743000268936157, 0.9717000126838684, 0.9732000231742859, 0.9799000024795532, 0.9750000238418579]}