{"loss": [0.1369674950838089, 0.05977597087621689, 0.04630142077803612, 0.03794032707810402, 0.03312528133392334, 0.02937987819314003, 0.031692199409008026, 0.028929799795150757, 0.025244638323783875, 0.02639324776828289], "accuracy": [0.9576166868209839, 0.9817666411399841, 0.9851666688919067, 0.9886166453361511, 0.9898333549499512, 0.9913833141326904, 0.991183340549469, 0.9923666715621948, 0.993066668510437, 0.993316650390625], "val_loss": [0.056838762015104294, 0.06268913298845291, 0.055958665907382965, 0.06575573235750198, 0.07596490532159805, 0.08864496648311615, 0.11731025576591492, 0.09690262377262115, 0.12582145631313324, 0.12085484713315964], "val_accuracy": [0.9811000227928162, 0.9805999994277954, 0.9840999841690063, 0.9825999736785889, 0.9828000068664551, 0.9833999872207642, 0.9796000123023987, 0.9843000173568726, 0.9821000099182129, 0.9835000038146973]}