{"loss": [0.1761447638273239, 0.05018042027950287, 0.03654579818248749, 0.02876473031938076, 0.024451639503240585, 0.022191660478711128, 0.021403426304459572, 0.019974716007709503, 0.019869640469551086, 0.018955975770950317], "accuracy": [0.9445833563804626, 0.9848999977111816, 0.9894499778747559, 0.9919333457946777, 0.993233323097229, 0.9938166737556458, 0.9945833086967468, 0.9950000047683716, 0.9951000213623047, 0.9956833124160767], "val_loss": [0.064692422747612, 0.037005335092544556, 0.04412735626101494, 0.06212002411484718, 0.08348016440868378, 0.08424828946590424, 0.07799839228391647, 0.06261985003948212, 0.08317278325557709, 0.10937387496232986], "val_accuracy": [0.9812999963760376, 0.989300012588501, 0.9872000217437744, 0.9878000020980835, 0.9872000217437744, 0.9839000105857849, 0.9873999953269958, 0.9897000193595886, 0.9894999861717224, 0.9901999831199646]}