{"loss": [6.272691249847412, 0.1749040186405182, 0.1786026954650879, 0.18601536750793457, 0.18894977867603302, 0.17067848145961761, 0.17839713394641876, 0.17419232428073883, 0.1738528162240982, 0.19103673100471497, 0.19536828994750977, 0.19772478938102722, 0.20647366344928741, 0.2205498218536377, 0.21175070106983185, 0.22449716925621033, 0.23225204646587372, 0.23265083134174347, 0.23929208517074585, 0.3190920352935791], "accuracy": [0.9061999917030334, 0.9586833119392395, 0.9589999914169312, 0.9580000042915344, 0.9580166935920715, 0.9602000117301941, 0.9607999920845032, 0.9596499800682068, 0.9594666957855225, 0.9578999876976013, 0.9585000276565552, 0.9587666392326355, 0.9556000232696533, 0.955133318901062, 0.9546999931335449, 0.9552833437919617, 0.9542499780654907, 0.9544666409492493, 0.956849992275238, 0.95291668176651], "val_loss": [0.1733781397342682, 0.15516377985477448, 0.1641848087310791, 0.12980496883392334, 0.1746811866760254, 0.14906321465969086, 0.24390853941440582, 0.1576402485370636, 0.13255444169044495, 0.26717182993888855, 0.26611360907554626, 0.19272075593471527, 0.2545902729034424, 0.16894495487213135, 0.19859519600868225, 0.23108793795108795, 0.38196298480033875, 0.24827706813812256, 0.31003639101982117, 0.14002539217472076], "val_accuracy": [0.9485999941825867, 0.9624999761581421, 0.9613000154495239, 0.9678000211715698, 0.961899995803833, 0.963100016117096, 0.9491999745368958, 0.96670001745224, 0.9690999984741211, 0.9611999988555908, 0.9656000137329102, 0.945900022983551, 0.95169997215271, 0.963100016117096, 0.9731000065803528, 0.9456999897956848, 0.8805000185966492, 0.965399980545044, 0.9380999803543091, 0.972100019454956]}