{"loss": [0.24967586994171143, 0.08553583174943924, 0.06201677396893501, 0.0491991862654686, 0.04036087170243263, 0.034301966428756714, 0.03018578328192234, 0.025168024003505707, 0.022076085209846497, 0.01965974271297455], "accuracy": [0.9265499711036682, 0.9744333624839783, 0.9809666872024536, 0.9854166507720947, 0.9881333112716675, 0.9897333383560181, 0.9910666942596436, 0.9927999973297119, 0.9932166934013367, 0.9942666888237], "val_loss": [0.09456084668636322, 0.06974400579929352, 0.060098882764577866, 0.05395500361919403, 0.04807505011558533, 0.05433270335197449, 0.05861303210258484, 0.05885171517729759, 0.052093494683504105, 0.05451186001300812], "val_accuracy": [0.9714999794960022, 0.9781000018119812, 0.980400025844574, 0.982200026512146, 0.9843999743461609, 0.9836000204086304, 0.9807999730110168, 0.9830999970436096, 0.9861000180244446, 0.9850000143051147]}