{"loss": [0.3557336926460266, 0.3066934645175934, 0.29908517003059387, 0.2959594428539276, 0.2887741029262543, 0.2908433675765991, 0.2900683879852295, 0.2837805151939392, 0.2899470925331116, 0.28450852632522583, 0.2872283458709717, 0.282118558883667, 0.28007104992866516, 0.2824689745903015, 0.27981945872306824, 0.2818461060523987, 0.280152827501297, 0.27975526452064514, 0.27318233251571655, 0.27722516655921936], "accuracy": [0.897433340549469, 0.914650022983551, 0.9189500212669373, 0.9193666577339172, 0.9205166697502136, 0.9211000204086304, 0.9211333394050598, 0.9219666719436646, 0.9208666682243347, 0.9228166937828064, 0.9211666584014893, 0.9233999848365784, 0.9223166704177856, 0.9232333302497864, 0.9230333566665649, 0.9231333136558533, 0.9230833053588867, 0.923466682434082, 0.9240166544914246, 0.9235166907310486], "val_loss": [0.313179612159729, 0.31685543060302734, 0.30507782101631165, 0.30375975370407104, 0.33272191882133484, 0.3283405900001526, 0.35285478830337524, 0.32008206844329834, 0.31948429346084595, 0.35086795687675476, 0.3345906734466553, 0.3491160273551941, 0.33242183923721313, 0.3617852032184601, 0.34693995118141174, 0.342239111661911, 0.3933769762516022, 0.3438331186771393, 0.34669339656829834, 0.3482213616371155], "val_accuracy": [0.9121000170707703, 0.9157000184059143, 0.9199000000953674, 0.9205999970436096, 0.9146999716758728, 0.9175000190734863, 0.909600019454956, 0.9194999933242798, 0.9182999730110168, 0.9104999899864197, 0.9156000018119812, 0.9070000052452087, 0.9222000241279602, 0.9108999967575073, 0.9200000166893005, 0.9194999933242798, 0.9000999927520752, 0.919700026512146, 0.9186000227928162, 0.9190999865531921]}