{"loss": [0.3878247141838074, 0.37070178985595703, 0.37364959716796875, 0.3768962025642395, 0.3813363313674927, 0.38178399205207825, 0.383799284696579, 0.3849353790283203, 0.3880958557128906, 0.39048394560813904, 0.3919042944908142, 0.3896283507347107, 0.3932966887950897, 0.3941642940044403, 0.3958776891231537, 0.3942314684391022, 0.3965916633605957, 0.39786726236343384, 0.3995310664176941, 0.39796918630599976], "accuracy": [0.8962166905403137, 0.911633312702179, 0.915149986743927, 0.9158166646957397, 0.9171000123023987, 0.91839998960495, 0.9166333079338074, 0.9184166789054871, 0.9187833070755005, 0.9194333553314209, 0.9193999767303467, 0.9200999736785889, 0.9192000031471252, 0.9189000129699707, 0.9202166795730591, 0.9195166826248169, 0.9207333326339722, 0.9199666380882263, 0.919866681098938, 0.9202333092689514], "val_loss": [0.37491631507873535, 0.3503737449645996, 0.43619829416275024, 0.39361369609832764, 0.4189818501472473, 0.4231974482536316, 0.43201419711112976, 0.4575057029724121, 0.4480017125606537, 0.4423762261867523, 0.5059912800788879, 0.4392598569393158, 0.4631170928478241, 0.4922463893890381, 0.4714060127735138, 0.5012982487678528, 0.4722253382205963, 0.4794079065322876, 0.4630749523639679, 0.4853605031967163], "val_accuracy": [0.9097999930381775, 0.9229000210762024, 0.9049000144004822, 0.9164999723434448, 0.916100025177002, 0.9144999980926514, 0.9164000153541565, 0.9128000140190125, 0.9168999791145325, 0.913100004196167, 0.9027000069618225, 0.9205999970436096, 0.9138000011444092, 0.9082000255584717, 0.9158999919891357, 0.9025999903678894, 0.9182999730110168, 0.9178000092506409, 0.9162999987602234, 0.9121000170707703]}