{"loss": [0.3713957965373993, 0.32881593704223633, 0.3268362879753113, 0.3267080783843994, 0.3254818916320801, 0.32641515135765076, 0.3264378011226654, 0.32704979181289673, 0.32530856132507324, 0.32799232006073, 0.3262684643268585, 0.3274422585964203, 0.32776641845703125, 0.32580018043518066, 0.33022570610046387, 0.329486221075058, 0.3281868100166321, 0.3284015357494354, 0.3279876410961151, 0.32932591438293457], "accuracy": [0.8955666422843933, 0.9141166806221008, 0.9179666638374329, 0.9186499714851379, 0.919700026512146, 0.9206833243370056, 0.9211166501045227, 0.9217666387557983, 0.9215333461761475, 0.9214833378791809, 0.9210333228111267, 0.9215166568756104, 0.9224333167076111, 0.9237333536148071, 0.921916663646698, 0.9229999780654907, 0.9233166575431824, 0.9226499795913696, 0.9231333136558533, 0.9234166741371155], "val_loss": [0.3081403970718384, 0.3196653425693512, 0.3399452567100525, 0.3420509099960327, 0.34917452931404114, 0.37256714701652527, 0.3524603843688965, 0.40573763847351074, 0.37639808654785156, 0.37508976459503174, 0.3794400095939636, 0.40199998021125793, 0.39145079255104065, 0.3916495740413666, 0.3793559670448303, 0.39416611194610596, 0.3980558216571808, 0.42027807235717773, 0.4278997480869293, 0.41886743903160095], "val_accuracy": [0.9207000136375427, 0.921500027179718, 0.9185000061988831, 0.9182000160217285, 0.9200000166893005, 0.9190999865531921, 0.9178000092506409, 0.9053999781608582, 0.9140999913215637, 0.9189000129699707, 0.9174000024795532, 0.9129999876022339, 0.9151999950408936, 0.9182000160217285, 0.920799970626831, 0.9175000190734863, 0.91839998960495, 0.9085000157356262, 0.9124000072479248, 0.9121000170707703]}