{"loss": [0.34988346695899963, 0.19268687069416046, 0.15603189170360565, 0.1342313140630722, 0.12111062556505203, 0.1117389127612114, 0.10525359958410263, 0.09903767704963684, 0.09418334066867828, 0.09004733711481094], "accuracy": [0.9025833606719971, 0.9444000124931335, 0.95496666431427, 0.9619500041007996, 0.9655666947364807, 0.968999981880188, 0.9705333113670349, 0.972683310508728, 0.974133312702179, 0.9757833480834961], "val_loss": [0.21558667719364166, 0.17708957195281982, 0.15018950402736664, 0.13606388866901398, 0.13199879229068756, 0.12442153692245483, 0.1262083798646927, 0.12160417437553406, 0.12000339478254318, 0.12264396995306015], "val_accuracy": [0.9388999938964844, 0.9490000009536743, 0.9564999938011169, 0.9614999890327454, 0.9650999903678894, 0.9667999744415283, 0.96670001745224, 0.9700999855995178, 0.9706000089645386, 0.9692999720573425]}