{"loss": [0.1386432647705078, 0.04585060849785805, 0.027996530756354332, 0.01937040314078331, 0.012303655967116356, 0.0092415576800704, 0.006687987130135298, 0.0059024919755756855, 0.004446744453161955, 0.0038179908879101276, 0.004121496807783842, 0.0018883261363953352, 0.004846281372010708, 0.0023621709551662207, 0.0021959503646939993, 0.0027632717974483967, 0.0019889171235263348, 0.0013864770298823714, 0.002943521598353982, 0.0018297542119398713], "accuracy": [0.9575499892234802, 0.98580002784729, 0.9911666512489319, 0.9936833381652832, 0.9961333274841309, 0.9970666766166687, 0.997866690158844, 0.9980499744415283, 0.9985166788101196, 0.9986000061035156, 0.9984166622161865, 0.9994500279426575, 0.9983833432197571, 0.9991833567619324, 0.9993833303451538, 0.9990500211715698, 0.9992833137512207, 0.9995499849319458, 0.9990000128746033, 0.9994166493415833], "val_loss": [0.060245905071496964, 0.046846840530633926, 0.04377148300409317, 0.0459427535533905, 0.044489555060863495, 0.052120305597782135, 0.05126597359776497, 0.047271471470594406, 0.059319376945495605, 0.05040852725505829, 0.06129840761423111, 0.06775403767824173, 0.06311293691396713, 0.05823895335197449, 0.057540204375982285, 0.06196867674589157, 0.08954137563705444, 0.07818640023469925, 0.06538240611553192, 0.06219431012868881], "val_accuracy": [0.9794999957084656, 0.9848999977111816, 0.986299991607666, 0.98580002784729, 0.9864000082015991, 0.9871000051498413, 0.986299991607666, 0.9878000020980835, 0.98580002784729, 0.988099992275238, 0.9865000247955322, 0.9879000186920166, 0.9871000051498413, 0.9890999794006348, 0.988099992275238, 0.9878000020980835, 0.9855999946594238, 0.9861999750137329, 0.9878000020980835, 0.9887999892234802]}