{"loss": [0.3588075339794159, 0.3119332790374756, 0.2993498146533966, 0.2956332862377167, 0.2948625981807709, 0.29136109352111816, 0.2884490489959717, 0.28676390647888184, 0.28489920496940613, 0.2818581163883209, 0.283517062664032, 0.2878522276878357, 0.28179070353507996, 0.28392112255096436, 0.2805648446083069, 0.2793733477592468, 0.2813500761985779, 0.2781728208065033, 0.27718862891197205, 0.2783311605453491], "accuracy": [0.8967499732971191, 0.9141833186149597, 0.916616678237915, 0.9200833439826965, 0.9197499752044678, 0.9210333228111267, 0.9208166599273682, 0.9213666915893555, 0.9230833053588867, 0.9227499961853027, 0.9218833446502686, 0.9213666915893555, 0.9224500060081482, 0.9217000007629395, 0.9233666658401489, 0.9229666590690613, 0.9228333234786987, 0.9244166612625122, 0.9237833619117737, 0.9244333505630493], "val_loss": [0.30712127685546875, 0.291500449180603, 0.3223876655101776, 0.31709444522857666, 0.3109589219093323, 0.3280857801437378, 0.3289962112903595, 0.35073351860046387, 0.3280738592147827, 0.3285435438156128, 0.34901487827301025, 0.34557491540908813, 0.3354279398918152, 0.35476523637771606, 0.3408723771572113, 0.33428171277046204, 0.3455725908279419, 0.3488525450229645, 0.3978561460971832, 0.3428209722042084], "val_accuracy": [0.9162999987602234, 0.9214000105857849, 0.9168000221252441, 0.9192000031471252, 0.9190999865531921, 0.9146000146865845, 0.9150000214576721, 0.909500002861023, 0.9186000227928162, 0.9168999791145325, 0.9160000085830688, 0.9158999919891357, 0.920199990272522, 0.9126999974250793, 0.9182999730110168, 0.9186999797821045, 0.9182000160217285, 0.9143000245094299, 0.9061999917030334, 0.9176999926567078]}