{"loss": [0.17741484940052032, 0.0697004646062851, 0.05641418322920799, 0.04894762486219406, 0.043258216232061386, 0.043909452855587006, 0.034839097410440445, 0.03077371045947075, 0.0266707856208086, 0.026270383968949318, 0.027281921356916428, 0.01999463327229023, 0.021415194496512413, 0.014406231231987476, 0.014566246420145035, 0.014101434499025345, 0.010718759149312973, 0.01298882719129324, 0.011752881109714508, 0.011351113207638264], "accuracy": [0.9536833167076111, 0.9807000160217285, 0.9857166409492493, 0.9880333542823792, 0.9890666604042053, 0.9895166754722595, 0.9908499717712402, 0.9929333329200745, 0.9936666488647461, 0.9943333268165588, 0.9950833320617676, 0.9958333373069763, 0.9964166879653931, 0.9973000288009644, 0.9975166916847229, 0.9977333545684814, 0.9979166388511658, 0.998116672039032, 0.9983166456222534, 0.9987166523933411], "val_loss": [0.07042748481035233, 0.09722449630498886, 0.10182076692581177, 0.14081278443336487, 0.09897367656230927, 0.1228104755282402, 0.14302992820739746, 0.10787556320428848, 0.14329367876052856, 0.20485073328018188, 0.12546439468860626, 0.1772216260433197, 0.16307955980300903, 0.2219022661447525, 0.1874360591173172, 0.2903345823287964, 0.24477365612983704, 0.3533186614513397, 0.367845743894577, 0.39102602005004883], "val_accuracy": [0.9779999852180481, 0.9797000288963318, 0.9790999889373779, 0.9764999747276306, 0.9797999858856201, 0.9811000227928162, 0.9807000160217285, 0.9800999760627747, 0.982699990272522, 0.9787999987602234, 0.9832000136375427, 0.982200026512146, 0.9836000204086304, 0.9819999933242798, 0.9805999994277954, 0.9830999970436096, 0.9839000105857849, 0.9793999791145325, 0.9829000234603882, 0.9825999736785889]}