{"loss": [0.35967931151390076, 0.3069126009941101, 0.30143818259239197, 0.2958422899246216, 0.29519352316856384, 0.2888804078102112, 0.2882777452468872, 0.28610485792160034, 0.2867036759853363, 0.283899188041687], "accuracy": [0.8984000086784363, 0.9149666428565979, 0.9157999753952026, 0.9187833070755005, 0.9185333251953125, 0.9206833243370056, 0.9208999872207642, 0.9217333197593689, 0.9210666418075562, 0.9223833084106445], "val_loss": [0.32758644223213196, 0.32345107197761536, 0.31271955370903015, 0.30448222160339355, 0.3152312636375427, 0.3196876347064972, 0.3477461040019989, 0.3133082985877991, 0.3275524377822876, 0.3506200611591339], "val_accuracy": [0.9088000059127808, 0.9158999919891357, 0.9153000116348267, 0.9240999817848206, 0.9162999987602234, 0.9193000197410583, 0.9061999917030334, 0.9225000143051147, 0.916700005531311, 0.9139000177383423]}