{"loss": [0.21177078783512115, 0.09659096598625183, 0.08757685869932175, 0.08097857981920242, 0.07697055488824844, 0.07012500613927841, 0.07260062545537949, 0.06985493749380112, 0.07006203383207321, 0.06744654476642609, 0.06978771835565567, 0.06629585474729538, 0.06450934708118439, 0.056522998958826065, 0.07027199119329453, 0.06436815112829208, 0.06249641254544258, 0.06316205859184265, 0.06127260997891426, 0.07062799483537674], "accuracy": [0.9343500137329102, 0.9726166725158691, 0.9751333594322205, 0.9780499935150146, 0.9799333214759827, 0.9819666743278503, 0.9818000197410583, 0.9829166531562805, 0.9838666915893555, 0.9845666885375977, 0.9843833446502686, 0.9853833317756653, 0.9856833219528198, 0.9879166483879089, 0.9852833151817322, 0.9856833219528198, 0.9876333475112915, 0.9872000217437744, 0.9870833158493042, 0.9856166839599609], "val_loss": [0.08918777108192444, 0.122691310942173, 0.11307665705680847, 0.09589376300573349, 0.0869394987821579, 0.09305832535028458, 0.08539876341819763, 0.11266584694385529, 0.08923105150461197, 0.109341561794281, 0.10948651283979416, 0.10487321764230728, 0.11324247717857361, 0.10439591109752655, 0.09933626651763916, 0.10990781337022781, 0.14069058001041412, 0.1185402125120163, 0.1890460103750229, 0.12124931812286377], "val_accuracy": [0.9735000133514404, 0.965399980545044, 0.9703999757766724, 0.9735000133514404, 0.9785000085830688, 0.9797000288963318, 0.9822999835014343, 0.9786999821662903, 0.9807999730110168, 0.9747999906539917, 0.9797999858856201, 0.9807999730110168, 0.9803000092506409, 0.9800999760627747, 0.9793000221252441, 0.9800000190734863, 0.979200005531311, 0.9800000190734863, 0.9753999710083008, 0.9787999987602234]}