{"loss": [0.9985857605934143, 0.5558491945266724, 0.4744942784309387, 0.4350554347038269, 0.41058847308158875, 0.39357051253318787, 0.3807885944843292, 0.3706865608692169, 0.36252620816230774, 0.35564687848091125], "accuracy": [0.7692999839782715, 0.8643500208854675, 0.8777499794960022, 0.885450005531311, 0.8899499773979187, 0.8938999772071838, 0.8963333368301392, 0.8988333344459534, 0.900600016117096, 0.9022833108901978], "val_loss": [0.6042281985282898, 0.4778566062450409, 0.4272688329219818, 0.3987910747528076, 0.3796142637729645, 0.3660319149494171, 0.3558540642261505, 0.3477928042411804, 0.3406085968017578, 0.33490699529647827], "val_accuracy": [0.8610000014305115, 0.8833000063896179, 0.8917999863624573, 0.8953999876976013, 0.9002000093460083, 0.9027000069618225, 0.9052000045776367, 0.9067999720573425, 0.9104999899864197, 0.9107999801635742]}