{"loss": [0.777978241443634, 0.4564068615436554, 0.4035961627960205, 0.37711432576179504, 0.36020994186401367, 0.348478764295578, 0.3394032418727875, 0.33214452862739563, 0.3262748122215271, 0.32135021686553955], "accuracy": [0.8123000264167786, 0.8795499801635742, 0.8907333612442017, 0.8967666625976562, 0.9005833268165588, 0.903083324432373, 0.9057999849319458, 0.9074166417121887, 0.9089333415031433, 0.9101666808128357], "val_loss": [0.4802066385746002, 0.40035778284072876, 0.3673590123653412, 0.34925463795661926, 0.33581408858299255, 0.3276425302028656, 0.32006627321243286, 0.31413522362709045, 0.31003329157829285, 0.3069155812263489], "val_accuracy": [0.8806999921798706, 0.8968999981880188, 0.9010999798774719, 0.9052000045776367, 0.9079999923706055, 0.9110000133514404, 0.9126999974250793, 0.9140999913215637, 0.9150000214576721, 0.9158999919891357]}