{"loss": [0.32351160049438477, 0.06516201794147491, 0.05275421217083931, 0.04260968789458275, 0.03964855521917343, 0.03141746670007706, 0.029404371976852417, 0.029006222262978554, 0.028359953314065933, 0.02204332873225212], "accuracy": [0.9535166621208191, 0.9823833107948303, 0.9855666756629944, 0.9890499711036682, 0.9897333383560181, 0.9922500252723694, 0.9927833080291748, 0.9933666586875916, 0.9936000108718872, 0.9947666525840759], "val_loss": [0.07374665886163712, 0.06679530441761017, 0.11710493266582489, 0.10358066111803055, 0.0838848128914833, 0.08278807997703552, 0.09583785384893417, 0.09636565297842026, 0.16019311547279358, 0.1805201917886734], "val_accuracy": [0.9790999889373779, 0.9824000000953674, 0.9684000015258789, 0.9817000031471252, 0.9833999872207642, 0.9814000129699707, 0.9775000214576721, 0.982699990272522, 0.9832000136375427, 0.9797999858856201]}