{"loss": [0.18724019825458527, 0.05850696563720703, 0.038120515644550323, 0.027006300166249275, 0.01946110650897026, 0.014370420947670937, 0.010741489008069038, 0.00761419115588069, 0.005792581010609865, 0.004047680180519819, 0.002885956084355712, 0.0020211355295032263, 0.0014763165963813663, 0.001191417803056538, 0.0009751248289830983, 0.0006341568077914417, 0.00039786225534044206, 0.00032351582194678485, 0.0002828684519045055, 0.00014059265959076583], "accuracy": [0.9433333277702332, 0.9820500016212463, 0.9888666868209839, 0.9919499754905701, 0.9944499731063843, 0.9959166646003723, 0.9969833493232727, 0.9977166652679443, 0.998283326625824, 0.9987999796867371, 0.9991499781608582, 0.9995166659355164, 0.9995666742324829, 0.9996500015258789, 0.9996500015258789, 0.999833345413208, 0.9998499751091003, 0.9998666644096375, 0.9998999834060669, 0.9999499917030334], "val_loss": [0.08487402647733688, 0.0476369746029377, 0.04204455763101578, 0.04686038941144943, 0.0430569089949131, 0.04125422239303589, 0.04628399387001991, 0.054382599890232086, 0.05691106617450714, 0.05785132572054863, 0.06194344907999039, 0.0652206689119339, 0.07237046957015991, 0.07059183716773987, 0.08592933416366577, 0.0811338871717453, 0.09704051911830902, 0.08713167160749435, 0.0945720374584198, 0.09850402176380157], "val_accuracy": [0.972100019454956, 0.9835000038146973, 0.9855999946594238, 0.9858999848365784, 0.986299991607666, 0.9873999953269958, 0.9878000020980835, 0.98580002784729, 0.9872000217437744, 0.9872000217437744, 0.9872000217437744, 0.9878000020980835, 0.9865000247955322, 0.9872999787330627, 0.9860000014305115, 0.9873999953269958, 0.9872000217437744, 0.9866999983787537, 0.9869999885559082, 0.9871000051498413]}