{"loss": [0.2866746783256531, 0.1056361272931099, 0.08819548040628433, 0.08558136969804764, 0.07518848776817322, 0.07410036027431488, 0.07646381109952927, 0.07032934576272964, 0.06929167360067368, 0.06569197028875351], "accuracy": [0.9121666550636292, 0.9702666401863098, 0.9758333563804626, 0.9762499928474426, 0.9789999723434448, 0.9798666834831238, 0.978950023651123, 0.9812166690826416, 0.9817833304405212, 0.982616662979126], "val_loss": [0.11563797295093536, 0.09240072220563889, 0.1123669221997261, 0.10683382302522659, 0.09083287417888641, 0.08929856866598129, 0.1053471788764, 0.11270522326231003, 0.103001169860363, 0.11004702001810074], "val_accuracy": [0.9666000008583069, 0.9745000004768372, 0.974399983882904, 0.974399983882904, 0.9779999852180481, 0.9764999747276306, 0.9765999913215637, 0.9735000133514404, 0.9789000153541565, 0.9761999845504761]}