{"loss": [0.27702823281288147, 0.1333089917898178, 0.10232720524072647, 0.08377798646688461, 0.07231137901544571, 0.06492520123720169, 0.05860001966357231, 0.05375510826706886, 0.04911508783698082, 0.04562011733651161], "accuracy": [0.9199166893959045, 0.9598666429519653, 0.9695666432380676, 0.9750833511352539, 0.9794666767120361, 0.9817833304405212, 0.9827333092689514, 0.9850833415985107, 0.9862833619117737, 0.9873166680335999], "val_loss": [0.15479598939418793, 0.11029553413391113, 0.0996723622083664, 0.10450273752212524, 0.1102796122431755, 0.1072596088051796, 0.10607966035604477, 0.1171572357416153, 0.107891745865345, 0.12069849669933319], "val_accuracy": [0.9521999955177307, 0.9659000039100647, 0.9699000120162964, 0.9710999727249146, 0.970300018787384, 0.9729999899864197, 0.9735000133514404, 0.973800003528595, 0.9758999943733215, 0.9733999967575073]}