{"loss": [0.5040234327316284, 0.3106042444705963, 0.2902461290359497, 0.2810075283050537, 0.2755529284477234, 0.2716638147830963, 0.2694437801837921, 0.2672514319419861, 0.26609551906585693, 0.2646709084510803], "accuracy": [0.870199978351593, 0.9129999876022339, 0.9191166758537292, 0.9223999977111816, 0.923799991607666, 0.9264166951179504, 0.9276666641235352, 0.9283499717712402, 0.9286166429519653, 0.9292500019073486], "val_loss": [0.3146931231021881, 0.2863818407058716, 0.27942758798599243, 0.2746466100215912, 0.2736438810825348, 0.2744300961494446, 0.2763051390647888, 0.2754693925380707, 0.2751293182373047, 0.28041747212409973], "val_accuracy": [0.9124000072479248, 0.920799970626831, 0.9244999885559082, 0.925000011920929, 0.9265999794006348, 0.9265000224113464, 0.9261999726295471, 0.9275000095367432, 0.9264000058174133, 0.923799991607666]}