{"loss": [0.3358958065509796, 0.12043974548578262, 0.08238086849451065, 0.06509096175432205, 0.054781295359134674, 0.04896332696080208, 0.04239501804113388, 0.03807730972766876, 0.03412925451993942, 0.029729126021265984, 0.026786956936120987, 0.023667480796575546, 0.02022964507341385, 0.018147461116313934, 0.01600600779056549, 0.01414504460990429, 0.011781485751271248, 0.011312257498502731, 0.00986834242939949, 0.008356890641152859], "accuracy": [0.9038166403770447, 0.965149998664856, 0.9759500026702881, 0.9808333516120911, 0.9838166832923889, 0.9850333333015442, 0.9872333407402039, 0.9883166551589966, 0.9899500012397766, 0.9909499883651733, 0.9918166399002075, 0.9929666519165039, 0.9934499859809875, 0.9943000078201294, 0.9949333071708679, 0.9958666563034058, 0.9966333508491516, 0.9964333176612854, 0.996916651725769, 0.9977499842643738], "val_loss": [0.14520975947380066, 0.09252361208200455, 0.07358943670988083, 0.06268709152936935, 0.055203698575496674, 0.05470005050301552, 0.05685366317629814, 0.051540032029151917, 0.05621043220162392, 0.051791004836559296, 0.05006513372063637, 0.052940692752599716, 0.05162206292152405, 0.05537869408726692, 0.053976692259311676, 0.061305638402700424, 0.05714479833841324, 0.05853370204567909, 0.059317901730537415, 0.06281892210245132], "val_accuracy": [0.9581000208854675, 0.9707000255584717, 0.9757000207901001, 0.9793000221252441, 0.9817000031471252, 0.98089998960495, 0.9811999797821045, 0.983299970626831, 0.9825000166893005, 0.9828000068664551, 0.984000027179718, 0.983299970626831, 0.9825999736785889, 0.9839000105857849, 0.9830999970436096, 0.9814000129699707, 0.9840999841690063, 0.9829000234603882, 0.9835000038146973, 0.9835000038146973]}