{"loss": [0.14631375670433044, 0.050034575164318085, 0.033633939921855927, 0.02244384214282036, 0.016170134767889977, 0.011647429317235947, 0.009725475683808327, 0.007328168023377657, 0.0060761491768062115, 0.0036156035494059324, 0.004300997126847506, 0.005096236243844032, 0.0030900551937520504, 0.004093110095709562, 0.0040428959764540195, 0.00045637678704224527, 0.006641333922743797, 0.0015915483236312866, 0.0017391458386555314, 0.0034758569672703743], "accuracy": [0.9574333429336548, 0.9849666953086853, 0.989216685295105, 0.9930333495140076, 0.9947666525840759, 0.9961166381835938, 0.996666669845581, 0.9976166486740112, 0.9976999759674072, 0.9989166855812073, 0.9985833168029785, 0.9984833598136902, 0.9988833069801331, 0.9987833499908447, 0.9987333416938782, 0.999916672706604, 0.997866690158844, 0.9994333386421204, 0.9993833303451538, 0.9989500045776367], "val_loss": [0.05937207490205765, 0.06481976062059402, 0.05384152755141258, 0.04525350034236908, 0.04776129499077797, 0.056180689483881, 0.06650113314390182, 0.05369201675057411, 0.06634782999753952, 0.06597542017698288, 0.06272362917661667, 0.06299301236867905, 0.06572263687849045, 0.07302404940128326, 0.05734321475028992, 0.07625789195299149, 0.06409682333469391, 0.07039609551429749, 0.08360130339860916, 0.07837197184562683], "val_accuracy": [0.9811000227928162, 0.9794999957084656, 0.9830999970436096, 0.9858999848365784, 0.9861000180244446, 0.9847999811172485, 0.9821000099182129, 0.9850999712944031, 0.984499990940094, 0.9858999848365784, 0.9878000020980835, 0.9868999719619751, 0.9866999983787537, 0.9858999848365784, 0.9894999861717224, 0.9861000180244446, 0.9873999953269958, 0.9879999756813049, 0.9855999946594238, 0.9865000247955322]}