{"loss": [0.1726934313774109, 0.06303226947784424, 0.050437603145837784, 0.04350855574011803, 0.03784969076514244, 0.03298729285597801, 0.029222916811704636, 0.026543058454990387, 0.023540053516626358, 0.02020619437098503], "accuracy": [0.9511833190917969, 0.9821000099182129, 0.9861500263214111, 0.9887666702270508, 0.9900833368301392, 0.9917833209037781, 0.9926166534423828, 0.9938833117485046, 0.9943666458129883, 0.9957166910171509], "val_loss": [0.0977230817079544, 0.08110204339027405, 0.07988942414522171, 0.08322135359048843, 0.08080916851758957, 0.15959562361240387, 0.10266081243753433, 0.14986959099769592, 0.11915760487318039, 0.17236363887786865], "val_accuracy": [0.9714000225067139, 0.9797000288963318, 0.980400025844574, 0.980400025844574, 0.9811999797821045, 0.9732000231742859, 0.98089998960495, 0.9811999797821045, 0.9829000234603882, 0.9818999767303467]}