{"loss": [0.35684359073638916, 0.30989280343055725, 0.2996220588684082, 0.29613468050956726, 0.2939692437648773, 0.2918676733970642, 0.2880009114742279, 0.286878764629364, 0.28475862741470337, 0.2837314307689667, 0.2866377532482147, 0.2813068926334381, 0.2807044982910156, 0.2823607325553894, 0.2779618203639984, 0.28189098834991455, 0.27918192744255066, 0.2781188488006592, 0.28211039304733276, 0.2793288826942444], "accuracy": [0.8984500169754028, 0.9144666790962219, 0.9178833365440369, 0.9186499714851379, 0.9192166924476624, 0.9205499887466431, 0.9220333099365234, 0.9225833415985107, 0.9218166470527649, 0.9226166605949402, 0.9209666848182678, 0.9233333468437195, 0.923383355140686, 0.92371666431427, 0.9230666756629944, 0.9232000112533569, 0.9240666627883911, 0.9257333278656006, 0.9221500158309937, 0.9237333536148071], "val_loss": [0.30761387944221497, 0.30371490120887756, 0.32612720131874084, 0.3243386745452881, 0.34403255581855774, 0.3376493453979492, 0.3563683331012726, 0.3171882629394531, 0.34525784850120544, 0.3216916024684906, 0.3374503552913666, 0.32440462708473206, 0.3289482891559601, 0.32952117919921875, 0.339049756526947, 0.3785816729068756, 0.3513515889644623, 0.36102113127708435, 0.35951486229896545, 0.36036837100982666], "val_accuracy": [0.9103000164031982, 0.9176999926567078, 0.9128000140190125, 0.9136000275611877, 0.9136999845504761, 0.9121000170707703, 0.9110000133514404, 0.9197999835014343, 0.9139999747276306, 0.9211000204086304, 0.9186999797821045, 0.9214000105857849, 0.920799970626831, 0.9222999811172485, 0.9187999963760376, 0.9107999801635742, 0.9168999791145325, 0.9104999899864197, 0.9124000072479248, 0.9110000133514404]}