{"loss": [2.268955707550049, 2.0354387760162354, 1.4370821714401245, 0.9431301951408386, 0.7125664949417114, 0.5951098203659058, 0.5163089632987976, 0.4591783881187439, 0.41699424386024475, 0.38551872968673706], "accuracy": [0.18209999799728394, 0.4041999876499176, 0.6003666520118713, 0.7368833422660828, 0.7926166653633118, 0.8276500105857849, 0.8519166707992554, 0.8671333193778992, 0.8792166709899902, 0.8878333568572998], "val_loss": [2.20284366607666, 1.7574195861816406, 1.1115893125534058, 0.7718469500541687, 0.622680127620697, 0.5333148837089539, 0.47053954005241394, 0.42474642395973206, 0.38943082094192505, 0.3649345636367798], "val_accuracy": [0.2872999906539917, 0.4880000054836273, 0.6966999769210815, 0.7724000215530396, 0.8187000155448914, 0.8453999757766724, 0.8644000291824341, 0.8766000270843506, 0.8865000009536743, 0.8931000232696533]}