{"loss": [0.11806926876306534, 0.039293404668569565, 0.02177347056567669, 0.013067154213786125, 0.011059490032494068, 0.007606692146509886, 0.0064398725517094135, 0.0034482073970139027, 0.006071398034691811, 0.00453383382409811, 0.003191970754414797, 0.003833231283351779, 0.00274285557679832, 0.0026721779722720385, 0.0034538344480097294, 0.001725603244267404, 0.002719851676374674, 0.003784978063777089, 0.0017833408201113343, 0.002592860721051693], "accuracy": [0.9643333554267883, 0.987583339214325, 0.9929666519165039, 0.9957833290100098, 0.9960333108901978, 0.9976000189781189, 0.9976000189781189, 0.9988833069801331, 0.9980666637420654, 0.9984833598136902, 0.9990833401679993, 0.9986166954040527, 0.9990333318710327, 0.9991499781608582, 0.9988666772842407, 0.9994500279426575, 0.9991499781608582, 0.9987666606903076, 0.9994666576385498, 0.9991999864578247], "val_loss": [0.04932606965303421, 0.04318980872631073, 0.03821635618805885, 0.04593968018889427, 0.06704655289649963, 0.04688091576099396, 0.05741884931921959, 0.054419685155153275, 0.05929505079984665, 0.048094458878040314, 0.0671221986413002, 0.07456320524215698, 0.07402858138084412, 0.08801750093698502, 0.07952923327684402, 0.10749863088130951, 0.08691680431365967, 0.07738903909921646, 0.07204984128475189, 0.0927811712026596], "val_accuracy": [0.9839000105857849, 0.986299991607666, 0.9864000082015991, 0.9872999787330627, 0.9825000166893005, 0.9879000186920166, 0.9853000044822693, 0.9886999726295471, 0.9882000088691711, 0.9878000020980835, 0.9873999953269958, 0.9872999787330627, 0.987500011920929, 0.9850000143051147, 0.9868999719619751, 0.9861000180244446, 0.9868000149726868, 0.9868999719619751, 0.9887999892234802, 0.9872000217437744]}