{"loss": [0.18915289640426636, 0.059285301715135574, 0.038260821253061295, 0.027465932071208954, 0.020331479609012604, 0.014723840169608593, 0.010497909970581532, 0.00749320350587368, 0.004972296301275492, 0.004001941531896591], "accuracy": [0.9426833391189575, 0.982200026512146, 0.9885833263397217, 0.9921666383743286, 0.9941166639328003, 0.9959999918937683, 0.996999979019165, 0.9978166818618774, 0.9985833168029785, 0.9986500144004822], "val_loss": [0.0726945549249649, 0.054790839552879333, 0.04307776317000389, 0.04115748405456543, 0.045621272176504135, 0.040536317974328995, 0.0441618338227272, 0.05478180572390556, 0.060835015028715134, 0.06436985731124878], "val_accuracy": [0.9745000004768372, 0.9828000068664551, 0.98580002784729, 0.9866999983787537, 0.9864000082015991, 0.9883000254631042, 0.9886999726295471, 0.9868000149726868, 0.9872000217437744, 0.9872000217437744]}