{"loss": [1.9357982873916626, 1.2032899856567383, 0.8119800090789795, 0.6479327082633972, 0.5630488395690918, 0.5104840397834778, 0.4743606746196747, 0.4477851986885071, 0.42715299129486084, 0.4105711579322815], "accuracy": [0.39118334650993347, 0.7512166500091553, 0.8215833306312561, 0.8445333242416382, 0.8578833341598511, 0.8680999875068665, 0.875166654586792, 0.8808500170707703, 0.885016679763794, 0.8882666826248169], "val_loss": [1.5090720653533936, 0.9199870228767395, 0.6806303262710571, 0.5707179307937622, 0.5073338747024536, 0.4662105441093445, 0.43664559721946716, 0.4144890010356903, 0.397333025932312, 0.3833894729614258], "val_accuracy": [0.6625999808311462, 0.8125, 0.8456000089645386, 0.8628000020980835, 0.8730999827384949, 0.8806999921798706, 0.8865000009536743, 0.8907999992370605, 0.891700029373169, 0.8948000073432922]}