{"loss": [2.2813146114349365, 0.1513805240392685, 0.15762434899806976, 0.1624007225036621, 0.1687517762184143, 0.18874254822731018, 0.19744521379470825, 0.1955367624759674, 0.2442757785320282, 0.2383938580751419, 0.24959725141525269, 0.2682238519191742, 0.3059108853340149, 0.34415003657341003, 0.36085033416748047, 0.37553107738494873, 0.39080533385276794, 0.4109012484550476, 0.4706425368785858, 0.5026478171348572], "accuracy": [0.909250020980835, 0.9640499949455261, 0.9649333357810974, 0.9650499820709229, 0.9643499851226807, 0.9621333479881287, 0.9627500176429749, 0.9618833065032959, 0.9564833045005798, 0.9576166868209839, 0.9559500217437744, 0.951366662979126, 0.9531166553497314, 0.9478166699409485, 0.9486333131790161, 0.9486166834831238, 0.9454666376113892, 0.9440500140190125, 0.9438999891281128, 0.9301999807357788], "val_loss": [0.14723578095436096, 0.12685322761535645, 0.12219792604446411, 0.15557202696800232, 0.2934514880180359, 0.23757795989513397, 0.32556015253067017, 0.3951112926006317, 0.1990181803703308, 0.14278611540794373, 0.4853779375553131, 0.1884429007768631, 0.7790171504020691, 0.45809388160705566, 0.3379642367362976, 0.511587917804718, 0.27355337142944336, 1.0665233135223389, 0.2605646252632141, 1.5913947820663452], "val_accuracy": [0.9650999903678894, 0.9728000164031982, 0.9674000144004822, 0.9699000120162964, 0.9459999799728394, 0.9660000205039978, 0.9678000211715698, 0.9567000269889832, 0.9650999903678894, 0.9718999862670898, 0.9661999940872192, 0.9648000001907349, 0.953000009059906, 0.957099974155426, 0.9419000148773193, 0.9413999915122986, 0.9628999829292297, 0.8666999936103821, 0.9534000158309937, 0.8920000195503235]}