{"loss": [0.13459518551826477, 0.04760606214404106, 0.0294483695179224, 0.018548013642430305, 0.01401602290570736, 0.010326349176466465, 0.006550664082169533, 0.007228577509522438, 0.004622176289558411, 0.004477787762880325, 0.0045455931685864925, 0.002519268775358796, 0.004018757026642561, 0.0024373482447117567, 0.0036359557416290045, 0.002472413470968604, 0.002685029059648514, 0.002025901572778821, 0.002401371020823717, 0.001237638178281486], "accuracy": [0.9599999785423279, 0.9855999946594238, 0.9906666874885559, 0.9941166639328003, 0.9955166578292847, 0.9963833093643188, 0.997866690158844, 0.9972500205039978, 0.9984833598136902, 0.998449981212616, 0.9983999729156494, 0.9992499947547913, 0.9988166689872742, 0.9992833137512207, 0.9987999796867371, 0.9991499781608582, 0.9991166591644287, 0.9992666840553284, 0.9993500113487244, 0.9995833039283752], "val_loss": [0.06106322631239891, 0.04731461778283119, 0.04254475235939026, 0.0474880114197731, 0.059488892555236816, 0.046765465289354324, 0.05980277806520462, 0.055829375982284546, 0.05530073121190071, 0.059443239122629166, 0.06613706797361374, 0.06792518496513367, 0.055528245866298676, 0.089544378221035, 0.06763165444135666, 0.08343151211738586, 0.08222509175539017, 0.07842104136943817, 0.0732543021440506, 0.08322358876466751], "val_accuracy": [0.9797000288963318, 0.9839000105857849, 0.9853000044822693, 0.9861000180244446, 0.9811000227928162, 0.98580002784729, 0.9848999977111816, 0.9865000247955322, 0.9865999817848206, 0.9879999756813049, 0.9855999946594238, 0.9850000143051147, 0.9883000254631042, 0.9828000068664551, 0.9866999983787537, 0.9858999848365784, 0.9857000112533569, 0.9866999983787537, 0.9876999855041504, 0.9866999983787537]}