{"loss": [0.3579995632171631, 0.306917279958725, 0.2992832660675049, 0.294564813375473, 0.2932511866092682, 0.29012271761894226, 0.2888328433036804, 0.292743444442749, 0.2853662967681885, 0.28152939677238464], "accuracy": [0.8980166912078857, 0.9157333374023438, 0.9180999994277954, 0.9193333387374878, 0.9200166463851929, 0.9207000136375427, 0.9220166802406311, 0.9197166562080383, 0.9215666651725769, 0.9222000241279602], "val_loss": [0.29244282841682434, 0.2979450225830078, 0.29550325870513916, 0.32681897282600403, 0.3204526901245117, 0.32612499594688416, 0.32280194759368896, 0.31478139758110046, 0.3281697928905487, 0.33176928758621216], "val_accuracy": [0.9196000099182129, 0.9200999736785889, 0.9225999712944031, 0.9196000099182129, 0.9133999943733215, 0.9187999963760376, 0.9172000288963318, 0.9223999977111816, 0.9171000123023987, 0.9175999760627747]}