{"loss": [0.1630396991968155, 0.06724325567483902, 0.054024770855903625, 0.04919493943452835, 0.0413861908018589, 0.03832172602415085, 0.033998988568782806, 0.029358679428696632, 0.02508668787777424, 0.02263053134083748], "accuracy": [0.9541333317756653, 0.981249988079071, 0.9859166741371155, 0.987583339214325, 0.9896000027656555, 0.9908499717712402, 0.9923333525657654, 0.9937666654586792, 0.994783341884613, 0.995116651058197], "val_loss": [0.07412870228290558, 0.06565413624048233, 0.06557147949934006, 0.07292535156011581, 0.08614511787891388, 0.10806483030319214, 0.19063302874565125, 0.16876301169395447, 0.1839158833026886, 0.20594125986099243], "val_accuracy": [0.9783999919891357, 0.9832000136375427, 0.9818999767303467, 0.9815999865531921, 0.980400025844574, 0.9789999723434448, 0.9800000190734863, 0.9786999821662903, 0.9817000031471252, 0.9685999751091003]}