{"loss": [0.27090179920196533, 0.08956444263458252, 0.06900839507579803, 0.06011968478560448, 0.051894064992666245, 0.0505954883992672, 0.04687242954969406, 0.04340852424502373, 0.04148058220744133, 0.037988122552633286, 0.03678271546959877, 0.038631875067949295, 0.03591332212090492, 0.03408285230398178, 0.03564539551734924, 0.033188577741384506, 0.03269059211015701, 0.031240709125995636, 0.031119510531425476, 0.03225885331630707], "accuracy": [0.9178000092506409, 0.9740666747093201, 0.9795666933059692, 0.982450008392334, 0.9852499961853027, 0.9858499765396118, 0.987583339214325, 0.9883166551589966, 0.9889500141143799, 0.989716649055481, 0.9904833436012268, 0.9908666610717773, 0.9915500283241272, 0.9920833110809326, 0.9919000267982483, 0.9924333095550537, 0.992816686630249, 0.9930999875068665, 0.9937999844551086, 0.9936000108718872], "val_loss": [0.11435942351818085, 0.10376393795013428, 0.07521653175354004, 0.09207361191511154, 0.08842773735523224, 0.07926817983388901, 0.09034549444913864, 0.08734098821878433, 0.10433455556631088, 0.13076283037662506, 0.12023697793483734, 0.1204490214586258, 0.1836533546447754, 0.1659729927778244, 0.15092796087265015, 0.21567346155643463, 0.2020415961742401, 0.23776032030582428, 0.21681635081768036, 0.23925311863422394], "val_accuracy": [0.9695000052452087, 0.9684000015258789, 0.9800999760627747, 0.9775999784469604, 0.9789000153541565, 0.9818000197410583, 0.982699990272522, 0.9818000197410583, 0.9779999852180481, 0.9775000214576721, 0.9811000227928162, 0.9815000295639038, 0.9768000245094299, 0.9764000177383423, 0.9801999926567078, 0.9769999980926514, 0.9799000024795532, 0.9782000184059143, 0.9779999852180481, 0.9778000116348267]}