{"loss": [2.028078556060791, 1.2531803846359253, 0.7972658276557922, 0.606304943561554, 0.5154910087585449, 0.46365612745285034, 0.42973649501800537, 0.40524521470069885, 0.3864404559135437, 0.3714452385902405], "accuracy": [0.32903334498405457, 0.7094333171844482, 0.8089666962623596, 0.8433833122253418, 0.86121666431427, 0.871999979019165, 0.880216658115387, 0.8855500221252441, 0.8909333348274231, 0.8948166370391846], "val_loss": [1.6074808835983276, 0.9401381611824036, 0.6561321020126343, 0.5321205854415894, 0.467909038066864, 0.4278460443019867, 0.40052950382232666, 0.3799806237220764, 0.3632695972919464, 0.35058435797691345], "val_accuracy": [0.6243000030517578, 0.7827000021934509, 0.8334000110626221, 0.8568000197410583, 0.875, 0.8810999989509583, 0.8876000046730042, 0.8930000066757202, 0.8967000246047974, 0.8995000123977661]}