{"loss": [0.24134641885757446, 0.06191416084766388, 0.039210621267557144, 0.02739609032869339, 0.0237855464220047, 0.018742885440587997, 0.014795925468206406, 0.014005526900291443, 0.010558515787124634, 0.010191138833761215], "accuracy": [0.9253166913986206, 0.9818333387374878, 0.9879666566848755, 0.9917666912078857, 0.9928666949272156, 0.9940500259399414, 0.9955333471298218, 0.9958833456039429, 0.9966999888420105, 0.9966999888420105], "val_loss": [0.07667951285839081, 0.0570993535220623, 0.053986016660928726, 0.049150142818689346, 0.04650241881608963, 0.05353685840964317, 0.05467119812965393, 0.04986416921019554, 0.07517340779304504, 0.05846240743994713], "val_accuracy": [0.9771999716758728, 0.984000027179718, 0.9854000210762024, 0.9865000247955322, 0.988099992275238, 0.9865999817848206, 0.9866999983787537, 0.9883000254631042, 0.9851999878883362, 0.9879999756813049]}