{"loss": [0.36992064118385315, 0.33068031072616577, 0.32580462098121643, 0.3256602883338928, 0.32639947533607483, 0.3241974413394928, 0.328154057264328, 0.3263721466064453, 0.3260895311832428, 0.32566264271736145, 0.32715344429016113, 0.3282439708709717, 0.3273206949234009, 0.32669851183891296, 0.32900500297546387, 0.3300487697124481, 0.32816627621650696, 0.3290192186832428, 0.33039358258247375, 0.32949939370155334], "accuracy": [0.8970666527748108, 0.9135333299636841, 0.9174333214759827, 0.9182000160217285, 0.9195333123207092, 0.9210666418075562, 0.9202499985694885, 0.9209499955177307, 0.9215166568756104, 0.9218999743461609, 0.9229166507720947, 0.9225166440010071, 0.9226666688919067, 0.922166645526886, 0.9233999848365784, 0.9220333099365234, 0.9230333566665649, 0.923633337020874, 0.9232500195503235, 0.9229999780654907], "val_loss": [0.33514878153800964, 0.4058975577354431, 0.3316051661968231, 0.3599793612957001, 0.35871297121047974, 0.373501181602478, 0.3786966800689697, 0.4199070334434509, 0.37408584356307983, 0.4194077253341675, 0.3864701986312866, 0.3885096609592438, 0.39940696954727173, 0.38853487372398376, 0.44805440306663513, 0.3948509395122528, 0.4348137676715851, 0.3952046036720276, 0.4626753330230713, 0.4427598714828491], "val_accuracy": [0.9126999974250793, 0.8906000256538391, 0.9186999797821045, 0.9144999980926514, 0.9154999852180481, 0.9133999943733215, 0.9118000268936157, 0.9003000259399414, 0.9200999736785889, 0.9024999737739563, 0.913100004196167, 0.9168000221252441, 0.9086999893188477, 0.9169999957084656, 0.9021000266075134, 0.9179999828338623, 0.9031000137329102, 0.9211000204086304, 0.8949000239372253, 0.9039000272750854]}