{"loss": [0.1472133845090866, 0.05550861358642578, 0.04728704318404198, 0.036987628787755966, 0.036344368010759354, 0.029350990429520607, 0.034001417458057404, 0.024821221828460693, 0.0371306911110878, 0.026642853394150734], "accuracy": [0.958133339881897, 0.9830166697502136, 0.9858166575431824, 0.9893333315849304, 0.9897666573524475, 0.9922500252723694, 0.9920333623886108, 0.9939666390419006, 0.9925500154495239, 0.9949333071708679], "val_loss": [0.06832344830036163, 0.07072369009256363, 0.06574661284685135, 0.12432647496461868, 0.08219587057828903, 0.11765371263027191, 0.11727485060691833, 0.15473513305187225, 0.12460063397884369, 0.19980469346046448], "val_accuracy": [0.979200005531311, 0.9799000024795532, 0.9797000288963318, 0.9742000102996826, 0.9814000129699707, 0.9797000288963318, 0.9807000160217285, 0.9829999804496765, 0.9828000068664551, 0.9807999730110168]}