{"loss": [0.14420387148857117, 0.05104687437415123, 0.0351925827562809, 0.025137977674603462, 0.01945563778281212, 0.01744646392762661, 0.013455355539917946, 0.011816026642918587, 0.0103645920753479, 0.010929913260042667, 0.009740148670971394, 0.008805527351796627, 0.007005158346146345, 0.009054794907569885, 0.008553274907171726, 0.005853937938809395, 0.0075963628478348255, 0.0061895535327494144, 0.007074310909956694, 0.005014220252633095], "accuracy": [0.954800009727478, 0.9838500022888184, 0.9890999794006348, 0.9919166564941406, 0.9942499995231628, 0.9946333169937134, 0.9958666563034058, 0.9965000152587891, 0.9967666864395142, 0.9966166615486145, 0.9968833327293396, 0.9976000189781189, 0.9978333115577698, 0.9975166916847229, 0.9976166486740112, 0.9983999729156494, 0.997866690158844, 0.9983000159263611, 0.9980000257492065, 0.9984666705131531], "val_loss": [0.07737801969051361, 0.062073253095149994, 0.04731955751776695, 0.044399693608284, 0.04544304683804512, 0.044557806104421616, 0.058976948261260986, 0.06132354587316513, 0.05569440871477127, 0.05201981961727142, 0.056117478758096695, 0.06277570873498917, 0.06997739523649216, 0.09751006960868835, 0.06690976768732071, 0.06118473410606384, 0.08338368684053421, 0.09009353816509247, 0.08173413574695587, 0.08631672710180283], "val_accuracy": [0.9764000177383423, 0.9810000061988831, 0.9857000112533569, 0.9879000186920166, 0.9886999726295471, 0.9887999892234802, 0.9872999787330627, 0.9868999719619751, 0.9879999756813049, 0.9879000186920166, 0.988099992275238, 0.9879999756813049, 0.9889000058174133, 0.986299991607666, 0.9889000058174133, 0.989799976348877, 0.9864000082015991, 0.987500011920929, 0.9896000027656555, 0.9883999824523926]}