{"loss": [2.1071600914001465, 1.655583381652832, 1.2371559143066406, 0.9361100196838379, 0.7315194606781006, 0.6181551218032837, 0.5519030690193176, 0.5084449052810669, 0.4772319793701172, 0.45350679755210876], "accuracy": [0.2594333291053772, 0.5002666711807251, 0.6967999935150146, 0.7825166583061218, 0.8176500201225281, 0.8380166888237, 0.8518999814987183, 0.8605333566665649, 0.8679666519165039, 0.8728166818618774], "val_loss": [1.875779628753662, 1.4096869230270386, 1.054764986038208, 0.7945268750190735, 0.6413481831550598, 0.5589198470115662, 0.5081722736358643, 0.47347500920295715, 0.4476792514324188, 0.427782267332077], "val_accuracy": [0.36739999055862427, 0.6323000192642212, 0.7598000168800354, 0.8159999847412109, 0.8396999835968018, 0.8562999963760376, 0.8650000095367432, 0.873199999332428, 0.8756999969482422, 0.880299985408783]}