{"loss": [0.5535587668418884, 0.3244501054286957, 0.2967418432235718, 0.2827882468700409, 0.27413707971572876, 0.2685641348361969, 0.26369261741638184, 0.26048222184181213, 0.2578507959842682, 0.25493112206459045], "accuracy": [0.8588833212852478, 0.9094833135604858, 0.9168000221252441, 0.9210333228111267, 0.9237833619117737, 0.9243166446685791, 0.9263333082199097, 0.9278166890144348, 0.9282666444778442, 0.9290333390235901], "val_loss": [0.3342004418373108, 0.29841774702072144, 0.28123000264167786, 0.27399054169654846, 0.27164095640182495, 0.2698511779308319, 0.2649970054626465, 0.2636617422103882, 0.26321351528167725, 0.27126988768577576], "val_accuracy": [0.9114999771118164, 0.9169999957084656, 0.9214000105857849, 0.9251000285148621, 0.9236999750137329, 0.9240000247955322, 0.9272000193595886, 0.9266999959945679, 0.9264000058174133, 0.9240000247955322]}