{"loss": [0.2237032949924469, 0.09250950813293457, 0.061273302882909775, 0.04422380402684212, 0.03243672847747803, 0.023964518681168556, 0.02040640451014042, 0.015468833036720753, 0.012704637832939625, 0.01054919883608818], "accuracy": [0.9355666637420654, 0.972350001335144, 0.9806666374206543, 0.986299991607666, 0.9898499846458435, 0.9923333525657654, 0.9933500289916992, 0.9948333501815796, 0.996066689491272, 0.9964333176612854], "val_loss": [0.126510351896286, 0.08674950152635574, 0.07274511456489563, 0.07455866038799286, 0.07215212285518646, 0.06991717219352722, 0.07046155631542206, 0.07625588029623032, 0.07807675749063492, 0.08300777524709702], "val_accuracy": [0.9599000215530396, 0.9733999967575073, 0.9771999716758728, 0.9764999747276306, 0.9797000288963318, 0.9804999828338623, 0.9807000160217285, 0.9782000184059143, 0.9790999889373779, 0.9800000190734863]}