{"loss": [0.14961709082126617, 0.05161386728286743, 0.0324556827545166, 0.021431781351566315, 0.014067056588828564, 0.009621390141546726, 0.0077742007561028, 0.006330870557576418, 0.004643111955374479, 0.004907054360955954, 0.004719696473330259, 0.003163569839671254, 0.003436609636992216, 0.003423844464123249, 0.0024883593432605267, 0.001912869163788855, 0.0027320310473442078, 0.0015708858845755458, 0.0026008349377661943, 0.0017248219810426235], "accuracy": [0.9558666944503784, 0.984083354473114, 0.9898666739463806, 0.9931333065032959, 0.9954166412353516, 0.9970499873161316, 0.9975500106811523, 0.998033344745636, 0.9984166622161865, 0.9982500076293945, 0.9984333515167236, 0.9990833401679993, 0.9988499879837036, 0.9988499879837036, 0.9993166923522949, 0.9993833303451538, 0.9991666674613953, 0.9993833303451538, 0.9990166425704956, 0.9994333386421204], "val_loss": [0.06565919518470764, 0.052126433700323105, 0.04175983741879463, 0.04812144488096237, 0.04588615894317627, 0.07222546637058258, 0.05401471629738808, 0.05048637092113495, 0.06041678041219711, 0.06230076402425766, 0.05387246608734131, 0.07287322729825974, 0.05878987908363342, 0.07549969851970673, 0.058831244707107544, 0.06586506962776184, 0.06247676908969879, 0.06363841146230698, 0.07065047323703766, 0.07431110739707947], "val_accuracy": [0.9789000153541565, 0.9832000136375427, 0.9855999946594238, 0.9846000075340271, 0.9850000143051147, 0.9807000160217285, 0.9854000210762024, 0.9865999817848206, 0.9866999983787537, 0.987500011920929, 0.9876000285148621, 0.9832000136375427, 0.9869999885559082, 0.9847999811172485, 0.9873999953269958, 0.9876999855041504, 0.9879999756813049, 0.9887999892234802, 0.9872999787330627, 0.9872000217437744]}