{"loss": [0.4678504765033722, 0.22974514961242676, 0.1956000030040741, 0.17366963624954224, 0.16243094205856323, 0.14971110224723816, 0.1421051323413849, 0.13594715297222137, 0.1275138407945633, 0.12406208366155624], "accuracy": [0.8553166389465332, 0.933483362197876, 0.941516637802124, 0.9490500092506409, 0.9526833295822144, 0.955049991607666, 0.9570500254631042, 0.9588333368301392, 0.9617499709129333, 0.9625166654586792], "val_loss": [0.25203976035118103, 0.22279652953147888, 0.18259474635124207, 0.17894209921360016, 0.18214891850948334, 0.17533157765865326, 0.16306044161319733, 0.16075265407562256, 0.156548410654068, 0.1619454175233841], "val_accuracy": [0.9247999787330627, 0.9361000061035156, 0.9453999996185303, 0.9483000040054321, 0.9463000297546387, 0.9501000046730042, 0.9513999819755554, 0.954200029373169, 0.9549999833106995, 0.953499972820282]}