{"loss": [0.5408274531364441, 0.32359325885772705, 0.29548391699790955, 0.28206244111061096, 0.27381256222724915, 0.26806318759918213, 0.26394420862197876, 0.25995010137557983, 0.2574740946292877, 0.2550150752067566], "accuracy": [0.8647500276565552, 0.9106833338737488, 0.9177833199501038, 0.9209333062171936, 0.9236000180244446, 0.9247833490371704, 0.9264333248138428, 0.9280166625976562, 0.9280333518981934, 0.9291499853134155], "val_loss": [0.3347359001636505, 0.29670920968055725, 0.283916175365448, 0.2734350860118866, 0.27162501215934753, 0.2677704691886902, 0.2697141170501709, 0.2676760256290436, 0.2635544538497925, 0.2628254294395447], "val_accuracy": [0.9103000164031982, 0.91839998960495, 0.9233999848365784, 0.923799991607666, 0.9241999983787537, 0.9251000285148621, 0.9246000051498413, 0.925000011920929, 0.9272000193595886, 0.9265000224113464]}