{"loss": [0.2534550428390503, 0.08392447233200073, 0.05920308455824852, 0.04845094308257103, 0.039639685302972794, 0.03337707370519638, 0.027922503650188446, 0.0243943203240633, 0.01978112757205963, 0.01764254830777645, 0.013023574836552143, 0.011767485179007053, 0.009628448635339737, 0.009745938703417778, 0.007096447981894016, 0.005845795851200819, 0.0065956865437328815, 0.004747494589537382, 0.005106004886329174, 0.004691164009273052], "accuracy": [0.9250500202178955, 0.9754166603088379, 0.9830666780471802, 0.9856333136558533, 0.9876166582107544, 0.989883303642273, 0.9912833571434021, 0.9920166730880737, 0.9934666752815247, 0.9942666888237, 0.9961333274841309, 0.9964666962623596, 0.9969666600227356, 0.996833324432373, 0.9977999925613403, 0.9983833432197571, 0.9978166818618774, 0.9985666871070862, 0.9984666705131531, 0.998533308506012], "val_loss": [0.10064435750246048, 0.07228024303913116, 0.059363286942243576, 0.05713328719139099, 0.055482666939496994, 0.05609653890132904, 0.05576677992939949, 0.04747855290770531, 0.06653495877981186, 0.06255534291267395, 0.05905300751328468, 0.06873404234647751, 0.06567052006721497, 0.0623282790184021, 0.06458466500043869, 0.07098235189914703, 0.07194285094738007, 0.07065925002098083, 0.07599128782749176, 0.07607797533273697], "val_accuracy": [0.9693999886512756, 0.9776999950408936, 0.9807000160217285, 0.9814000129699707, 0.9818000197410583, 0.9815999865531921, 0.982699990272522, 0.9840999841690063, 0.9825000166893005, 0.9829999804496765, 0.9832000136375427, 0.9812999963760376, 0.9839000105857849, 0.9850000143051147, 0.9850000143051147, 0.9847000241279602, 0.9839000105857849, 0.9853000044822693, 0.9839000105857849, 0.984000027179718]}