{"loss": [0.17041997611522675, 0.05445357784628868, 0.038834769278764725, 0.03517116606235504, 0.03304070606827736, 0.031458113342523575, 0.030397111549973488, 0.030795691534876823, 0.029884468764066696, 0.027322735637426376, 0.02955346554517746, 0.02468525990843773, 0.02428172342479229, 0.02580314688384533, 0.02345231920480728, 0.022397715598344803, 0.021049864590168, 0.021356958895921707, 0.024262527003884315, 0.024820202961564064], "accuracy": [0.9480500221252441, 0.9842333197593689, 0.9888666868209839, 0.9906833171844482, 0.9916166663169861, 0.9921500086784363, 0.9921666383743286, 0.9925500154495239, 0.9932833313941956, 0.9937333464622498, 0.9940333366394043, 0.994533360004425, 0.9947999715805054, 0.9947166442871094, 0.9954833388328552, 0.9955499768257141, 0.9962000250816345, 0.9960500001907349, 0.9964666962623596, 0.9966333508491516], "val_loss": [0.16333989799022675, 0.04372141882777214, 0.053862541913986206, 0.047987520694732666, 0.05291038751602173, 0.07455374300479889, 0.059337470680475235, 0.09897316992282867, 0.07525404542684555, 0.047165364027023315, 0.10721024125814438, 0.09685241430997849, 0.09076990932226181, 0.2517072856426239, 0.06385903060436249, 0.21641665697097778, 0.09633246809244156, 0.1432698667049408, 0.11989092081785202, 0.23921875655651093], "val_accuracy": [0.9466999769210815, 0.9886999726295471, 0.9883000254631042, 0.9866999983787537, 0.987500011920929, 0.9842000007629395, 0.9879000186920166, 0.9839000105857849, 0.9864000082015991, 0.9894999861717224, 0.9901999831199646, 0.9876999855041504, 0.9815000295639038, 0.9825000166893005, 0.988099992275238, 0.9836000204086304, 0.9850000143051147, 0.9864000082015991, 0.9884999990463257, 0.9865999817848206]}