{"loss": [0.506799042224884, 0.3111076056957245, 0.290738046169281, 0.28123193979263306, 0.2761046886444092, 0.2718253433704376, 0.2692471146583557, 0.2677188515663147, 0.2661263644695282, 0.2647453248500824, 0.26353806257247925, 0.2627156674861908, 0.2623984217643738, 0.26219239830970764, 0.2612689435482025, 0.2612851858139038, 0.2609628140926361, 0.26020243763923645, 0.2604092061519623, 0.2600574195384979], "accuracy": [0.8682833313941956, 0.9128666520118713, 0.9192000031471252, 0.9225333333015442, 0.9241999983787537, 0.9254000186920166, 0.9264666438102722, 0.9277166724205017, 0.9284999966621399, 0.9289833307266235, 0.9298166632652283, 0.9296666383743286, 0.930733323097229, 0.930816650390625, 0.9308833479881287, 0.9312499761581421, 0.9311333298683167, 0.9315833449363708, 0.9324666857719421, 0.9324666857719421], "val_loss": [0.31464114785194397, 0.2897892892360687, 0.2795628607273102, 0.28152045607566833, 0.2745121717453003, 0.2770492732524872, 0.2775209844112396, 0.27658480405807495, 0.27632129192352295, 0.2741541862487793, 0.2791350483894348, 0.2777988612651825, 0.27690547704696655, 0.28204384446144104, 0.2799563705921173, 0.27968141436576843, 0.2817429006099701, 0.2827658951282501, 0.2843294143676758, 0.28411009907722473], "val_accuracy": [0.9135000109672546, 0.9186999797821045, 0.9229000210762024, 0.9229999780654907, 0.9243000149726868, 0.9236999750137329, 0.9251999855041504, 0.9254000186920166, 0.9269000291824341, 0.9269999861717224, 0.9266999959945679, 0.9265000224113464, 0.9277999997138977, 0.9259999990463257, 0.9276999831199646, 0.9283000230789185, 0.9266999959945679, 0.9273999929428101, 0.9273999929428101, 0.9279999732971191]}