{"loss": [0.14360181987285614, 0.050886791199445724, 0.03732464462518692, 0.027368495240807533, 0.021345723420381546, 0.016186222434043884, 0.01512821577489376, 0.01159399002790451, 0.011453527957201004, 0.009611599147319794], "accuracy": [0.9553833603858948, 0.98458331823349, 0.9888833165168762, 0.9913666844367981, 0.9933833479881287, 0.9950000047683716, 0.9952999949455261, 0.9963499903678894, 0.996566653251648, 0.9970333576202393], "val_loss": [0.05801922082901001, 0.05637174844741821, 0.06981194019317627, 0.056233085691928864, 0.052532728761434555, 0.05112391337752342, 0.04897528141736984, 0.048782773315906525, 0.07493019104003906, 0.07189014554023743], "val_accuracy": [0.9824000000953674, 0.9828000068664551, 0.9782000184059143, 0.984499990940094, 0.9865999817848206, 0.9876000285148621, 0.9889000058174133, 0.9886999726295471, 0.9860000014305115, 0.989300012588501]}