{"loss": [0.12360043823719025, 0.05909506604075432, 0.042716916650533676, 0.038338009268045425, 0.030716052278876305, 0.03767712041735649, 0.022915281355381012, 0.02971622161567211, 0.028889333829283714, 0.03782593086361885], "accuracy": [0.9623166918754578, 0.982200026512146, 0.9869166612625122, 0.9893166422843933, 0.991266667842865, 0.9906666874885559, 0.9937166571617126, 0.9931833148002625, 0.9938666820526123, 0.993399977684021], "val_loss": [0.07021378725767136, 0.07277187705039978, 0.0829072967171669, 0.12016433477401733, 0.12695978581905365, 0.09248296171426773, 0.12136001884937286, 0.15231288969516754, 0.2035723775625229, 0.17542065680027008], "val_accuracy": [0.9790999889373779, 0.9778000116348267, 0.9796000123023987, 0.9785000085830688, 0.9779000282287598, 0.9785000085830688, 0.9811000227928162, 0.9818000197410583, 0.9779000282287598, 0.98089998960495]}