{"loss": [0.19666124880313873, 0.06727709621191025, 0.05035916343331337, 0.03824896365404129, 0.029248759150505066, 0.023516040295362473, 0.020544355735182762, 0.016942301765084267, 0.015684781596064568, 0.012889394536614418], "accuracy": [0.9394000172615051, 0.979449987411499, 0.9833499789237976, 0.9880833625793457, 0.9904833436012268, 0.9926166534423828, 0.993316650390625, 0.9943833351135254, 0.9946833252906799, 0.9957833290100098], "val_loss": [0.07906384766101837, 0.05603561922907829, 0.06253262609243393, 0.05485986918210983, 0.05139736831188202, 0.05732550099492073, 0.04531874135136604, 0.042234838008880615, 0.03969084843993187, 0.05757690966129303], "val_accuracy": [0.9760000109672546, 0.9822999835014343, 0.9807999730110168, 0.983299970626831, 0.9850999712944031, 0.9839000105857849, 0.9883999824523926, 0.989300012588501, 0.989300012588501, 0.9864000082015991]}