{"loss": [0.5508809685707092, 0.3248727023601532, 0.2964111864566803, 0.28272587060928345, 0.27434900403022766], "accuracy": [0.8592666387557983, 0.9097499847412109, 0.9177666902542114, 0.9211833477020264, 0.9237666726112366], "val_loss": [0.3351975977420807, 0.29512277245521545, 0.2827502489089966, 0.2727675139904022, 0.2717916667461395], "val_accuracy": [0.9107999801635742, 0.9203000068664551, 0.9208999872207642, 0.9244999885559082, 0.9243000149726868]}