{"loss": [0.4751212000846863, 0.3041312098503113, 0.28364065289497375, 0.27308619022369385, 0.2667548954486847], "accuracy": [0.8745499849319458, 0.9149333238601685, 0.9210833311080933, 0.9232000112533569, 0.9255666732788086], "val_loss": [0.3045573830604553, 0.28539663553237915, 0.27472123503685, 0.2700392007827759, 0.26767799258232117], "val_accuracy": [0.9168999791145325, 0.9190999865531921, 0.9247999787330627, 0.9232000112533569, 0.9240999817848206]}