{"loss": [0.20864149928092957, 0.10703839361667633, 0.1037493348121643, 0.08714240789413452, 0.08532921224832535, 0.08484932780265808, 0.07984964549541473, 0.07581035792827606, 0.0699029192328453, 0.0685589537024498, 0.07414010167121887, 0.0665847584605217, 0.06562149524688721, 0.0738721415400505, 0.06411109864711761, 0.06535478681325912, 0.06571124494075775, 0.06667011231184006, 0.05662332475185394, 0.06911808997392654], "accuracy": [0.9351666569709778, 0.9704833626747131, 0.9718999862670898, 0.9764166474342346, 0.9779499769210815, 0.9781666398048401, 0.9803000092506409, 0.981416642665863, 0.9831666946411133, 0.9836333394050598, 0.9833499789237976, 0.9850666522979736, 0.9846333265304565, 0.9843166470527649, 0.9855166673660278, 0.9858499765396118, 0.9856666922569275, 0.9864000082015991, 0.9878166913986206, 0.9853666424751282], "val_loss": [0.10366284102201462, 0.10627710819244385, 0.09908098727464676, 0.11128555983304977, 0.10767202079296112, 0.09815604984760284, 0.10317520797252655, 0.12207082659006119, 0.10158991813659668, 0.10373544692993164, 0.13637582957744598, 0.11437003314495087, 0.12068977952003479, 0.11122381687164307, 0.14713449776172638, 0.11143941432237625, 0.115440733730793, 0.1102815568447113, 0.15341071784496307, 0.14097876846790314], "val_accuracy": [0.9714999794960022, 0.9711999893188477, 0.9735000133514404, 0.972599983215332, 0.9711999893188477, 0.978600025177002, 0.9751999974250793, 0.9754999876022339, 0.9794999957084656, 0.9799000024795532, 0.9746000170707703, 0.9761000275611877, 0.9779999852180481, 0.9796000123023987, 0.9715999960899353, 0.9818999767303467, 0.9790999889373779, 0.980400025844574, 0.9745000004768372, 0.9799000024795532]}