{"loss": [0.382295697927475, 0.1313244253396988, 0.08816573023796082, 0.07007911056280136, 0.05953221768140793, 0.052074581384658813, 0.0470159575343132, 0.04182090237736702, 0.03862543776631355, 0.035013072192668915, 0.032689012587070465, 0.02999933250248432, 0.02789098583161831, 0.026093900203704834, 0.024052664637565613, 0.02237779274582863, 0.021051375195384026, 0.01972833275794983, 0.018110159784555435, 0.017166946083307266], "accuracy": [0.8861833214759827, 0.9628333449363708, 0.9738666415214539, 0.9802166819572449, 0.9825500249862671, 0.9847000241279602, 0.986549973487854, 0.9874500036239624, 0.9887833595275879, 0.9903833270072937, 0.9907000064849854, 0.9914833307266235, 0.9917666912078857, 0.9925333261489868, 0.993149995803833, 0.9935666918754578, 0.9939500093460083, 0.9939500093460083, 0.9950500130653381, 0.9950833320617676], "val_loss": [0.17830893397331238, 0.0968572199344635, 0.07884209603071213, 0.07585129141807556, 0.06068200618028641, 0.05748672038316727, 0.059579309076070786, 0.06255578249692917, 0.057238221168518066, 0.05495600029826164, 0.053947679698467255, 0.05979509279131889, 0.05741860345005989, 0.056809455156326294, 0.0590302050113678, 0.06472331285476685, 0.06500096619129181, 0.06797512620687485, 0.07047327607870102, 0.06747781485319138], "val_accuracy": [0.9502000212669373, 0.9702000021934509, 0.974399983882904, 0.9743000268936157, 0.9797000288963318, 0.9810000061988831, 0.9800999760627747, 0.9793000221252441, 0.9817000031471252, 0.9828000068664551, 0.9824000000953674, 0.9825999736785889, 0.9812999963760376, 0.983299970626831, 0.982699990272522, 0.9825999736785889, 0.9822999835014343, 0.982200026512146, 0.9818000197410583, 0.9836000204086304]}