{"loss": [0.37139564752578735, 0.13449260592460632, 0.14402790367603302, 0.13986177742481232, 0.14510388672351837, 0.15061374008655548, 0.16078713536262512, 0.1559714823961258, 0.17313702404499054, 0.1862691044807434], "accuracy": [0.8983500003814697, 0.9654833078384399, 0.9671000242233276, 0.9672999978065491, 0.9659166932106018, 0.9656000137329102, 0.9652666449546814, 0.9650333523750305, 0.9653499722480774, 0.9627333283424377], "val_loss": [0.11373627930879593, 0.142237588763237, 0.12490947544574738, 0.13235558569431305, 0.1618839055299759, 0.1031852662563324, 0.09935738891363144, 0.22170840203762054, 0.33053216338157654, 0.21868108212947845], "val_accuracy": [0.9681000113487244, 0.9638000130653381, 0.9690999984741211, 0.9671000242233276, 0.9684000015258789, 0.9745000004768372, 0.9757000207901001, 0.9657999873161316, 0.9401999711990356, 0.9417999982833862]}