{"loss": [0.48157650232315063, 0.33851176500320435, 0.3153313398361206, 0.3033561110496521, 0.29507195949554443], "accuracy": [0.8734333515167236, 0.9047166705131531, 0.9118833541870117, 0.9147666692733765, 0.917900025844574], "val_loss": [0.3357544541358948, 0.3082956373691559, 0.29564061760902405, 0.28880587220191956, 0.2839680314064026], "val_accuracy": [0.90829998254776, 0.9146999716758728, 0.9172000288963318, 0.9193999767303467, 0.920199990272522]}