{"loss": [0.41726911067962646, 0.31485769152641296, 0.29694169759750366, 0.2884654402732849, 0.28238070011138916], "accuracy": [0.8859333395957947, 0.911216676235199, 0.9166666865348816, 0.9190333485603333, 0.9206666946411133], "val_loss": [0.3117603659629822, 0.29171663522720337, 0.2848028540611267, 0.2774563729763031, 0.28038710355758667], "val_accuracy": [0.9115999937057495, 0.9172000288963318, 0.9207000136375427, 0.92330002784729, 0.9215999841690063]}