{"loss": [0.12421292811632156, 0.03992047533392906, 0.022674856707453728, 0.015202363021671772, 0.01021652389317751, 0.00739147886633873, 0.00560988113284111, 0.0055473013781011105, 0.004210617858916521, 0.004229448270052671], "accuracy": [0.9622166752815247, 0.9876166582107544, 0.9930166602134705, 0.9951500296592712, 0.9967666864395142, 0.9974833130836487, 0.9979333281517029, 0.9981499910354614, 0.9986166954040527, 0.9986333250999451], "val_loss": [0.06269628554582596, 0.047383710741996765, 0.0450172945857048, 0.04273362085223198, 0.05878518521785736, 0.046960413455963135, 0.05139157176017761, 0.06154525279998779, 0.056873541325330734, 0.06107952818274498], "val_accuracy": [0.9785000085830688, 0.983299970626831, 0.9855999946594238, 0.9864000082015991, 0.9850999712944031, 0.9873999953269958, 0.9865999817848206, 0.9855999946594238, 0.9869999885559082, 0.9869999885559082]}