{"loss": [0.1411687433719635, 0.045308634638786316, 0.028434226289391518, 0.017541546374559402, 0.012559826485812664, 0.008908290416002274, 0.007308282423764467, 0.005684590432792902, 0.005157241597771645, 0.00422536488622427], "accuracy": [0.9580833315849304, 0.9861999750137329, 0.9908999800682068, 0.9942166805267334, 0.9962999820709229, 0.9970499873161316, 0.9978166818618774, 0.9982166886329651, 0.9981666803359985, 0.9986333250999451], "val_loss": [0.061062879860401154, 0.047667790204286575, 0.04341532289981842, 0.0398632250726223, 0.0463494136929512, 0.048491235822439194, 0.0407225675880909, 0.0476219467818737, 0.050826750695705414, 0.04800042882561684], "val_accuracy": [0.98089998960495, 0.9836999773979187, 0.9850000143051147, 0.9861999750137329, 0.98580002784729, 0.9855999946594238, 0.9883999824523926, 0.9876999855041504, 0.987500011920929, 0.9883999824523926]}