{"loss": [0.2983359694480896, 0.0939546748995781, 0.06852810829877853, 0.05579932779073715, 0.04580709710717201, 0.039787452667951584, 0.03331400081515312, 0.02900930866599083, 0.02687934786081314, 0.02144715003669262, 0.019079219549894333, 0.01692364364862442, 0.015306023880839348, 0.014168147929012775, 0.011904186569154263, 0.010934855788946152, 0.011764779686927795, 0.010603646747767925, 0.00824512168765068, 0.009328808635473251], "accuracy": [0.9061333537101746, 0.9709500074386597, 0.9787166714668274, 0.9827166795730591, 0.9855166673660278, 0.9874500036239624, 0.9892500042915344, 0.9907500147819519, 0.9913333058357239, 0.9930166602134705, 0.9936000108718872, 0.9944666624069214, 0.9948833584785461, 0.9950500130653381, 0.9959499835968018, 0.9963333606719971, 0.9960166811943054, 0.9965166449546814, 0.9969833493232727, 0.9967333078384399], "val_loss": [0.09700940549373627, 0.06439713388681412, 0.06368231773376465, 0.05832976847887039, 0.058004919439554214, 0.047505345195531845, 0.06605661660432816, 0.051440589129924774, 0.04666026681661606, 0.05665032938122749, 0.06764201819896698, 0.05069950222969055, 0.05400224030017853, 0.0537220761179924, 0.05977272242307663, 0.0556754507124424, 0.061915453523397446, 0.0678112581372261, 0.07080532610416412, 0.06977484375238419], "val_accuracy": [0.9696000218391418, 0.9803000092506409, 0.9805999994277954, 0.9818999767303467, 0.9818999767303467, 0.9830999970436096, 0.9801999926567078, 0.9840999841690063, 0.9871000051498413, 0.9857000112533569, 0.982200026512146, 0.9865000247955322, 0.98580002784729, 0.9866999983787537, 0.9858999848365784, 0.9858999848365784, 0.9865999817848206, 0.9865000247955322, 0.9866999983787537, 0.9868000149726868]}