{"loss": [0.22488540410995483, 0.07919055968523026, 0.059291306883096695, 0.04551951214671135, 0.03957303240895271, 0.03400485962629318, 0.02794603817164898, 0.024100912734866142, 0.021448303014039993, 0.018690189346671104, 0.01798083260655403, 0.014139992184937, 0.014675764366984367, 0.013396328315138817, 0.012132521718740463, 0.011516253463923931, 0.010486898012459278, 0.0102141248062253, 0.010825986042618752, 0.00843775924295187], "accuracy": [0.9301833510398865, 0.9758666753768921, 0.9819333553314209, 0.9858166575431824, 0.9875666499137878, 0.9890333414077759, 0.9910833239555359, 0.9920666813850403, 0.9929500222206116, 0.9940166473388672, 0.9936500191688538, 0.9950000047683716, 0.9954166412353516, 0.9954166412353516, 0.9958833456039429, 0.99631667137146, 0.9965000152587891, 0.9966833591461182, 0.9962666630744934, 0.9973999857902527], "val_loss": [0.1043427512049675, 0.0671570673584938, 0.06182432919740677, 0.04835675284266472, 0.060897357761859894, 0.060016386210918427, 0.044772952795028687, 0.05562221631407738, 0.05743763595819473, 0.06290315091609955, 0.06530426442623138, 0.05431002378463745, 0.05767578259110451, 0.059939246624708176, 0.06559650599956512, 0.0814933255314827, 0.06279505789279938, 0.07100415974855423, 0.07875128090381622, 0.08155017346143723], "val_accuracy": [0.9661999940872192, 0.9801999926567078, 0.98089998960495, 0.986299991607666, 0.9819999933242798, 0.9846000075340271, 0.9879000186920166, 0.9851999878883362, 0.9854000210762024, 0.9836000204086304, 0.984000027179718, 0.987500011920929, 0.9879000186920166, 0.9873999953269958, 0.9872000217437744, 0.9815999865531921, 0.9889000058174133, 0.9865000247955322, 0.9860000014305115, 0.98580002784729]}