{"loss": [0.30801519751548767, 0.1575213521718979, 0.15883857011795044, 0.16390083730220795, 0.1763143092393875, 0.17247527837753296, 0.17577800154685974, 0.17880338430404663, 0.18605706095695496, 0.187143474817276, 0.18677793443202972, 0.18283987045288086, 0.19556976854801178, 0.19359880685806274, 0.1901130974292755, 0.20073263347148895, 0.19376373291015625, 0.19910816848278046, 0.20323225855827332, 0.6045604348182678], "accuracy": [0.9050666689872742, 0.9580333232879639, 0.9605333209037781, 0.960183322429657, 0.9584000110626221, 0.9587666392326355, 0.9589333534240723, 0.958216667175293, 0.9574999809265137, 0.9569666385650635, 0.9578166604042053, 0.9576500058174133, 0.9580666422843933, 0.9573666453361511, 0.9571166634559631, 0.9570333361625671, 0.9578333497047424, 0.9563999772071838, 0.9572833180427551, 0.9553666710853577], "val_loss": [0.11785224825143814, 0.1845482885837555, 0.20708145201206207, 0.2097107619047165, 0.2175765335559845, 0.18352054059505463, 0.15526758134365082, 0.1538049876689911, 0.33867111802101135, 0.17580531537532806, 0.2059754878282547, 0.13675378262996674, 0.1749960035085678, 0.4093761742115021, 0.1977979689836502, 0.26366156339645386, 0.29180416464805603, 0.17559616267681122, 0.1836763173341751, 0.13705265522003174], "val_accuracy": [0.9657999873161316, 0.944599986076355, 0.9445000290870667, 0.9632999897003174, 0.9355000257492065, 0.9577999711036682, 0.9592999815940857, 0.9634000062942505, 0.9139000177383423, 0.9538000226020813, 0.9606000185012817, 0.968500018119812, 0.9603999853134155, 0.9613000154495239, 0.9648000001907349, 0.9679999947547913, 0.9426000118255615, 0.9631999731063843, 0.9634000062942505, 0.9692999720573425]}