{"loss": [0.547893226146698, 0.3248485326766968, 0.29600465297698975, 0.28225451707839966, 0.27418413758277893, 0.26837295293807983, 0.26365137100219727, 0.2603726089000702, 0.2571221590042114, 0.25495216250419617], "accuracy": [0.8623833060264587, 0.9105833172798157, 0.9177666902542114, 0.9208833575248718, 0.9237499833106995, 0.925000011920929, 0.9264333248138428, 0.9274666905403137, 0.9279500246047974, 0.9285333156585693], "val_loss": [0.3366006910800934, 0.2954360246658325, 0.28211650252342224, 0.2776871621608734, 0.27290189266204834, 0.2680467665195465, 0.2675466537475586, 0.26639026403427124, 0.26606014370918274, 0.2671321630477905], "val_accuracy": [0.9075999855995178, 0.9165999889373779, 0.9222000241279602, 0.9221000075340271, 0.923799991607666, 0.9251999855041504, 0.9248999953269958, 0.9258000254631042, 0.9272000193595886, 0.9272000193595886]}