{"loss": [0.2133614420890808, 0.10197778046131134, 0.07427425682544708, 0.060552794486284256, 0.04896296560764313, 0.04104626551270485, 0.03667757660150528, 0.03213641047477722, 0.026779696345329285, 0.02859569527208805], "accuracy": [0.9350833296775818, 0.9690499901771545, 0.9782999753952026, 0.9820833206176758, 0.9851499795913696, 0.9873833060264587, 0.9889333248138428, 0.9907666444778442, 0.9923333525657654, 0.9918000102043152], "val_loss": [0.12185521423816681, 0.10019981861114502, 0.12184567749500275, 0.10421697050333023, 0.08716647326946259, 0.0799676850438118, 0.09210552275180817, 0.09817647933959961, 0.08527226746082306, 0.08792374283075333], "val_accuracy": [0.9627000093460083, 0.9722999930381775, 0.9656999707221985, 0.9707000255584717, 0.9772999882698059, 0.9811999797821045, 0.9775000214576721, 0.9768000245094299, 0.9794999957084656, 0.9801999926567078]}