{"loss": [0.17367064952850342, 0.06671695411205292, 0.05328989401459694, 0.04391978681087494, 0.039296992123126984, 0.0371268130838871, 0.029455307871103287, 0.02764352411031723, 0.024577168747782707, 0.020605543628335], "accuracy": [0.9538833498954773, 0.9814500212669373, 0.9857333302497864, 0.9891833066940308, 0.9905666708946228, 0.9912333488464355, 0.9927999973297119, 0.9937333464622498, 0.9944499731063843, 0.9957500100135803], "val_loss": [0.09864526242017746, 0.07806118577718735, 0.10786832123994827, 0.10118503123521805, 0.07548130303621292, 0.10290957242250443, 0.11410678923130035, 0.08505808562040329, 0.12095007300376892, 0.13017161190509796], "val_accuracy": [0.9707000255584717, 0.9793000221252441, 0.9793999791145325, 0.9818999767303467, 0.9843999743461609, 0.984000027179718, 0.9754999876022339, 0.9822999835014343, 0.9825999736785889, 0.9817000031471252]}