{"loss": [0.24087564647197723, 0.07700510323047638, 0.056264474987983704, 0.04544960707426071, 0.03817800432443619, 0.03256303444504738, 0.02861662395298481, 0.024186501279473305, 0.020953955128788948, 0.018707796931266785, 0.01667344942688942, 0.014072251506149769, 0.012368611060082912, 0.01106783002614975, 0.009789666160941124, 0.00854885671287775, 0.007852034643292427, 0.006531332619488239, 0.005541970953345299, 0.0048599811270833015], "accuracy": [0.9290500283241272, 0.9771000146865845, 0.9828500151634216, 0.9864166378974915, 0.9889333248138428, 0.9903500080108643, 0.9917500019073486, 0.992733359336853, 0.9938166737556458, 0.994350016117096, 0.995199978351593, 0.9958000183105469, 0.99631667137146, 0.9966833591461182, 0.9972166419029236, 0.9974833130836487, 0.9975833296775818, 0.9980166554450989, 0.9985166788101196, 0.9986166954040527], "val_loss": [0.09259460121393204, 0.06463905423879623, 0.05156572163105011, 0.058374516665935516, 0.0562310554087162, 0.04872962459921837, 0.048958517611026764, 0.05883386731147766, 0.05308929458260536, 0.0512244887650013, 0.05842374265193939, 0.05665953829884529, 0.06884297728538513, 0.0733116865158081, 0.08257315307855606, 0.07506800442934036, 0.07287561148405075, 0.07624052464962006, 0.08349193632602692, 0.0813179537653923], "val_accuracy": [0.9721999764442444, 0.9778000116348267, 0.983299970626831, 0.9812999963760376, 0.9829000234603882, 0.9861000180244446, 0.9851999878883362, 0.9837999939918518, 0.9865000247955322, 0.9860000014305115, 0.984000027179718, 0.9854000210762024, 0.984000027179718, 0.9836999773979187, 0.9835000038146973, 0.9846000075340271, 0.984499990940094, 0.9858999848365784, 0.984499990940094, 0.9850999712944031]}