{"loss": [0.5013446807861328, 0.31037604808807373, 0.29063817858695984, 0.2814077138900757, 0.2756118178367615, 0.2723522186279297, 0.26985734701156616, 0.2680484354496002, 0.2660329341888428, 0.2650158405303955], "accuracy": [0.8703500032424927, 0.9133666753768921, 0.918833315372467, 0.9214000105857849, 0.9238166809082031, 0.9254833459854126, 0.9271000027656555, 0.9280499815940857, 0.9285500049591064, 0.9293166399002075], "val_loss": [0.31115397810935974, 0.2879084050655365, 0.2790037989616394, 0.27409854531288147, 0.2747856080532074, 0.2753501832485199, 0.2719370424747467, 0.27248719334602356, 0.2751765549182892, 0.27489402890205383], "val_accuracy": [0.9153000116348267, 0.9172999858856201, 0.9229999780654907, 0.9247999787330627, 0.9257000088691711, 0.9246000051498413, 0.9258000254631042, 0.9261000156402588, 0.9243999719619751, 0.9261999726295471]}