{"loss": [0.2776279151439667, 0.13169512152671814, 0.10429981350898743, 0.08913026005029678, 0.081376813352108, 0.07663481682538986, 0.07227315753698349, 0.06969667971134186, 0.07024846971035004, 0.06740599125623703], "accuracy": [0.9154499769210815, 0.9615499973297119, 0.9696000218391418, 0.9749500155448914, 0.9773333072662354, 0.9796000123023987, 0.9815833568572998, 0.9831333160400391, 0.9833333492279053, 0.9837333559989929], "val_loss": [0.1431339532136917, 0.12465189397335052, 0.1442711502313614, 0.12329418957233429, 0.09869321435689926, 0.12628981471061707, 0.12300750613212585, 0.15222124755382538, 0.148725688457489, 0.17407673597335815], "val_accuracy": [0.9574000239372253, 0.9641000032424927, 0.958299994468689, 0.9696999788284302, 0.9725000262260437, 0.9710999727249146, 0.9726999998092651, 0.9703999757766724, 0.9714000225067139, 0.970300018787384]}