{"loss": [0.5036135315895081, 0.310578852891922, 0.2909770607948303, 0.28102633357048035, 0.2761688828468323, 0.2721097469329834, 0.269510954618454, 0.2674334943294525, 0.2661883234977722, 0.26492321491241455], "accuracy": [0.8705166578292847, 0.9136833548545837, 0.9190999865531921, 0.9217833280563354, 0.9233666658401489, 0.9254666566848755, 0.926883339881897, 0.9276166558265686, 0.9285666942596436, 0.9285500049591064], "val_loss": [0.31360331177711487, 0.2913646101951599, 0.2810122072696686, 0.27911609411239624, 0.2754177451133728, 0.27615886926651, 0.2778265178203583, 0.27578315138816833, 0.2762766480445862, 0.27714985609054565], "val_accuracy": [0.9139999747276306, 0.919700026512146, 0.92330002784729, 0.9235000014305115, 0.9253000020980835, 0.9248999953269958, 0.9246000051498413, 0.9254000186920166, 0.9259999990463257, 0.9265999794006348]}