{"loss": [0.22675013542175293, 0.13909463584423065, 0.1269870102405548, 0.12290755659341812, 0.11474815756082535, 0.1097753494977951, 0.09965641796588898, 0.1021823063492775, 0.09933753311634064, 0.09767341613769531], "accuracy": [0.9332166910171509, 0.966783344745636, 0.9719499945640564, 0.9745000004768372, 0.9763000011444092, 0.9790833592414856, 0.9803333282470703, 0.9821333289146423, 0.9829166531562805, 0.9839333295822144], "val_loss": [0.1309395581483841, 0.14788903295993805, 0.11701280623674393, 0.11861536651849747, 0.1440546214580536, 0.12510111927986145, 0.32798680663108826, 0.26278239488601685, 0.18518120050430298, 0.17151276767253876], "val_accuracy": [0.9663000106811523, 0.9692999720573425, 0.9724000096321106, 0.974399983882904, 0.9711999893188477, 0.9769999980926514, 0.9632999897003174, 0.9692999720573425, 0.972599983215332, 0.9793000221252441]}