{"loss": [0.1530405730009079, 0.0641486644744873, 0.04880566522479057, 0.04219133034348488, 0.03631332889199257, 0.03239830955862999, 0.028111018240451813, 0.02438702993094921, 0.02324831299483776, 0.022144176065921783], "accuracy": [0.9533833265304565, 0.9811833500862122, 0.9865333437919617, 0.9880666732788086, 0.9898666739463806, 0.9923833608627319, 0.9933666586875916, 0.9942833185195923, 0.9952666759490967, 0.9955666661262512], "val_loss": [0.07180450856685638, 0.06801974028348923, 0.09338997304439545, 0.06874360889196396, 0.06168004125356674, 0.1545170098543167, 0.09588153660297394, 0.11264122277498245, 0.13903473317623138, 0.17432795464992523], "val_accuracy": [0.9768999814987183, 0.9812999963760376, 0.9757999777793884, 0.9833999872207642, 0.9850999712944031, 0.979200005531311, 0.9851999878883362, 0.9839000105857849, 0.9825999736785889, 0.9797999858856201]}