{"loss": [2.0055055618286133, 1.4398654699325562, 1.1492446660995483, 0.9823546409606934, 0.8754162788391113], "accuracy": [0.3817000091075897, 0.7150166630744934, 0.7817833423614502, 0.8068833351135254, 0.8219166398048401], "val_loss": [1.6424707174301147, 1.2435276508331299, 1.0274471044540405, 0.8960427045822144, 0.8081218600273132], "val_accuracy": [0.652999997138977, 0.7728000283241272, 0.8101999759674072, 0.8269000053405762, 0.8374000191688538]}