{"loss": [1.6662434339523315, 1.0492621660232544, 0.8323819637298584, 0.7230422496795654, 0.6559230089187622], "accuracy": [0.5752333402633667, 0.7889833450317383, 0.8218500018119812, 0.8380666375160217, 0.8483999967575073], "val_loss": [1.2172836065292358, 0.8886232376098633, 0.7429733872413635, 0.6599947214126587, 0.6056742668151855], "val_accuracy": [0.7681000232696533, 0.8180000185966492, 0.8418999910354614, 0.8521000146865845, 0.8611999750137329]}