{"loss": [0.11852694302797318, 0.0393669568002224, 0.023023132234811783, 0.013446033000946045, 0.00942964293062687, 0.007339064031839371, 0.006140966899693012, 0.006303255911916494, 0.0038649162743240595, 0.004405091982334852], "accuracy": [0.9643666744232178, 0.9879999756813049, 0.9923166632652283, 0.9959166646003723, 0.9968666434288025, 0.9975333213806152, 0.9979833364486694, 0.9979833364486694, 0.9984166622161865, 0.998449981212616], "val_loss": [0.05549672991037369, 0.04626866802573204, 0.042739227414131165, 0.04665058106184006, 0.05403652414679527, 0.05777920410037041, 0.059575315564870834, 0.049245137721300125, 0.06107111647725105, 0.06210919842123985], "val_accuracy": [0.9812999963760376, 0.9842000007629395, 0.986299991607666, 0.9876999855041504, 0.9868999719619751, 0.9847999811172485, 0.9869999885559082, 0.9873999953269958, 0.9868999719619751, 0.9872000217437744]}