{"loss": [0.3553658723831177, 0.3071269989013672, 0.29963937401771545, 0.29691076278686523, 0.29452332854270935, 0.29100731015205383, 0.2894519567489624, 0.286900132894516, 0.28762444853782654, 0.28557533025741577], "accuracy": [0.8990166783332825, 0.9157333374023438, 0.9183333516120911, 0.9190499782562256, 0.918316662311554, 0.9223666787147522, 0.9204666614532471, 0.9202166795730591, 0.9226666688919067, 0.9209833145141602], "val_loss": [0.3010786771774292, 0.31782910227775574, 0.33447474241256714, 0.32195428013801575, 0.3184129297733307, 0.3184855282306671, 0.33033713698387146, 0.3669409453868866, 0.33396607637405396, 0.32340869307518005], "val_accuracy": [0.9192000031471252, 0.9147999882698059, 0.913100004196167, 0.9162999987602234, 0.9217000007629395, 0.9200000166893005, 0.9143000245094299, 0.9071999788284302, 0.9150000214576721, 0.9193000197410583]}