{"loss": [0.19076108932495117, 0.06783794611692429, 0.047587744891643524, 0.036968380212783813, 0.028877345845103264, 0.025172200053930283, 0.018643593415617943, 0.015963638201355934, 0.01412652712315321, 0.012162645347416401, 0.012707973830401897, 0.00955712515860796, 0.01030276995152235, 0.009478088468313217, 0.0071933637373149395, 0.010846778750419617, 0.00781728234142065, 0.0061943712644279, 0.006933979690074921, 0.00848853588104248], "accuracy": [0.941100001335144, 0.9791666865348816, 0.9856666922569275, 0.9885166883468628, 0.9908833503723145, 0.9917500019073486, 0.9937000274658203, 0.9950000047683716, 0.9955999851226807, 0.996233344078064, 0.9960833191871643, 0.9968000054359436, 0.996649980545044, 0.9969000220298767, 0.9977499842643738, 0.9964666962623596, 0.9975833296775818, 0.9980000257492065, 0.9979333281517029, 0.9975833296775818], "val_loss": [0.07840017974376678, 0.06614445149898529, 0.05600665882229805, 0.05792125687003136, 0.05247180908918381, 0.04402732104063034, 0.05667293816804886, 0.05477655678987503, 0.06933284550905228, 0.056304652243852615, 0.05729760602116585, 0.06262238323688507, 0.05635499954223633, 0.07734248042106628, 0.06767972558736801, 0.056126054376363754, 0.07180535793304443, 0.07408975064754486, 0.08211640268564224, 0.06627124547958374], "val_accuracy": [0.9760000109672546, 0.9800999760627747, 0.9843999743461609, 0.9847999811172485, 0.9836000204086304, 0.9855999946594238, 0.9848999977111816, 0.987500011920929, 0.982200026512146, 0.988099992275238, 0.9884999990463257, 0.9872999787330627, 0.9872000217437744, 0.9860000014305115, 0.9871000051498413, 0.9883999824523926, 0.9861000180244446, 0.98580002784729, 0.9864000082015991, 0.9887999892234802]}