{"loss": [0.41456249356269836, 0.31423625349998474, 0.29695653915405273, 0.28807613253593445, 0.2823672890663147, 0.27779996395111084, 0.27432164549827576, 0.2716353237628937, 0.269290566444397, 0.26691800355911255], "accuracy": [0.8860499858856201, 0.9115999937057495, 0.9162499904632568, 0.9188833236694336, 0.9210500121116638, 0.9225999712944031, 0.9240000247955322, 0.9241499900817871, 0.9247166514396667, 0.9259999990463257], "val_loss": [0.3188244700431824, 0.29108500480651855, 0.28405410051345825, 0.27848580479621887, 0.2756551206111908, 0.2730255126953125, 0.2706582844257355, 0.2750589847564697, 0.2676047682762146, 0.26992183923721313], "val_accuracy": [0.9115999937057495, 0.9171000123023987, 0.9189000129699707, 0.9214000105857849, 0.923799991607666, 0.9217000007629395, 0.9254999756813049, 0.9229999780654907, 0.9241999983787537, 0.9236999750137329]}