{"loss": [0.48289307951927185, 0.3379974663257599, 0.31491270661354065, 0.3029775619506836, 0.2949383556842804, 0.2891792356967926, 0.28497564792633057, 0.2813345789909363, 0.2785748839378357, 0.27609866857528687], "accuracy": [0.8708500266075134, 0.9052000045776367, 0.9116500020027161, 0.9152666926383972, 0.9175166487693787, 0.9199666380882263, 0.9203333258628845, 0.9209666848182678, 0.9224166870117188, 0.9228333234786987], "val_loss": [0.3371588885784149, 0.31044313311576843, 0.29906508326530457, 0.2878282368183136, 0.28148698806762695, 0.2812279760837555, 0.279506653547287, 0.2768653929233551, 0.27806803584098816, 0.2725549638271332], "val_accuracy": [0.9086999893188477, 0.9136999845504761, 0.9164999723434448, 0.917900025844574, 0.919700026512146, 0.9211000204086304, 0.9218999743461609, 0.9221000075340271, 0.9226999878883362, 0.9223999977111816]}