{"loss": [1.7335562705993652, 0.9957265257835388, 0.7219662070274353, 0.5997610688209534, 0.5309276580810547, 0.4864855110645294, 0.4550855755805969, 0.4316476285457611, 0.41331952810287476, 0.3984406590461731], "accuracy": [0.5608999729156494, 0.7985166907310486, 0.838699996471405, 0.8554499745368958, 0.8653666377067566, 0.8731333613395691, 0.8794000148773193, 0.883983314037323, 0.8877500295639038, 0.8906999826431274], "val_loss": [1.2324309349060059, 0.7949289679527283, 0.6240406036376953, 0.5359994173049927, 0.4824262261390686, 0.4463537037372589, 0.420073926448822, 0.40002870559692383, 0.38407471776008606, 0.37147682905197144], "val_accuracy": [0.7712000012397766, 0.8377000093460083, 0.861299991607666, 0.8744000196456909, 0.8823999762535095, 0.8880000114440918, 0.8901000022888184, 0.8960999846458435, 0.8984000086784363, 0.8992000222206116]}