{"loss": [0.18754883110523224, 0.05985693633556366, 0.03984840214252472, 0.025898033753037453, 0.017131686210632324, 0.01217054482549429, 0.008842534385621548, 0.006065459921956062, 0.006557750515639782, 0.0045494381338357925, 0.004489360377192497, 0.003859487362205982, 0.0012649425771087408, 0.0021111092064529657, 0.0044433921575546265, 0.002947361208498478, 0.0024600301403552294, 0.001871708082035184, 0.001756604528054595, 0.0018639396876096725], "accuracy": [0.9448833465576172, 0.9822333455085754, 0.9879833459854126, 0.9918833374977112, 0.9946500062942505, 0.9964166879653931, 0.9971333146095276, 0.9982500076293945, 0.997866690158844, 0.9986833333969116, 0.9985499978065491, 0.9987833499908447, 0.9997000098228455, 0.9993500113487244, 0.9985666871070862, 0.9989833235740662, 0.9991333484649658, 0.9994000196456909, 0.9994833469390869, 0.9994166493415833], "val_loss": [0.07699316740036011, 0.05878617987036705, 0.04417809098958969, 0.03677745535969734, 0.04416042938828468, 0.04058532416820526, 0.042146869003772736, 0.046009842306375504, 0.03912893310189247, 0.04868149757385254, 0.04853086546063423, 0.04153115674853325, 0.049805786460638046, 0.048503585159778595, 0.05833408236503601, 0.053483955562114716, 0.058696258813142776, 0.05300507694482803, 0.06590686738491058, 0.06116804853081703], "val_accuracy": [0.9763000011444092, 0.9793000221252441, 0.9843999743461609, 0.9865999817848206, 0.9855999946594238, 0.9868999719619751, 0.9872000217437744, 0.9873999953269958, 0.9878000020980835, 0.9871000051498413, 0.9876999855041504, 0.9889000058174133, 0.9868999719619751, 0.9879999756813049, 0.9855999946594238, 0.9873999953269958, 0.9860000014305115, 0.9873999953269958, 0.9861000180244446, 0.9876999855041504]}