{"loss": [0.15050822496414185, 0.052267879247665405, 0.03346068784594536, 0.020419297739863396, 0.014214119873940945, 0.011114189401268959, 0.008066161535680294, 0.007021985482424498, 0.004269540775567293, 0.004850866738706827, 0.004311582539230585, 0.003987034782767296, 0.004442141856998205, 0.003971312660723925, 0.002167557831853628, 0.004573335871100426, 0.0014636821579188108, 0.002772619714960456, 0.0022240481339395046, 0.0016404115594923496], "accuracy": [0.9548333287239075, 0.9839333295822144, 0.9894499778747559, 0.993483304977417, 0.9955000281333923, 0.9964166879653931, 0.9972500205039978, 0.9979333281517029, 0.9985833168029785, 0.9983833432197571, 0.9985499978065491, 0.9987833499908447, 0.9986333250999451, 0.9985666871070862, 0.9993166923522949, 0.9984999895095825, 0.9995499849319458, 0.9990833401679993, 0.9991666674613953, 0.9994000196456909], "val_loss": [0.055582329630851746, 0.0457751490175724, 0.04176514595746994, 0.04229256510734558, 0.03895559161901474, 0.04050801321864128, 0.0427091009914875, 0.04535594955086708, 0.06001294031739235, 0.05098339542746544, 0.05099940299987793, 0.06187473610043526, 0.056272346526384354, 0.07120248675346375, 0.07140975445508957, 0.06603854149580002, 0.06530087441205978, 0.06751134246587753, 0.07191084325313568, 0.07544844597578049], "val_accuracy": [0.9818000197410583, 0.984499990940094, 0.9865999817848206, 0.9868999719619751, 0.9876999855041504, 0.9883000254631042, 0.9882000088691711, 0.988099992275238, 0.9847999811172485, 0.9883000254631042, 0.9872000217437744, 0.9868000149726868, 0.9882000088691711, 0.9869999885559082, 0.9860000014305115, 0.9855999946594238, 0.9876000285148621, 0.9876000285148621, 0.9868000149726868, 0.9868999719619751]}