{"loss": [0.500641405582428, 0.3116045594215393, 0.29130467772483826, 0.28207555413246155, 0.2765377163887024, 0.27229902148246765, 0.2696019113063812, 0.2677258551120758, 0.2666376233100891, 0.2654184103012085], "accuracy": [0.8709166646003723, 0.9133333563804626, 0.9189833402633667, 0.9219499826431274, 0.9233333468437195, 0.9253000020980835, 0.9272833466529846, 0.927649974822998, 0.928600013256073, 0.928766667842865], "val_loss": [0.3165549635887146, 0.288936048746109, 0.27860525250434875, 0.27809953689575195, 0.27656981348991394, 0.27598467469215393, 0.2751830816268921, 0.27580347657203674, 0.27391934394836426, 0.2806268632411957], "val_accuracy": [0.911899983882904, 0.9193000197410583, 0.9229999780654907, 0.9232000112533569, 0.9240999817848206, 0.9262999892234802, 0.9279000163078308, 0.927299976348877, 0.9271000027656555, 0.9259999990463257]}