{"loss": [0.43636640906333923, 0.30268195271492004, 0.2901030480861664, 0.2840368449687958, 0.28121837973594666, 0.2800351679325104, 0.27920767664909363, 0.27811112999916077, 0.2789704501628876, 0.27830713987350464], "accuracy": [0.8836666941642761, 0.916783332824707, 0.9206333160400391, 0.9233166575431824, 0.925083339214325, 0.9266499876976013, 0.9276166558265686, 0.9278833270072937, 0.9278666377067566, 0.9287833571434021], "val_loss": [0.3001992404460907, 0.28448113799095154, 0.28393346071243286, 0.2828589081764221, 0.291414737701416, 0.28917598724365234, 0.28731009364128113, 0.2928104102611542, 0.2935280203819275, 0.2958788275718689], "val_accuracy": [0.914900004863739, 0.9223999977111816, 0.9223999977111816, 0.9246000051498413, 0.9225999712944031, 0.9269999861717224, 0.9253000020980835, 0.9261000156402588, 0.925599992275238, 0.9254999756813049]}