{"loss": [0.1521180123090744, 0.06414101272821426, 0.05343019589781761, 0.042407501488924026, 0.037046123296022415, 0.034469787031412125, 0.03036997839808464, 0.028409374877810478, 0.0265343114733696, 0.02819061279296875, 0.02175510860979557, 0.020348450168967247, 0.017458265647292137, 0.016332687810063362, 0.014484238810837269, 0.014778233133256435, 0.012609047815203667, 0.011488310061395168, 0.009060513228178024, 0.012039375491440296], "accuracy": [0.9543333053588867, 0.9814500212669373, 0.9852666854858398, 0.9886666536331177, 0.9903666377067566, 0.9915000200271606, 0.992816686630249, 0.9929166436195374, 0.9938333630561829, 0.9939333200454712, 0.9952666759490967, 0.9962000250816345, 0.9964333176612854, 0.9967833161354065, 0.9974666833877563, 0.9973166584968567, 0.9979000091552734, 0.9980499744415283, 0.9983333349227905, 0.9980999827384949], "val_loss": [0.07472489774227142, 0.06369028985500336, 0.06285153329372406, 0.08573097735643387, 0.08393042534589767, 0.11395544558763504, 0.13526102900505066, 0.09320798516273499, 0.13589000701904297, 0.14033600687980652, 0.23190820217132568, 0.17521655559539795, 0.21496976912021637, 0.2071380615234375, 0.23487551510334015, 0.34750139713287354, 0.3395371437072754, 0.22540298104286194, 0.3581327199935913, 0.37823474407196045], "val_accuracy": [0.9771999716758728, 0.9818000197410583, 0.9811999797821045, 0.9764999747276306, 0.9789999723434448, 0.9825999736785889, 0.9822999835014343, 0.9825999736785889, 0.9828000068664551, 0.9830999970436096, 0.9800999760627747, 0.9836999773979187, 0.9800999760627747, 0.9817000031471252, 0.9846000075340271, 0.9839000105857849, 0.9764999747276306, 0.9840999841690063, 0.9797999858856201, 0.9799000024795532]}